slip_bp,symbol,expiry,goldm_expiry,entry,exit,side,entry_prem_bp,exit_prem_bp,days_held,gross_rs,cost_rs,net_rs,test,strategy,entry_spread_bp,exit_spread_bp,gold_move_40g_rs
0,GOLDGUINEA,2016-11-30,2016-12-05,2016-11-14,2016-11-23,sell X / buy GOLDM,125.6,80.7,9,6634.326112489543,297.4933996033011,6336.832712886242,test3,C (retrained),,,
0,GOLDGUINEA,2016-12-30,2017-01-05,2016-12-16,2016-12-23,sell X / buy GOLDM,172.9,135.5,7,1664.1059377079728,283.4380925279045,1380.6678451800683,test3,C (retrained),,,
0,GOLDGUINEA,2017-06-30,2017-07-05,2017-05-22,2017-06-06,sell X / buy GOLDM,131.5,38.9,15,5751.0812298781275,295.9384934415498,5455.142736436577,test3,C (retrained),,,
0,GOLDGUINEA,2017-07-31,2017-08-04,2017-07-10,2017-07-17,sell X / buy GOLDM,131.5,-7.6,7,9475.445587818285,287.94184197426296,9187.503745844022,test3,C (retrained),,,
0,GOLDGUINEA,2019-02-28,2019-03-05,2019-01-30,2019-02-08,buy X / sell GOLDM,-173.8,-55.1,9,7835.052759173323,320.4221640179086,7514.630595155414,test3,C (retrained),,,
0,GOLDPETAL,2016-01-29,2016-02-05,2016-01-08,2016-01-22,buy X / sell GOLDM,-171.0,-103.9,14,1417.728273188095,272.64566514104695,1145.082608047048,test3,C (retrained),,,
0,GOLDPETAL,2016-02-29,2016-03-04,2016-02-09,2016-02-22,buy X / sell GOLDM,-133.8,-89.9,13,1837.5428752327934,290.39310193321705,1547.1497732995763,test3,C (retrained),,,
0,GOLDPETAL,2016-11-30,2016-12-05,2016-11-14,2016-11-23,sell X / buy GOLDM,223.3,246.1,9,2878.493529296611,298.67191901677313,2579.821610279838,test3,C (retrained),,,
0,GOLDPETAL,2016-12-30,2017-01-05,2016-12-16,2016-12-23,sell X / buy GOLDM,190.7,166.1,7,1506.1129687849643,283.66574925333964,1222.4472195316248,test3,C (retrained),,,
0,GOLDPETAL,2017-07-31,2017-08-04,2017-07-10,2017-07-14,sell X / buy GOLDM,112.5,33.9,4,5930.256255358199,287.4031268572096,5642.853128500989,test3,C (retrained),,,
0,GOLDPETAL,2017-08-31,2017-09-05,2017-08-14,2017-08-24,buy X / sell GOLDM,-136.3,-139.8,10,-384.29403027121225,293.0395078036979,-677.3335380749102,test3,C (retrained),,,
0,GOLDPETAL,2019-07-31,2019-08-05,2019-06-24,2019-07-09,buy X / sell GOLDM,-162.1,-174.3,15,-72.24579735102452,329.46625790104406,-401.7120552520686,test3,C (retrained),,,
0,GOLDPETAL,2019-11-29,2019-12-05,2019-11-06,2019-11-21,sell X / buy GOLDM,120.0,183.5,15,-3625.515397101208,358.9097334329719,-3984.4251305341795,test3,C (retrained),,,
5,GOLDGUINEA,2016-11-30,2016-12-05,2016-11-14,2016-11-23,sell X / buy GOLDM,125.6,80.7,9,6634.326112489543,1477.2748477117323,5157.051264777811,test3,C (retrained),,,
5,GOLDGUINEA,2016-12-30,2017-01-05,2016-12-16,2016-12-23,sell X / buy GOLDM,172.9,135.5,7,1664.1059377079728,1382.6210165064765,281.48492120149626,test3,C (retrained),,,
5,GOLDGUINEA,2017-06-30,2017-07-05,2017-05-22,2017-06-06,sell X / buy GOLDM,131.5,38.9,15,5751.0812298781275,1466.8810841369586,4284.200145741169,test3,C (retrained),,,
5,GOLDGUINEA,2017-07-31,2017-08-04,2017-07-10,2017-07-17,sell X / buy GOLDM,131.5,-7.6,7,9475.445587818285,1411.5041043681106,8063.941483450175,test3,C (retrained),,,
5,GOLDGUINEA,2019-02-28,2019-03-05,2019-01-30,2019-02-08,buy X / sell GOLDM,-173.8,-55.1,9,7835.052759173323,1633.2930452856008,6201.759713887722,test3,C (retrained),,,
5,GOLDPETAL,2016-01-29,2016-02-05,2016-01-08,2016-01-22,buy X / sell GOLDM,-171.0,-103.9,14,1417.728273188095,1309.1100439807365,108.61822920735858,test3,C (retrained),,,
5,GOLDPETAL,2016-02-29,2016-03-04,2016-02-09,2016-02-22,buy X / sell GOLDM,-133.8,-89.9,13,1837.5428752327934,1429.9905904058073,407.5522848269861,test3,C (retrained),,,
5,GOLDPETAL,2016-11-30,2016-12-05,2016-11-14,2016-11-23,sell X / buy GOLDM,223.3,246.1,9,2878.493529296611,1486.1822684560543,1392.3112608405568,test3,C (retrained),,,
5,GOLDPETAL,2016-12-30,2017-01-05,2016-12-16,2016-12-23,sell X / buy GOLDM,190.7,166.1,7,1506.1129687849643,1384.2096344010142,121.9033343839501,test3,C (retrained),,,
5,GOLDPETAL,2017-07-31,2017-08-04,2017-07-10,2017-07-14,sell X / buy GOLDM,112.5,33.9,4,5930.256255358199,1408.6567134497832,4521.599541908416,test3,C (retrained),,,
5,GOLDPETAL,2017-08-31,2017-09-05,2017-08-14,2017-08-24,buy X / sell GOLDM,-136.3,-139.8,10,-384.29403027121225,1448.5471832626831,-1832.8412135338954,test3,C (retrained),,,
5,GOLDPETAL,2019-07-31,2019-08-05,2019-06-24,2019-07-09,buy X / sell GOLDM,-162.1,-174.3,15,-72.24579735102452,1696.783310791563,-1769.0291081425876,test3,C (retrained),,,
5,GOLDPETAL,2019-11-29,2019-12-05,2019-11-06,2019-11-21,sell X / buy GOLDM,120.0,183.5,15,-3625.515397101208,1898.3161669419057,-5523.831564043114,test3,C (retrained),,,
10,GOLDGUINEA,2016-11-30,2016-12-05,2016-11-14,2016-11-23,sell X / buy GOLDM,125.6,80.7,9,6634.326112489543,2657.0562958201635,3977.26981666938,test3,C (retrained),,,
10,GOLDGUINEA,2016-12-30,2017-01-05,2016-12-16,2016-12-23,sell X / buy GOLDM,172.9,135.5,7,1664.1059377079728,2481.8039404850488,-817.698002777076,test3,C (retrained),,,
10,GOLDGUINEA,2017-06-30,2017-07-05,2017-05-22,2017-06-06,sell X / buy GOLDM,131.5,38.9,15,5751.0812298781275,2637.8236748323675,3113.25755504576,test3,C (retrained),,,
10,GOLDGUINEA,2017-07-31,2017-08-04,2017-07-10,2017-07-17,sell X / buy GOLDM,131.5,-7.6,7,9475.445587818285,2535.0663667619583,6940.379221056327,test3,C (retrained),,,
10,GOLDGUINEA,2019-02-28,2019-03-05,2019-01-30,2019-02-08,buy X / sell GOLDM,-173.8,-55.1,9,7835.052759173323,2946.1639265532926,4888.88883262003,test3,C (retrained),,,
10,GOLDPETAL,2016-01-29,2016-02-05,2016-01-08,2016-01-22,buy X / sell GOLDM,-171.0,-103.9,14,1417.728273188095,2345.574422820426,-927.8461496323312,test3,C (retrained),,,
10,GOLDPETAL,2016-02-29,2016-03-04,2016-02-09,2016-02-22,buy X / sell GOLDM,-133.8,-89.9,13,1837.5428752327934,2569.588078878398,-732.0452036456045,test3,C (retrained),,,
10,GOLDPETAL,2016-11-30,2016-12-05,2016-11-14,2016-11-23,sell X / buy GOLDM,223.3,246.1,9,2878.493529296611,2673.6926178953354,204.8009114012757,test3,C (retrained),,,
10,GOLDPETAL,2016-12-30,2017-01-05,2016-12-16,2016-12-23,sell X / buy GOLDM,190.7,166.1,7,1506.1129687849643,2484.753519548689,-978.6405507637246,test3,C (retrained),,,
10,GOLDPETAL,2017-07-31,2017-08-04,2017-07-10,2017-07-14,sell X / buy GOLDM,112.5,33.9,4,5930.256255358199,2529.9103000423565,3400.3459553158427,test3,C (retrained),,,
10,GOLDPETAL,2017-08-31,2017-09-05,2017-08-14,2017-08-24,buy X / sell GOLDM,-136.3,-139.8,10,-384.29403027121225,2604.054858721668,-2988.3488889928803,test3,C (retrained),,,
10,GOLDPETAL,2019-07-31,2019-08-05,2019-06-24,2019-07-09,buy X / sell GOLDM,-162.1,-174.3,15,-72.24579735102452,3064.1003636820824,-3136.346161033107,test3,C (retrained),,,
10,GOLDPETAL,2019-11-29,2019-12-05,2019-11-06,2019-11-21,sell X / buy GOLDM,120.0,183.5,15,-3625.515397101208,3437.7226004508393,-7063.237997552047,test3,C (retrained),,,
0,GOLDGUINEA,2016-11-30,2016-12-05,2016-11-11,2016-11-23,sell X / buy GOLDM,204.3,80.7,12,5487.232137988485,298.1640143341239,5189.068123654361,test3,B (as frozen),,,
0,GOLDGUINEA,2016-12-30,2017-01-05,2016-12-09,2016-12-23,sell X / buy GOLDM,185.9,135.5,14,518.6080785674676,285.17792361268215,233.43015495478545,test3,B (as frozen),,,
0,GOLDGUINEA,2017-01-31,2017-02-03,2017-01-11,2017-01-24,sell X / buy GOLDM,128.4,314.1,13,-6221.733681750175,292.8158310585142,-6514.549512808689,test3,B (as frozen),,,
0,GOLDGUINEA,2017-02-28,2017-03-03,2017-01-27,2017-02-21,sell X / buy GOLDM,215.2,132.9,25,4824.507522934891,294.443295595527,4530.064227339364,test3,B (as frozen),,,
0,GOLDGUINEA,2017-03-31,2017-04-05,2017-03-07,2017-03-24,sell X / buy GOLDM,166.3,170.1,17,-853.8434700894868,294.5654045323852,-1148.408874621872,test3,B (as frozen),,,
0,GOLDGUINEA,2017-04-28,2017-05-05,2017-03-31,2017-04-21,sell X / buy GOLDM,119.7,7.7,21,5737.857845509734,295.1326504371945,5442.7251950725395,test3,B (as frozen),,,
0,GOLDGUINEA,2017-05-31,2017-06-05,2017-05-02,2017-05-24,sell X / buy GOLDM,140.2,256.1,22,-6741.8080603904855,293.6065349432038,-7035.414595333689,test3,B (as frozen),,,
0,GOLDGUINEA,2017-06-30,2017-07-05,2017-05-26,2017-06-23,sell X / buy GOLDM,116.2,266.1,28,-5946.002512888663,294.3245944622505,-6240.327107350913,test3,B (as frozen),,,
0,GOLDGUINEA,2017-07-31,2017-08-04,2017-06-27,2017-07-19,sell X / buy GOLDM,181.5,-49.5,22,12708.66487717476,291.434813014629,12417.230064160132,test3,B (as frozen),,,
0,GOLDGUINEA,2019-02-28,2019-03-05,2019-01-29,2019-02-13,buy X / sell GOLDM,-178.0,-17.4,15,10017.250168534429,319.44821803903915,9697.80195049539,test3,B (as frozen),,,
0,GOLDPETAL,2016-01-29,2016-02-05,2016-01-08,2016-01-22,buy X / sell GOLDM,-171.0,-103.9,14,1417.728273188095,272.64566514104695,1145.082608047048,test3,B (as frozen),,,
0,GOLDPETAL,2016-02-29,2016-03-04,2016-02-02,2016-02-22,buy X / sell GOLDM,-134.3,-89.9,20,2481.0141798762743,285.6221352116888,2195.3920446645852,test3,B (as frozen),,,
0,GOLDPETAL,2016-11-30,2016-12-05,2016-11-11,2016-11-23,sell X / buy GOLDM,308.9,246.1,12,591.3837406374114,299.1989373556446,292.1848032817668,test3,B (as frozen),,,
0,GOLDPETAL,2016-12-30,2017-01-05,2016-12-01,2016-12-23,sell X / buy GOLDM,204.9,166.1,22,570.3095613686855,286.99694968873615,283.3126116799494,test3,B (as frozen),,,
0,GOLDPETAL,2017-05-31,2017-06-05,2017-05-08,2017-05-24,sell X / buy GOLDM,182.9,139.7,16,2716.291259112586,291.8864068997061,2424.4048522128796,test3,B (as frozen),,,
0,GOLDPETAL,2017-06-30,2017-07-05,2017-06-16,2017-06-23,sell X / buy GOLDM,222.2,195.6,7,2704.0663926850357,293.9721474994319,2410.0942451856035,test3,B (as frozen),,,
0,GOLDPETAL,2017-07-31,2017-08-04,2017-07-04,2017-07-18,sell X / buy GOLDM,202.2,3.0,14,11373.505815475983,290.14416699010826,11083.361648485874,test3,B (as frozen),,,
0,GOLDPETAL,2017-08-31,2017-09-05,2017-08-14,2017-08-24,buy X / sell GOLDM,-136.3,-139.8,10,-384.29403027121225,293.0395078036979,-677.3335380749102,test3,B (as frozen),,,
0,GOLDPETAL,2017-09-29,2017-10-05,2017-08-29,2017-09-22,buy X / sell GOLDM,-123.6,-116.9,24,2628.61385713004,297.81755526423325,2330.7963018658065,test3,B (as frozen),,,
0,GOLDPETAL,2019-07-31,2019-08-05,2019-06-24,2019-07-24,buy X / sell GOLDM,-162.1,-70.7,30,5300.817085049221,332.1164467500631,4968.700638299158,test3,B (as frozen),,,
0,GOLDPETAL,2019-11-29,2019-12-05,2019-11-06,2019-11-22,sell X / buy GOLDM,120.0,227.2,16,-2030.411026373622,358.6967969365131,-2389.1078233101352,test3,B (as frozen),,,
0,GOLDPETAL,2019-12-31,2020-01-03,2019-11-27,2019-12-24,sell X / buy GOLDM,181.6,-169.2,27,21997.998643977462,357.97296459506106,21640.0256793824,test3,B (as frozen),,,
5,GOLDGUINEA,2016-11-30,2016-12-05,2016-11-11,2016-11-23,sell X / buy GOLDM,204.3,80.7,12,5487.232137988485,1482.113089768072,4005.119048220413,test3,B (as frozen),,,
5,GOLDGUINEA,2016-12-30,2017-01-05,2016-12-09,2016-12-23,sell X / buy GOLDM,185.9,135.5,14,518.6080785674676,1394.747370387574,-876.1392918201063,test3,B (as frozen),,,
5,GOLDGUINEA,2017-01-31,2017-02-03,2017-01-11,2017-01-24,sell X / buy GOLDM,128.4,314.1,13,-6221.733681750175,1448.3806309990923,-7670.114312749267,test3,B (as frozen),,,
5,GOLDGUINEA,2017-02-28,2017-03-03,2017-01-27,2017-02-21,sell X / buy GOLDM,215.2,132.9,25,4824.507522934891,1456.9044129443496,3367.6031099905417,test3,B (as frozen),,,
5,GOLDGUINEA,2017-03-31,2017-04-05,2017-03-07,2017-03-24,sell X / buy GOLDM,166.3,170.1,17,-853.8434700894868,1459.0579491530734,-2312.90141924256,test3,B (as frozen),,,
5,GOLDGUINEA,2017-04-28,2017-05-05,2017-03-31,2017-04-21,sell X / buy GOLDM,119.7,7.7,21,5737.857845509734,1461.3910038770161,4276.466841632718,test3,B (as frozen),,,
5,GOLDGUINEA,2017-05-31,2017-06-05,2017-05-02,2017-05-24,sell X / buy GOLDM,140.2,256.1,22,-6741.8080603904855,1453.891593491479,-8195.699653881964,test3,B (as frozen),,,
5,GOLDGUINEA,2017-06-30,2017-07-05,2017-05-26,2017-06-23,sell X / buy GOLDM,116.2,266.1,28,-5946.002512888663,1458.601203133528,-7404.603716022191,test3,B (as frozen),,,
5,GOLDGUINEA,2017-07-31,2017-08-04,2017-06-27,2017-07-19,sell X / buy GOLDM,181.5,-49.5,22,12708.66487717476,1434.562235185069,11274.102641989692,test3,B (as frozen),,,
5,GOLDGUINEA,2019-02-28,2019-03-05,2019-01-29,2019-02-13,buy X / sell GOLDM,-178.0,-17.4,15,10017.250168534429,1626.1462638295097,8391.10390470492,test3,B (as frozen),,,
5,GOLDPETAL,2016-01-29,2016-02-05,2016-01-08,2016-01-22,buy X / sell GOLDM,-171.0,-103.9,14,1417.728273188095,1309.1100439807365,108.61822920735858,test3,B (as frozen),,,
5,GOLDPETAL,2016-02-29,2016-03-04,2016-02-02,2016-02-22,buy X / sell GOLDM,-134.3,-89.9,20,2481.0141798762743,1397.31882346491,1083.6953564113642,test3,B (as frozen),,,
5,GOLDPETAL,2016-11-30,2016-12-05,2016-11-11,2016-11-23,sell X / buy GOLDM,308.9,246.1,12,591.3837406374114,1490.3069062133638,-898.9231655759525,test3,B (as frozen),,,
5,GOLDPETAL,2016-12-30,2017-01-05,2016-12-01,2016-12-23,sell X / buy GOLDM,204.9,166.1,22,570.3095613686855,1407.135021502844,-836.8254601341584,test3,B (as frozen),,,
5,GOLDPETAL,2017-05-31,2017-06-05,2017-05-08,2017-05-24,sell X / buy GOLDM,182.9,139.7,16,2716.291259112586,1439.9654858279382,1276.3257732846478,test3,B (as frozen),,,
5,GOLDPETAL,2017-06-30,2017-07-05,2017-06-16,2017-06-23,sell X / buy GOLDM,222.2,195.6,7,2704.0663926850357,1454.1861123884764,1249.8802802965592,test3,B (as frozen),,,
5,GOLDPETAL,2017-07-31,2017-08-04,2017-07-04,2017-07-18,sell X / buy GOLDM,202.2,3.0,14,11373.505815475983,1426.0749880550761,9947.430827420907,test3,B (as frozen),,,
5,GOLDPETAL,2017-08-31,2017-09-05,2017-08-14,2017-08-24,buy X / sell GOLDM,-136.3,-139.8,10,-384.29403027121225,1448.5471832626831,-1832.8412135338954,test3,B (as frozen),,,
5,GOLDPETAL,2017-09-29,2017-10-05,2017-08-29,2017-09-22,buy X / sell GOLDM,-123.6,-116.9,24,2628.61385713004,1480.4165007618371,1148.1973563682027,test3,B (as frozen),,,
5,GOLDPETAL,2019-07-31,2019-08-05,2019-06-24,2019-07-24,buy X / sell GOLDM,-162.1,-70.7,30,5300.817085049221,1713.5986132615865,3587.2184717876344,test3,B (as frozen),,,
5,GOLDPETAL,2019-11-29,2019-12-05,2019-11-06,2019-11-22,sell X / buy GOLDM,120.0,227.2,16,-2030.411026373622,1896.493524353731,-3926.904550727353,test3,B (as frozen),,,
5,GOLDPETAL,2019-12-31,2020-01-03,2019-11-27,2019-12-24,sell X / buy GOLDM,181.6,-169.2,27,21997.998643977462,1885.9688036440484,20112.029840333413,test3,B (as frozen),,,
10,GOLDGUINEA,2016-11-30,2016-12-05,2016-11-11,2016-11-23,sell X / buy GOLDM,204.3,80.7,12,5487.232137988485,2666.062165202021,2821.1699727864643,test3,B (as frozen),,,
10,GOLDGUINEA,2016-12-30,2017-01-05,2016-12-09,2016-12-23,sell X / buy GOLDM,185.9,135.5,14,518.6080785674676,2504.316817162466,-1985.7087385949985,test3,B (as frozen),,,
10,GOLDGUINEA,2017-01-31,2017-02-03,2017-01-11,2017-01-24,sell X / buy GOLDM,128.4,314.1,13,-6221.733681750175,2603.9454309396706,-8825.679112689846,test3,B (as frozen),,,
10,GOLDGUINEA,2017-02-28,2017-03-03,2017-01-27,2017-02-21,sell X / buy GOLDM,215.2,132.9,25,4824.507522934891,2619.365530293172,2205.1419926417193,test3,B (as frozen),,,
10,GOLDGUINEA,2017-03-31,2017-04-05,2017-03-07,2017-03-24,sell X / buy GOLDM,166.3,170.1,17,-853.8434700894868,2623.5504937737624,-3477.393963863249,test3,B (as frozen),,,
10,GOLDGUINEA,2017-04-28,2017-05-05,2017-03-31,2017-04-21,sell X / buy GOLDM,119.7,7.7,21,5737.857845509734,2627.6493573168377,3110.2084881928963,test3,B (as frozen),,,
10,GOLDGUINEA,2017-05-31,2017-06-05,2017-05-02,2017-05-24,sell X / buy GOLDM,140.2,256.1,22,-6741.8080603904855,2614.176652039754,-9355.98471243024,test3,B (as frozen),,,
10,GOLDGUINEA,2017-06-30,2017-07-05,2017-05-26,2017-06-23,sell X / buy GOLDM,116.2,266.1,28,-5946.002512888663,2622.8778118048053,-8568.880324693468,test3,B (as frozen),,,
10,GOLDGUINEA,2017-07-31,2017-08-04,2017-06-27,2017-07-19,sell X / buy GOLDM,181.5,-49.5,22,12708.66487717476,2577.689657355509,10130.975219819251,test3,B (as frozen),,,
10,GOLDGUINEA,2019-02-28,2019-03-05,2019-01-29,2019-02-13,buy X / sell GOLDM,-178.0,-17.4,15,10017.250168534429,2932.8443096199803,7084.405858914448,test3,B (as frozen),,,
10,GOLDPETAL,2016-01-29,2016-02-05,2016-01-08,2016-01-22,buy X / sell GOLDM,-171.0,-103.9,14,1417.728273188095,2345.574422820426,-927.8461496323312,test3,B (as frozen),,,
10,GOLDPETAL,2016-02-29,2016-03-04,2016-02-02,2016-02-22,buy X / sell GOLDM,-134.3,-89.9,20,2481.0141798762743,2509.015511718131,-28.00133184185688,test3,B (as frozen),,,
10,GOLDPETAL,2016-11-30,2016-12-05,2016-11-11,2016-11-23,sell X / buy GOLDM,308.9,246.1,12,591.3837406374114,2681.414875071083,-2090.0311344336715,test3,B (as frozen),,,
10,GOLDPETAL,2016-12-30,2017-01-05,2016-12-01,2016-12-23,sell X / buy GOLDM,204.9,166.1,22,570.3095613686855,2527.2730933169514,-1956.9635319482659,test3,B (as frozen),,,
10,GOLDPETAL,2017-05-31,2017-06-05,2017-05-08,2017-05-24,sell X / buy GOLDM,182.9,139.7,16,2716.291259112586,2588.04456475617,128.2466943564159,test3,B (as frozen),,,
10,GOLDPETAL,2017-06-30,2017-07-05,2017-06-16,2017-06-23,sell X / buy GOLDM,222.2,195.6,7,2704.0663926850357,2614.400077277521,89.6663154075145,test3,B (as frozen),,,
10,GOLDPETAL,2017-07-31,2017-08-04,2017-07-04,2017-07-18,sell X / buy GOLDM,202.2,3.0,14,11373.505815475983,2562.005809120044,8811.500006355938,test3,B (as frozen),,,
10,GOLDPETAL,2017-08-31,2017-09-05,2017-08-14,2017-08-24,buy X / sell GOLDM,-136.3,-139.8,10,-384.29403027121225,2604.054858721668,-2988.3488889928803,test3,B (as frozen),,,
10,GOLDPETAL,2017-09-29,2017-10-05,2017-08-29,2017-09-22,buy X / sell GOLDM,-123.6,-116.9,24,2628.61385713004,2663.015446259441,-34.401589129401145,test3,B (as frozen),,,
10,GOLDPETAL,2019-07-31,2019-08-05,2019-06-24,2019-07-24,buy X / sell GOLDM,-162.1,-70.7,30,5300.817085049221,3095.0807797731095,2205.736305276111,test3,B (as frozen),,,
10,GOLDPETAL,2019-11-29,2019-12-05,2019-11-06,2019-11-22,sell X / buy GOLDM,120.0,227.2,16,-2030.411026373622,3434.2902517709485,-5464.70127814457,test3,B (as frozen),,,
10,GOLDPETAL,2019-12-31,2020-01-03,2019-11-27,2019-12-24,sell X / buy GOLDM,181.6,-169.2,27,21997.998643977462,3413.9646426930353,18584.034001284428,test3,B (as frozen),,,
0,GOLDGUINEA-GOLDPETAL,2016-01-29,,2016-01-04,2016-01-21,short a/long b,,,17,-150.15015015016616,129.65996596596597,-279.8101161161321,test3,A (as frozen),88.0,100.2,2757.757757757772
5,GOLDGUINEA-GOLDPETAL,2016-01-29,,2016-01-04,2016-01-21,short a/long b,,,17,-150.15015015016616,334.79009609609614,-484.9402462462623,test3,A (as frozen),88.0,100.2,2757.757757757772
10,GOLDGUINEA-GOLDPETAL,2016-01-29,,2016-01-04,2016-01-21,short a/long b,,,17,-150.15015015016616,539.9202262262262,-690.0703763763923,test3,A (as frozen),88.0,100.2,2757.757757757772
0,GOLDGUINEA-GOLDPETAL,2016-02-29,,2016-01-08,2016-01-21,short a/long b,,,13,185.1851851851461,130.20127187187188,54.98391331327423,test3,A (as frozen),116.3,97.7,708.2082082082343
0,GOLDGUINEA-GOLDPETAL,2016-02-29,,2016-01-28,2016-02-09,long a/short b,,,12,40.04004004005765,132.0519095095095,-92.01186946945185,test3,A (as frozen),82.9,81.7,6546.546546546542
5,GOLDGUINEA-GOLDPETAL,2016-02-29,,2016-01-08,2016-01-21,short a/long b,,,13,185.1851851851461,338.40197257257256,-153.21678738742645,test3,A (as frozen),116.3,97.7,708.2082082082343
5,GOLDGUINEA-GOLDPETAL,2016-02-29,,2016-01-28,2016-02-09,long a/short b,,,12,40.04004004005765,351.0509085085085,-311.01086846845084,test3,A (as frozen),82.9,81.7,6546.546546546542
10,GOLDGUINEA-GOLDPETAL,2016-02-29,,2016-01-08,2016-01-21,short a/long b,,,13,185.1851851851461,546.6026732732732,-361.41748808812713,test3,A (as frozen),116.3,97.7,708.2082082082343
10,GOLDGUINEA-GOLDPETAL,2016-02-29,,2016-01-28,2016-02-09,long a/short b,,,12,40.04004004005765,570.0499075075074,-530.0098674674498,test3,A (as frozen),82.9,81.7,6546.546546546542
0,GOLDGUINEA-GOLDPETAL,2016-03-31,,2016-02-04,2016-02-29,long a/short b,,,25,-520.5205205204948,133.44064224224226,-653.961162762737,test3,A (as frozen),73.3,23.7,8828.82882882881
0,GOLDGUINEA-GOLDPETAL,2016-03-31,,2016-03-03,2016-03-11,short a/long b,,,8,-125.12512512510511,135.16834414414416,-260.2934692692493,test3,A (as frozen),63.0,73.3,342.84284284285604
0,GOLDGUINEA-GOLDPETAL,2016-03-31,,2016-03-24,2016-03-28,short a/long b,,,4,-190.19019019016923,133.8032024024024,-323.99339259257164,test3,A (as frozen),48.5,65.0,135.13513513511498
5,GOLDGUINEA-GOLDPETAL,2016-03-31,,2016-02-04,2016-02-29,long a/short b,,,25,-520.5205205204948,360.6478494494495,-881.1683699699443,test3,A (as frozen),73.3,23.7,8828.82882882881
5,GOLDGUINEA-GOLDPETAL,2016-03-31,,2016-03-03,2016-03-11,short a/long b,,,8,-125.12512512510511,372.3330088088088,-497.4581339339139,test3,A (as frozen),63.0,73.3,342.84284284285604
5,GOLDGUINEA-GOLDPETAL,2016-03-31,,2016-03-24,2016-03-28,short a/long b,,,4,-190.19019019016923,363.0424416416417,-553.232631831811,test3,A (as frozen),48.5,65.0,135.13513513511498
10,GOLDGUINEA-GOLDPETAL,2016-03-31,,2016-02-04,2016-02-29,long a/short b,,,25,-520.5205205204948,587.8550566566566,-1108.3755771771514,test3,A (as frozen),73.3,23.7,8828.82882882881
10,GOLDGUINEA-GOLDPETAL,2016-03-31,,2016-03-03,2016-03-11,short a/long b,,,8,-125.12512512510511,609.4976734734735,-734.6227985985786,test3,A (as frozen),63.0,73.3,342.84284284285604
10,GOLDGUINEA-GOLDPETAL,2016-03-31,,2016-03-24,2016-03-28,short a/long b,,,4,-190.19019019016923,592.2816808808809,-782.4718710710501,test3,A (as frozen),48.5,65.0,135.13513513511498
0,GOLDGUINEA-GOLDPETAL,2016-04-29,,2016-03-07,2016-03-11,short a/long b,,,4,365.3653653653964,135.3282188188188,230.03714654657762,test3,A (as frozen),77.8,47.1,17.517517517499073
0,GOLDGUINEA-GOLDPETAL,2016-04-29,,2016-03-17,2016-03-29,short a/long b,,,12,115.11511511511344,134.552398998999,-19.437283883885556,test3,A (as frozen),63.5,55.1,-2900.4004004003946
0,GOLDGUINEA-GOLDPETAL,2016-04-29,,2016-04-20,2016-04-26,short a/long b,,,6,-1886.8868868868776,134.67452712712713,-2021.5614140140046,test3,A (as frozen),126.6,287.7,-217.71771771771455
5,GOLDGUINEA-GOLDPETAL,2016-04-29,,2016-03-07,2016-03-11,short a/long b,,,4,365.3653653653964,373.3086992992993,-7.9433339339028635,test3,A (as frozen),77.8,47.1,17.517517517499073
5,GOLDGUINEA-GOLDPETAL,2016-04-29,,2016-03-17,2016-03-29,short a/long b,,,12,115.11511511511344,368.078425025025,-252.96330990991157,test3,A (as frozen),63.5,55.1,-2900.4004004003946
5,GOLDGUINEA-GOLDPETAL,2016-04-29,,2016-04-20,2016-04-26,short a/long b,,,6,-1886.8868868868776,369.37672932932935,-2256.263616216207,test3,A (as frozen),126.6,287.7,-217.71771771771455
10,GOLDGUINEA-GOLDPETAL,2016-04-29,,2016-03-07,2016-03-11,short a/long b,,,4,365.3653653653964,611.2891797797798,-245.9238144143834,test3,A (as frozen),77.8,47.1,17.517517517499073
10,GOLDGUINEA-GOLDPETAL,2016-04-29,,2016-03-17,2016-03-29,short a/long b,,,12,115.11511511511344,601.604451051051,-486.48933593593756,test3,A (as frozen),63.5,55.1,-2900.4004004003946
10,GOLDGUINEA-GOLDPETAL,2016-04-29,,2016-04-20,2016-04-26,short a/long b,,,6,-1886.8868868868776,604.0789315315317,-2490.965818418409,test3,A (as frozen),126.6,287.7,-217.71771771771455
0,GOLDGUINEA-GOLDPETAL,2016-05-31,,2016-04-15,2016-05-05,short a/long b,,,20,-280.2802802802944,135.04382462462462,-415.324104904919,test3,A (as frozen),112.1,131.4,4224.224224224254
0,GOLDGUINEA-GOLDPETAL,2016-05-31,,2016-05-10,2016-05-12,short a/long b,,,2,350.35035035036344,135.67395355355353,214.6763967968099,test3,A (as frozen),141.2,111.6,385.3853853853798
0,GOLDGUINEA-GOLDPETAL,2016-05-31,,2016-05-13,2016-05-19,long a/short b,,,6,250.2502502502466,135.75083283283283,114.49941741741378,test3,A (as frozen),108.0,129.3,-515.5155155155262
5,GOLDGUINEA-GOLDPETAL,2016-05-31,,2016-04-15,2016-05-05,short a/long b,,,20,-280.2802802802944,371.5203011011011,-651.8005813813954,test3,A (as frozen),112.1,131.4,4224.224224224254
5,GOLDGUINEA-GOLDPETAL,2016-05-31,,2016-05-10,2016-05-12,short a/long b,,,2,350.35035035036344,375.66894854854854,-25.3185981981851,test3,A (as frozen),141.2,111.6,385.3853853853798
5,GOLDGUINEA-GOLDPETAL,2016-05-31,,2016-05-13,2016-05-19,long a/short b,,,6,250.2502502502466,376.2162982982983,-125.96604804805168,test3,A (as frozen),108.0,129.3,-515.5155155155262
10,GOLDGUINEA-GOLDPETAL,2016-05-31,,2016-04-15,2016-05-05,short a/long b,,,20,-280.2802802802944,607.9967775775776,-888.277057857872,test3,A (as frozen),112.1,131.4,4224.224224224254
10,GOLDGUINEA-GOLDPETAL,2016-05-31,,2016-05-10,2016-05-12,short a/long b,,,2,350.35035035036344,615.6639435435436,-265.31359319318017,test3,A (as frozen),141.2,111.6,385.3853853853798
10,GOLDGUINEA-GOLDPETAL,2016-05-31,,2016-05-13,2016-05-19,long a/short b,,,6,250.2502502502466,616.6817637637637,-366.4315135135171,test3,A (as frozen),108.0,129.3,-515.5155155155262
0,GOLDGUINEA-GOLDPETAL,2016-06-30,,2016-05-09,2016-05-10,long a/short b,,,1,-165.16516516516276,135.67613513513513,-300.8413003002979,test3,A (as frozen),134.1,120.6,-282.78278278279686
0,GOLDGUINEA-GOLDPETAL,2016-06-30,,2016-06-01,2016-06-27,long a/short b,,,26,-945.9459459459504,135.70685705705705,-1081.6528030030074,test3,A (as frozen),79.4,-2.0,8616.116116116136
5,GOLDGUINEA-GOLDPETAL,2016-06-30,,2016-05-09,2016-05-10,long a/short b,,,1,-165.16516516516276,375.80376276276274,-540.9689279279255,test3,A (as frozen),134.1,120.6,-282.78278278279686
5,GOLDGUINEA-GOLDPETAL,2016-06-30,,2016-06-01,2016-06-27,long a/short b,,,26,-945.9459459459504,376.19484504504504,-1322.1407909909954,test3,A (as frozen),79.4,-2.0,8616.116116116136
10,GOLDGUINEA-GOLDPETAL,2016-06-30,,2016-05-09,2016-05-10,long a/short b,,,1,-165.16516516516276,615.9313903903904,-781.0965555555532,test3,A (as frozen),134.1,120.6,-282.78278278279686
10,GOLDGUINEA-GOLDPETAL,2016-06-30,,2016-06-01,2016-06-27,long a/short b,,,26,-945.9459459459504,616.682833033033,-1562.6287789789835,test3,A (as frozen),79.4,-2.0,8616.116116116136
0,GOLDGUINEA-GOLDPETAL,2016-07-29,,2016-06-17,2016-06-22,long a/short b,,,5,315.3153153153107,136.12472412412413,179.1905911911866,test3,A (as frozen),31.6,58.1,-1283.7837837838015
0,GOLDGUINEA-GOLDPETAL,2016-07-29,,2016-06-24,2016-07-06,short a/long b,,,12,120.12012012011837,137.79094214214214,-17.67082202202377,test3,A (as frozen),55.3,44.8,2622.622622622621
0,GOLDGUINEA-GOLDPETAL,2016-07-29,,2016-07-07,2016-07-11,long a/short b,,,4,220.2202202202352,137.86464344344344,82.35557677679176,test3,A (as frozen),47.7,65.6,-890.8908908908961
5,GOLDGUINEA-GOLDPETAL,2016-07-29,,2016-06-17,2016-06-22,long a/short b,,,5,315.3153153153107,378.74984924924934,-63.43453393393861,test3,A (as frozen),31.6,58.1,-1283.7837837838015
5,GOLDGUINEA-GOLDPETAL,2016-07-29,,2016-06-24,2016-07-06,short a/long b,,,12,120.12012012011837,390.1533045045045,-270.0331843843861,test3,A (as frozen),55.3,44.8,2622.622622622621
5,GOLDGUINEA-GOLDPETAL,2016-07-29,,2016-07-07,2016-07-11,long a/short b,,,4,220.2202202202352,390.6324112112112,-170.412190990976,test3,A (as frozen),47.7,65.6,-890.8908908908961
10,GOLDGUINEA-GOLDPETAL,2016-07-29,,2016-06-17,2016-06-22,long a/short b,,,5,315.3153153153107,621.3749743743743,-306.0596590590636,test3,A (as frozen),31.6,58.1,-1283.7837837838015
10,GOLDGUINEA-GOLDPETAL,2016-07-29,,2016-06-24,2016-07-06,short a/long b,,,12,120.12012012011837,642.5156668668669,-522.3955467467486,test3,A (as frozen),55.3,44.8,2622.622622622621
10,GOLDGUINEA-GOLDPETAL,2016-07-29,,2016-07-07,2016-07-11,long a/short b,,,4,220.2202202202352,643.4001789789789,-423.17995875874374,test3,A (as frozen),47.7,65.6,-890.8908908908961
0,GOLDGUINEA-GOLDPETAL,2016-08-31,,2016-07-14,2016-07-21,short a/long b,,,7,20.02002002005611,137.3696148148148,-117.3495947947587,test3,A (as frozen),100.5,98.9,-50.05005005004932
0,GOLDGUINEA-GOLDPETAL,2016-08-31,,2016-07-27,2016-08-08,long a/short b,,,12,-65.06506506506412,137.14034054054056,-202.20540560560468,test3,A (as frozen),74.4,69.3,-152.65265265265043
5,GOLDGUINEA-GOLDPETAL,2016-08-31,,2016-07-14,2016-07-21,short a/long b,,,7,20.02002002005611,387.30454974974975,-367.28452972969365,test3,A (as frozen),100.5,98.9,-50.05005005004932
5,GOLDGUINEA-GOLDPETAL,2016-08-31,,2016-07-27,2016-08-08,long a/short b,,,12,-65.06506506506412,385.76146166166166,-450.8265267267258,test3,A (as frozen),74.4,69.3,-152.65265265265043
10,GOLDGUINEA-GOLDPETAL,2016-08-31,,2016-07-14,2016-07-21,short a/long b,,,7,20.02002002005611,637.2394846846846,-617.2194646646285,test3,A (as frozen),100.5,98.9,-50.05005005004932
10,GOLDGUINEA-GOLDPETAL,2016-08-31,,2016-07-27,2016-08-08,long a/short b,,,12,-65.06506506506412,634.3825827827827,-699.4476478478468,test3,A (as frozen),74.4,69.3,-152.65265265265043
0,GOLDGUINEA-GOLDPETAL,2016-09-30,,2016-08-29,2016-09-07,long a/short b,,,9,-180.18018018019575,137.23856096096097,-317.4187411411567,test3,A (as frozen),40.3,25.6,870.8708708708582
0,GOLDGUINEA-GOLDPETAL,2016-09-30,,2016-09-20,2016-09-21,short a/long b,,,1,-235.23523523525,137.08448748748748,-372.3197227227375,test3,A (as frozen),20.2,39.0,718.218218218226
0,GOLDGUINEA-GOLDPETAL,2016-09-30,,2016-09-22,2016-09-26,short a/long b,,,4,770.7707707707596,137.42373773773772,633.3470330330218,test3,A (as frozen),32.9,-28.8,455.45545545543064
5,GOLDGUINEA-GOLDPETAL,2016-09-30,,2016-08-29,2016-09-07,long a/short b,,,9,-180.18018018019575,386.4577801801802,-566.6379603603759,test3,A (as frozen),40.3,25.6,870.8708708708582
5,GOLDGUINEA-GOLDPETAL,2016-09-30,,2016-09-20,2016-09-21,short a/long b,,,1,-235.23523523525,385.4203233233233,-620.6555585585734,test3,A (as frozen),20.2,39.0,718.218218218226
5,GOLDGUINEA-GOLDPETAL,2016-09-30,,2016-09-22,2016-09-26,short a/long b,,,4,770.7707707707596,387.49881281281284,383.2719579579467,test3,A (as frozen),32.9,-28.8,455.45545545543064
10,GOLDGUINEA-GOLDPETAL,2016-09-30,,2016-08-29,2016-09-07,long a/short b,,,9,-180.18018018019575,635.6769993993994,-815.8571795795951,test3,A (as frozen),40.3,25.6,870.8708708708582
10,GOLDGUINEA-GOLDPETAL,2016-09-30,,2016-09-20,2016-09-21,short a/long b,,,1,-235.23523523525,633.7561591591591,-868.9913943944091,test3,A (as frozen),20.2,39.0,718.218218218226
10,GOLDGUINEA-GOLDPETAL,2016-09-30,,2016-09-22,2016-09-26,short a/long b,,,4,770.7707707707596,637.573887887888,133.1968828828716,test3,A (as frozen),32.9,-28.8,455.45545545543064
0,GOLDGUINEA-GOLDPETAL,2016-10-28,,2016-09-26,2016-09-29,long a/short b,,,3,10.010010009973485,137.37093533533536,-127.36092532536188,test3,A (as frozen),29.6,30.5,-355.3553553553502
0,GOLDGUINEA-GOLDPETAL,2016-10-28,,2016-10-03,2016-10-04,long a/short b,,,1,-115.11511511511344,136.43964464464466,-251.5547597597581,test3,A (as frozen),46.1,37.7,-2740.2402402402367
5,GOLDGUINEA-GOLDPETAL,2016-10-28,,2016-09-26,2016-09-29,long a/short b,,,3,10.010010009973485,387.3158802802803,-377.3058702703068,test3,A (as frozen),29.6,30.5,-355.3553553553502
5,GOLDGUINEA-GOLDPETAL,2016-10-28,,2016-10-03,2016-10-04,long a/short b,,,1,-115.11511511511344,380.9967017017017,-496.1118168168151,test3,A (as frozen),46.1,37.7,-2740.2402402402367
10,GOLDGUINEA-GOLDPETAL,2016-10-28,,2016-09-26,2016-09-29,long a/short b,,,3,10.010010009973485,637.2608252252252,-627.2508152152517,test3,A (as frozen),29.6,30.5,-355.3553553553502
10,GOLDGUINEA-GOLDPETAL,2016-10-28,,2016-10-03,2016-10-04,long a/short b,,,1,-115.11511511511344,625.5537587587587,-740.6688738738721,test3,A (as frozen),46.1,37.7,-2740.2402402402367
0,GOLDGUINEA-GOLDPETAL,2016-11-30,,2016-10-13,2016-10-17,long a/short b,,,4,-90.09009009008878,135.52554594594594,-225.61563603603472,test3,A (as frozen),16.7,9.2,-85.08508508508385
0,GOLDGUINEA-GOLDPETAL,2016-11-30,,2016-10-18,2016-10-19,long a/short b,,,1,60.060060060077376,135.6984812812813,-75.63842122120391,test3,A (as frozen),28.0,32.9,430.43043043042417
0,GOLDGUINEA-GOLDPETAL,2016-11-30,,2016-10-30,2016-11-08,long a/short b,,,9,-215.21521521521208,135.96841061061062,-351.1836258258227,test3,A (as frozen),2.1,-15.7,52.55255255255179
0,GOLDGUINEA-GOLDPETAL,2016-11-30,,2016-11-10,2016-11-28,long a/short b,,,18,-810.8108108108354,135.3728108108108,-946.1836216216461,test3,A (as frozen),-65.4,-138.8,-6291.291291291291
5,GOLDGUINEA-GOLDPETAL,2016-11-30,,2016-10-13,2016-10-17,long a/short b,,,4,-90.09009009008878,374.7597801801802,-464.849870270269,test3,A (as frozen),16.7,9.2,-85.08508508508385
5,GOLDGUINEA-GOLDPETAL,2016-11-30,,2016-10-18,2016-10-19,long a/short b,,,1,60.060060060077376,375.90368648648644,-315.84362642640906,test3,A (as frozen),28.0,32.9,430.43043043042417
5,GOLDGUINEA-GOLDPETAL,2016-11-30,,2016-10-30,2016-11-08,long a/short b,,,9,-215.21521521521208,377.80774994994994,-593.0229651651621,test3,A (as frozen),2.1,-15.7,52.55255255255179
5,GOLDGUINEA-GOLDPETAL,2016-11-30,,2016-11-10,2016-11-28,long a/short b,,,18,-810.8108108108354,373.8863243243243,-1184.6971351351597,test3,A (as frozen),-65.4,-138.8,-6291.291291291291
10,GOLDGUINEA-GOLDPETAL,2016-11-30,,2016-10-13,2016-10-17,long a/short b,,,4,-90.09009009008878,613.9940144144146,-704.0841045045033,test3,A (as frozen),16.7,9.2,-85.08508508508385
10,GOLDGUINEA-GOLDPETAL,2016-11-30,,2016-10-18,2016-10-19,long a/short b,,,1,60.060060060077376,616.1088916916917,-556.0488316316143,test3,A (as frozen),28.0,32.9,430.43043043042417
10,GOLDGUINEA-GOLDPETAL,2016-11-30,,2016-10-30,2016-11-08,long a/short b,,,9,-215.21521521521208,619.6470892892893,-834.8623045045014,test3,A (as frozen),2.1,-15.7,52.55255255255179
10,GOLDGUINEA-GOLDPETAL,2016-11-30,,2016-11-10,2016-11-28,long a/short b,,,18,-810.8108108108354,612.3998378378378,-1423.2106486486732,test3,A (as frozen),-65.4,-138.8,-6291.291291291291
0,GOLDGUINEA-GOLDPETAL,2016-12-30,,2016-11-22,2016-12-06,long a/short b,,,14,-385.3853853853798,134.31038018018018,-519.6957655655599,test3,A (as frozen),-47.9,-83.3,-3996.4964964964747
0,GOLDGUINEA-GOLDPETAL,2016-12-30,,2016-12-08,2016-12-21,short a/long b,,,13,-10.010010010028054,133.07729729729732,-143.08730730732537,test3,A (as frozen),-47.0,-47.4,-3118.118118118091
5,GOLDGUINEA-GOLDPETAL,2016-12-30,,2016-11-22,2016-12-06,long a/short b,,,14,-385.3853853853798,366.5451149149149,-751.9305003002946,test3,A (as frozen),-47.9,-83.3,-3996.4964964964747
5,GOLDGUINEA-GOLDPETAL,2016-12-30,,2016-12-08,2016-12-21,short a/long b,,,13,-10.010010010028054,358.05227227227226,-368.0622822823003,test3,A (as frozen),-47.0,-47.4,-3118.118118118091
10,GOLDGUINEA-GOLDPETAL,2016-12-30,,2016-11-22,2016-12-06,long a/short b,,,14,-385.3853853853798,598.7798496496497,-984.1652350350295,test3,A (as frozen),-47.9,-83.3,-3996.4964964964747
10,GOLDGUINEA-GOLDPETAL,2016-12-30,,2016-12-08,2016-12-21,short a/long b,,,13,-10.010010010028054,583.0272472472473,-593.0372572572753,test3,A (as frozen),-47.0,-47.4,-3118.118118118091
0,GOLDGUINEA-GOLDPETAL,2017-01-31,,2016-12-13,2016-12-21,short a/long b,,,8,355.3553553553684,132.79462282282282,222.56073253254556,test3,A (as frozen),-14.2,-46.6,-2179.6796796797025
0,GOLDGUINEA-GOLDPETAL,2017-01-31,,2016-12-28,2017-01-02,long a/short b,,,5,50.05005005006751,132.75874794794797,-82.70869789788046,test3,A (as frozen),-70.3,-65.2,1106.1061061061264
0,GOLDGUINEA-GOLDPETAL,2017-01-31,,2017-01-09,2017-01-30,short a/long b,,,21,-2387.387387387371,133.73725625625627,-2521.124643643627,test3,A (as frozen),-11.8,195.6,873.3733733733607
5,GOLDGUINEA-GOLDPETAL,2017-01-31,,2016-12-13,2016-12-21,short a/long b,,,8,355.3553553553684,356.0403685685686,-0.68501321320025,test3,A (as frozen),-14.2,-46.6,-2179.6796796797025
5,GOLDGUINEA-GOLDPETAL,2017-01-31,,2016-12-28,2017-01-02,long a/short b,,,5,50.05005005006751,355.866856056056,-305.8168060059885,test3,A (as frozen),-70.3,-65.2,1106.1061061061264
5,GOLDGUINEA-GOLDPETAL,2017-01-31,,2017-01-09,2017-01-30,short a/long b,,,21,-2387.387387387371,363.10412312312314,-2750.4915105104938,test3,A (as frozen),-11.8,195.6,873.3733733733607
10,GOLDGUINEA-GOLDPETAL,2017-01-31,,2016-12-13,2016-12-21,short a/long b,,,8,355.3553553553684,579.2861143143143,-223.93075895894594,test3,A (as frozen),-14.2,-46.6,-2179.6796796797025
10,GOLDGUINEA-GOLDPETAL,2017-01-31,,2016-12-28,2017-01-02,long a/short b,,,5,50.05005005006751,578.9749641641641,-528.9249141140966,test3,A (as frozen),-70.3,-65.2,1106.1061061061264
10,GOLDGUINEA-GOLDPETAL,2017-01-31,,2017-01-09,2017-01-30,short a/long b,,,21,-2387.387387387371,592.47098998999,-2979.8583773773607,test3,A (as frozen),-11.8,195.6,873.3733733733607
0,GOLDGUINEA-GOLDPETAL,2017-02-28,,2017-01-12,2017-02-07,short a/long b,,,26,-700.7007007006723,134.47545265265265,-835.1761533533249,test3,A (as frozen),35.0,94.1,1751.7517517517626
0,GOLDGUINEA-GOLDPETAL,2017-02-28,,2017-02-09,2017-02-24,long a/short b,,,15,-385.3853853853798,135.3653047047047,-520.7506900900845,test3,A (as frozen),92.1,58.2,2409.909909909911
5,GOLDGUINEA-GOLDPETAL,2017-02-28,,2017-01-12,2017-02-07,short a/long b,,,26,-700.7007007006723,367.74372092092096,-1068.4444216215934,test3,A (as frozen),35.0,94.1,1751.7517517517626
5,GOLDGUINEA-GOLDPETAL,2017-02-28,,2017-02-09,2017-02-24,long a/short b,,,15,-385.3853853853798,373.73617557557554,-759.1215609609553,test3,A (as frozen),92.1,58.2,2409.909909909911
10,GOLDGUINEA-GOLDPETAL,2017-02-28,,2017-01-12,2017-02-07,short a/long b,,,26,-700.7007007006723,601.0119891891892,-1301.7126898898614,test3,A (as frozen),35.0,94.1,1751.7517517517626
10,GOLDGUINEA-GOLDPETAL,2017-02-28,,2017-02-09,2017-02-24,long a/short b,,,15,-385.3853853853798,612.1070464464465,-997.4924318318263,test3,A (as frozen),92.1,58.2,2409.909909909911
0,GOLDGUINEA-GOLDPETAL,2017-03-31,,2017-02-28,2017-03-02,long a/short b,,,2,215.21521521521208,135.3333987987988,79.88181641641327,test3,A (as frozen),28.5,46.9,-1093.5935935935959
0,GOLDGUINEA-GOLDPETAL,2017-03-31,,2017-03-07,2017-03-14,short a/long b,,,7,630.6306306306578,134.2395911911912,496.3910394394666,test3,A (as frozen),94.9,42.0,-2637.6376376376356
0,GOLDGUINEA-GOLDPETAL,2017-03-31,,2017-03-23,2017-03-28,short a/long b,,,5,325.3253253253388,134.72085305305305,190.60447227228573,test3,A (as frozen),84.2,56.3,277.77777777777374
5,GOLDGUINEA-GOLDPETAL,2017-03-31,,2017-02-28,2017-03-02,long a/short b,,,2,215.21521521521208,373.3789443443444,-158.16372912913232,test3,A (as frozen),28.5,46.9,-1093.5935935935959
5,GOLDGUINEA-GOLDPETAL,2017-03-31,,2017-03-07,2017-03-14,short a/long b,,,7,630.6306306306578,365.82617777777784,264.80445285288,test3,A (as frozen),94.9,42.0,-2637.6376376376356
5,GOLDGUINEA-GOLDPETAL,2017-03-31,,2017-03-23,2017-03-28,short a/long b,,,5,325.3253253253388,369.17781001001,-43.8524846846712,test3,A (as frozen),84.2,56.3,277.77777777777374
10,GOLDGUINEA-GOLDPETAL,2017-03-31,,2017-02-28,2017-03-02,long a/short b,,,2,215.21521521521208,611.42448988989,-396.2092746746779,test3,A (as frozen),28.5,46.9,-1093.5935935935959
10,GOLDGUINEA-GOLDPETAL,2017-03-31,,2017-03-07,2017-03-14,short a/long b,,,7,630.6306306306578,597.4127643643644,33.21786626629341,test3,A (as frozen),94.9,42.0,-2637.6376376376356
10,GOLDGUINEA-GOLDPETAL,2017-03-31,,2017-03-23,2017-03-28,short a/long b,,,5,325.3253253253388,603.6347669669669,-278.30944164162815,test3,A (as frozen),84.2,56.3,277.77777777777374
0,GOLDGUINEA-GOLDPETAL,2017-04-28,,2017-03-22,2017-03-30,long a/short b,,,8,285.28528528526294,134.49036896896897,150.79491631629398,test3,A (as frozen),40.3,65.0,-618.1181181181273
0,GOLDGUINEA-GOLDPETAL,2017-04-28,,2017-04-19,2017-04-25,long a/short b,,,6,-890.8908908908961,134.9497029029029,-1025.8405937937991,test3,A (as frozen),-16.9,-92.7,-605.605605605615
5,GOLDGUINEA-GOLDPETAL,2017-04-28,,2017-03-22,2017-03-30,long a/short b,,,8,285.28528528526294,367.6159945945946,-82.33070930933167,test3,A (as frozen),40.3,65.0,-618.1181181181273
5,GOLDGUINEA-GOLDPETAL,2017-04-28,,2017-04-19,2017-04-25,long a/short b,,,6,-890.8908908908961,371.020773973974,-1261.91166486487,test3,A (as frozen),-16.9,-92.7,-605.605605605615
10,GOLDGUINEA-GOLDPETAL,2017-04-28,,2017-03-22,2017-03-30,long a/short b,,,8,285.28528528526294,600.7416202202203,-315.45633493495734,test3,A (as frozen),40.3,65.0,-618.1181181181273
10,GOLDGUINEA-GOLDPETAL,2017-04-28,,2017-04-19,2017-04-25,long a/short b,,,6,-890.8908908908961,607.0918450450451,-1497.9827359359413,test3,A (as frozen),-16.9,-92.7,-605.605605605615
0,GOLDGUINEA-GOLDPETAL,2017-05-31,,2017-04-20,2017-04-25,long a/short b,,,5,430.43043043046055,134.80551031031032,295.62492012015025,test3,A (as frozen),-7.2,29.6,-1466.4664664664633
0,GOLDGUINEA-GOLDPETAL,2017-05-31,,2017-05-05,2017-05-08,short a/long b,,,3,160.16016016015783,134.00135495495496,26.158805205202867,test3,A (as frozen),31.3,17.4,120.12012012011837
0,GOLDGUINEA-GOLDPETAL,2017-05-31,,2017-05-19,2017-05-29,short a/long b,,,10,-3123.123123123114,134.4473925925926,-3257.5705157157067,test3,A (as frozen),95.4,363.4,-320.32032032031566
5,GOLDGUINEA-GOLDPETAL,2017-05-31,,2017-04-20,2017-04-25,long a/short b,,,5,430.43043043046055,369.7304352352353,60.699995195225256,test3,A (as frozen),-7.2,29.6,-1466.4664664664633
5,GOLDGUINEA-GOLDPETAL,2017-05-31,,2017-05-05,2017-05-08,short a/long b,,,3,160.16016016015783,364.3116652652652,-204.1515051051074,test3,A (as frozen),31.3,17.4,120.12012012011837
5,GOLDGUINEA-GOLDPETAL,2017-05-31,,2017-05-19,2017-05-29,short a/long b,,,10,-3123.123123123114,368.1160612612612,-3491.239184384375,test3,A (as frozen),95.4,363.4,-320.32032032031566
10,GOLDGUINEA-GOLDPETAL,2017-05-31,,2017-04-20,2017-04-25,long a/short b,,,5,430.43043043046055,604.6553601601602,-174.22492972969962,test3,A (as frozen),-7.2,29.6,-1466.4664664664633
10,GOLDGUINEA-GOLDPETAL,2017-05-31,,2017-05-05,2017-05-08,short a/long b,,,3,160.16016016015783,594.6219755755756,-434.46181541541773,test3,A (as frozen),31.3,17.4,120.12012012011837
10,GOLDGUINEA-GOLDPETAL,2017-05-31,,2017-05-19,2017-05-29,short a/long b,,,10,-3123.123123123114,601.7847299299299,-3724.907853053044,test3,A (as frozen),95.4,363.4,-320.32032032031566
0,GOLDGUINEA-GOLDPETAL,2017-06-30,,2017-05-25,2017-06-02,short a/long b,,,8,280.2802802802944,134.75734174174175,145.52293853855264,test3,A (as frozen),63.7,39.6,500.5005005004932
0,GOLDGUINEA-GOLDPETAL,2017-06-30,,2017-06-05,2017-06-20,long a/short b,,,15,505.50550550551634,134.83905965965965,370.6664458458567,test3,A (as frozen),14.8,58.1,-908.4084084083952
0,GOLDGUINEA-GOLDPETAL,2017-06-30,,2017-06-21,2017-06-27,short a/long b,,,6,225.22522522525833,134.707383983984,90.51784124127434,test3,A (as frozen),71.9,52.4,367.8678678678625
5,GOLDGUINEA-GOLDPETAL,2017-06-30,,2017-05-25,2017-06-02,short a/long b,,,8,280.2802802802944,369.43702142142143,-89.15674114112704,test3,A (as frozen),63.7,39.6,500.5005005004932
5,GOLDGUINEA-GOLDPETAL,2017-06-30,,2017-06-05,2017-06-20,long a/short b,,,15,505.50550550551634,369.9416622622622,135.56384324325415,test3,A (as frozen),14.8,58.1,-908.4084084083952
5,GOLDGUINEA-GOLDPETAL,2017-06-30,,2017-06-21,2017-06-27,short a/long b,,,6,225.22522522525833,369.1092858858859,-143.8840606606276,test3,A (as frozen),71.9,52.4,367.8678678678625
10,GOLDGUINEA-GOLDPETAL,2017-06-30,,2017-05-25,2017-06-02,short a/long b,,,8,280.2802802802944,604.1167011011011,-323.83642082080667,test3,A (as frozen),63.7,39.6,500.5005005004932
10,GOLDGUINEA-GOLDPETAL,2017-06-30,,2017-06-05,2017-06-20,long a/short b,,,15,505.50550550551634,605.0442648648648,-99.53875935934843,test3,A (as frozen),14.8,58.1,-908.4084084083952
10,GOLDGUINEA-GOLDPETAL,2017-06-30,,2017-06-21,2017-06-27,short a/long b,,,6,225.22522522525833,603.5111877877878,-378.28596256252945,test3,A (as frozen),71.9,52.4,367.8678678678625
0,GOLDGUINEA-GOLDPETAL,2017-07-31,,2017-06-30,2017-07-11,short a/long b,,,11,520.5205205205311,133.88583983983983,386.6346806806913,test3,A (as frozen),53.6,9.3,-3783.7837837838015
5,GOLDGUINEA-GOLDPETAL,2017-07-31,,2017-06-30,2017-07-11,short a/long b,,,11,520.5205205205311,363.4403943943944,157.08012612613675,test3,A (as frozen),53.6,9.3,-3783.7837837838015
10,GOLDGUINEA-GOLDPETAL,2017-07-31,,2017-06-30,2017-07-11,short a/long b,,,11,520.5205205205311,592.9949489489488,-72.4744284284177,test3,A (as frozen),53.6,9.3,-3783.7837837838015
0,GOLDGUINEA-GOLDPETAL,2017-08-31,,2017-07-26,2017-08-11,short a/long b,,,16,-580.5805805805903,133.82888888888888,-714.4094694694792,test3,A (as frozen),-14.1,36.4,1571.571571571567
0,GOLDGUINEA-GOLDPETAL,2017-08-31,,2017-08-14,2017-08-17,short a/long b,,,3,-115.11511511511344,134.02347167167167,-249.1385867867851,test3,A (as frozen),25.6,35.6,-22.522522522522195
0,GOLDGUINEA-GOLDPETAL,2017-08-31,,2017-08-22,2017-08-25,short a/long b,,,3,510.51051051052127,134.0016016016016,376.5089089089197,test3,A (as frozen),36.0,-8.3,-335.33533533533046
5,GOLDGUINEA-GOLDPETAL,2017-08-31,,2017-07-26,2017-08-11,short a/long b,,,16,-580.5805805805903,363.3083683683684,-943.8889489489587,test3,A (as frozen),-14.1,36.4,1571.571571571567
5,GOLDGUINEA-GOLDPETAL,2017-08-31,,2017-08-14,2017-08-17,short a/long b,,,3,-115.11511511511344,364.52647467467466,-479.6415897897881,test3,A (as frozen),25.6,35.6,-22.522522522522195
5,GOLDGUINEA-GOLDPETAL,2017-08-31,,2017-08-22,2017-08-25,short a/long b,,,3,510.51051051052127,364.23183183183187,146.2786786786894,test3,A (as frozen),36.0,-8.3,-335.33533533533046
10,GOLDGUINEA-GOLDPETAL,2017-08-31,,2017-07-26,2017-08-11,short a/long b,,,16,-580.5805805805903,592.7878478478478,-1173.3684284284382,test3,A (as frozen),-14.1,36.4,1571.571571571567
10,GOLDGUINEA-GOLDPETAL,2017-08-31,,2017-08-14,2017-08-17,short a/long b,,,3,-115.11511511511344,595.0294776776777,-710.1445927927912,test3,A (as frozen),25.6,35.6,-22.522522522522195
10,GOLDGUINEA-GOLDPETAL,2017-08-31,,2017-08-22,2017-08-25,short a/long b,,,3,510.51051051052127,594.462062062062,-83.95155155154077,test3,A (as frozen),36.0,-8.3,-335.33533533533046
0,GOLDGUINEA-GOLDPETAL,2017-09-29,,2017-08-28,2017-08-29,long a/short b,,,1,170.1701701701677,134.72626306306307,35.44390710710462,test3,A (as frozen),0.4,14.9,1086.0860860860885
0,GOLDGUINEA-GOLDPETAL,2017-09-29,,2017-09-08,2017-09-21,short a/long b,,,13,-430.43043043044236,135.5059091091091,-565.9363395395515,test3,A (as frozen),51.7,89.4,-3028.0280280280385
5,GOLDGUINEA-GOLDPETAL,2017-09-29,,2017-08-28,2017-08-29,long a/short b,,,1,170.1701701701677,369.2507875875876,-199.0806174174199,test3,A (as frozen),0.4,14.9,1086.0860860860885
5,GOLDGUINEA-GOLDPETAL,2017-09-29,,2017-09-08,2017-09-21,short a/long b,,,13,-430.43043043044236,374.70510830830835,-805.1355387387507,test3,A (as frozen),51.7,89.4,-3028.0280280280385
10,GOLDGUINEA-GOLDPETAL,2017-09-29,,2017-08-28,2017-08-29,long a/short b,,,1,170.1701701701677,603.775312112112,-433.60514194194434,test3,A (as frozen),0.4,14.9,1086.0860860860885
10,GOLDGUINEA-GOLDPETAL,2017-09-29,,2017-09-08,2017-09-21,short a/long b,,,13,-430.43043043044236,613.9043075075076,-1044.33473793795,test3,A (as frozen),51.7,89.4,-3028.0280280280385
0,GOLDGUINEA-GOLDPETAL,2017-10-31,,2017-10-05,2017-10-12,long a/short b,,,7,550.5505505505243,135.17773173173174,415.3728188187926,test3,A (as frozen),9.3,55.4,1516.5165165165126
5,GOLDGUINEA-GOLDPETAL,2017-10-31,,2017-10-05,2017-10-12,long a/short b,,,7,550.5505505505243,372.23979379379375,178.3107567567306,test3,A (as frozen),9.3,55.4,1516.5165165165126
10,GOLDGUINEA-GOLDPETAL,2017-10-31,,2017-10-05,2017-10-12,long a/short b,,,7,550.5505505505243,609.3018558558558,-58.75130530533147,test3,A (as frozen),9.3,55.4,1516.5165165165126
0,GOLDGUINEA-GOLDPETAL,2017-11-30,,2017-11-01,2017-11-07,long a/short b,,,6,-95.0950950951119,135.03445305305306,-230.12954814816496,test3,A (as frozen),22.9,14.8,272.772772772787
0,GOLDGUINEA-GOLDPETAL,2017-11-30,,2017-11-15,2017-11-27,short a/long b,,,12,-410.41041041040444,134.99215455455456,-545.402564964959,test3,A (as frozen),34.2,69.4,-1076.0760760760786
5,GOLDGUINEA-GOLDPETAL,2017-11-30,,2017-11-01,2017-11-07,long a/short b,,,6,-95.0950950951119,371.41333193193196,-466.50842702704387,test3,A (as frozen),22.9,14.8,272.772772772787
5,GOLDGUINEA-GOLDPETAL,2017-11-30,,2017-11-15,2017-11-27,short a/long b,,,12,-410.41041041040444,371.19836076076075,-781.6087711711652,test3,A (as frozen),34.2,69.4,-1076.0760760760786
10,GOLDGUINEA-GOLDPETAL,2017-11-30,,2017-11-01,2017-11-07,long a/short b,,,6,-95.0950950951119,607.7922108108108,-702.8873059059227,test3,A (as frozen),22.9,14.8,272.772772772787
10,GOLDGUINEA-GOLDPETAL,2017-11-30,,2017-11-15,2017-11-27,short a/long b,,,12,-410.41041041040444,607.404566966967,-1017.8149773773714,test3,A (as frozen),34.2,69.4,-1076.0760760760786
0,GOLDGUINEA-GOLDPETAL,2017-12-29,,2017-11-28,2017-12-01,short a/long b,,,3,235.23523523521362,135.07261961961962,100.162615615594,test3,A (as frozen),44.4,24.6,-397.8978978979103
0,GOLDGUINEA-GOLDPETAL,2017-12-29,,2017-12-12,2017-12-15,long a/short b,,,3,135.13513513513317,133.78738998999,1.3477451451431648,test3,A (as frozen),11.8,23.5,467.96796796796116
0,GOLDGUINEA-GOLDPETAL,2017-12-29,,2017-12-20,2017-12-26,short a/long b,,,6,840.8408408408468,133.9416756756757,706.8991651651711,test3,A (as frozen),72.7,-0.4,-140.1401401401381
5,GOLDGUINEA-GOLDPETAL,2017-12-29,,2017-11-28,2017-12-01,short a/long b,,,3,235.23523523521362,371.5966436436437,-136.36140840843007,test3,A (as frozen),44.4,24.6,-397.8978978979103
5,GOLDGUINEA-GOLDPETAL,2017-12-29,,2017-12-12,2017-12-15,long a/short b,,,3,135.13513513513317,362.8589615615616,-227.72382642642845,test3,A (as frozen),11.8,23.5,467.96796796796116
5,GOLDGUINEA-GOLDPETAL,2017-12-29,,2017-12-20,2017-12-26,short a/long b,,,6,840.8408408408468,363.7464804804805,477.0943603603663,test3,A (as frozen),72.7,-0.4,-140.1401401401381
10,GOLDGUINEA-GOLDPETAL,2017-12-29,,2017-11-28,2017-12-01,short a/long b,,,3,235.23523523521362,608.1206676676677,-372.8854324324541,test3,A (as frozen),44.4,24.6,-397.8978978979103
10,GOLDGUINEA-GOLDPETAL,2017-12-29,,2017-12-12,2017-12-15,long a/short b,,,3,135.13513513513317,591.9305331331332,-456.795397998,test3,A (as frozen),11.8,23.5,467.96796796796116
10,GOLDGUINEA-GOLDPETAL,2017-12-29,,2017-12-20,2017-12-26,short a/long b,,,6,840.8408408408468,593.5512852852853,247.2895555555615,test3,A (as frozen),72.7,-0.4,-140.1401401401381
0,GOLDGUINEA-GOLDPETAL,2018-01-31,,2018-01-02,2018-01-29,short a/long b,,,27,-340.3403403403536,135.10681721721724,-475.4471575575708,test3,A (as frozen),28.2,56.1,2212.2122122122164
5,GOLDGUINEA-GOLDPETAL,2018-01-31,,2018-01-02,2018-01-29,short a/long b,,,27,-340.3403403403536,371.9636740740741,-712.3040144144277,test3,A (as frozen),28.2,56.1,2212.2122122122164
10,GOLDGUINEA-GOLDPETAL,2018-01-31,,2018-01-02,2018-01-29,short a/long b,,,27,-340.3403403403536,608.820530930931,-949.1608712712846,test3,A (as frozen),28.2,56.1,2212.2122122122164
0,GOLDGUINEA-GOLDPETAL,2018-02-28,,2018-01-25,2018-02-12,short a/long b,,,18,240.24024024023674,135.94575695695698,104.29448328327976,test3,A (as frozen),149.0,129.4,-200.2002002001973
0,GOLDGUINEA-GOLDPETAL,2018-02-28,,2018-02-15,2018-02-19,long a/short b,,,4,660.660660660651,136.6345933933934,524.0260672672576,test3,A (as frozen),105.9,158.9,770.7707707707596
5,GOLDGUINEA-GOLDPETAL,2018-02-28,,2018-01-25,2018-02-12,short a/long b,,,18,240.24024024023674,377.5473585585585,-137.30711831832178,test3,A (as frozen),149.0,129.4,-200.2002002001973
5,GOLDGUINEA-GOLDPETAL,2018-02-28,,2018-02-15,2018-02-19,long a/short b,,,4,660.660660660651,382.14510390390393,278.5155567567471,test3,A (as frozen),105.9,158.9,770.7707707707596
10,GOLDGUINEA-GOLDPETAL,2018-02-28,,2018-01-25,2018-02-12,short a/long b,,,18,240.24024024023674,619.1489601601602,-378.90871991992344,test3,A (as frozen),149.0,129.4,-200.2002002001973
10,GOLDGUINEA-GOLDPETAL,2018-02-28,,2018-02-15,2018-02-19,long a/short b,,,4,660.660660660651,627.6556144144145,33.00504624623659,test3,A (as frozen),105.9,158.9,770.7707707707596
0,GOLDGUINEA-GOLDPETAL,2018-03-28,,2018-03-06,2018-03-21,long a/short b,,,15,-190.19019019018742,136.5386062062062,-326.7287963963936,test3,A (as frozen),104.5,89.1,-135.13513513513317
5,GOLDGUINEA-GOLDPETAL,2018-03-28,,2018-03-06,2018-03-21,long a/short b,,,15,-190.19019019018742,381.6887563563564,-571.8789465465438,test3,A (as frozen),104.5,89.1,-135.13513513513317
10,GOLDGUINEA-GOLDPETAL,2018-03-28,,2018-03-06,2018-03-21,long a/short b,,,15,-190.19019019018742,626.8389065065065,-817.029096696694,test3,A (as frozen),104.5,89.1,-135.13513513513317
0,GOLDGUINEA-GOLDPETAL,2018-04-30,,2018-03-23,2018-04-09,long a/short b,,,17,210.21021021017077,136.92806206206208,73.28214814810869,test3,A (as frozen),68.6,86.0,-575.5755755756036
0,GOLDGUINEA-GOLDPETAL,2018-04-30,,2018-04-19,2018-04-27,short a/long b,,,8,-1476.4764764764732,137.63371831831833,-1614.1101947947916,test3,A (as frozen),87.8,206.5,-1223.7237237237423
5,GOLDGUINEA-GOLDPETAL,2018-04-30,,2018-03-23,2018-04-09,long a/short b,,,17,210.21021021017077,384.25038438438435,-174.04017417421358,test3,A (as frozen),68.6,86.0,-575.5755755756036
5,GOLDGUINEA-GOLDPETAL,2018-04-30,,2018-04-19,2018-04-27,short a/long b,,,8,-1476.4764764764732,389.45303763763764,-1865.9295141141108,test3,A (as frozen),87.8,206.5,-1223.7237237237423
10,GOLDGUINEA-GOLDPETAL,2018-04-30,,2018-03-23,2018-04-09,long a/short b,,,17,210.21021021017077,631.5727067067066,-421.36249649653587,test3,A (as frozen),68.6,86.0,-575.5755755756036
10,GOLDGUINEA-GOLDPETAL,2018-04-30,,2018-04-19,2018-04-27,short a/long b,,,8,-1476.4764764764732,641.272356956957,-2117.7488334334303,test3,A (as frozen),87.8,206.5,-1223.7237237237423
0,GOLDGUINEA-GOLDPETAL,2018-05-31,,2018-04-24,2018-04-27,long a/short b,,,3,105.10510510510358,137.62384244244245,-32.51873733733888,test3,A (as frozen),48.5,57.0,-347.8478478478428
0,GOLDGUINEA-GOLDPETAL,2018-05-31,,2018-05-09,2018-05-15,short a/long b,,,6,-155.1551551551529,137.63408308308308,-292.78923823823595,test3,A (as frozen),62.5,74.8,-82.58258258258138
0,GOLDGUINEA-GOLDPETAL,2018-05-31,,2018-05-16,2018-05-28,short a/long b,,,12,-2382.382382382384,137.10142662662662,-2519.4838090090107,test3,A (as frozen),71.7,264.4,-930.9309309309356
5,GOLDGUINEA-GOLDPETAL,2018-05-31,,2018-04-24,2018-04-27,long a/short b,,,3,105.10510510510358,389.0177363363364,-283.9126312312328,test3,A (as frozen),48.5,57.0,-347.8478478478428
5,GOLDGUINEA-GOLDPETAL,2018-05-31,,2018-05-09,2018-05-15,short a/long b,,,6,-155.1551551551529,389.1480970970971,-544.30325225225,test3,A (as frozen),62.5,74.8,-82.58258258258138
5,GOLDGUINEA-GOLDPETAL,2018-05-31,,2018-05-16,2018-05-28,short a/long b,,,12,-2382.382382382384,386.03536056056055,-2768.4177429429446,test3,A (as frozen),71.7,264.4,-930.9309309309356
10,GOLDGUINEA-GOLDPETAL,2018-05-31,,2018-04-24,2018-04-27,long a/short b,,,3,105.10510510510358,640.4116302302302,-535.3065251251267,test3,A (as frozen),48.5,57.0,-347.8478478478428
10,GOLDGUINEA-GOLDPETAL,2018-05-31,,2018-05-09,2018-05-15,short a/long b,,,6,-155.1551551551529,640.662111111111,-795.8172662662639,test3,A (as frozen),62.5,74.8,-82.58258258258138
10,GOLDGUINEA-GOLDPETAL,2018-05-31,,2018-05-16,2018-05-28,short a/long b,,,12,-2382.382382382384,634.9692944944945,-3017.3516768768786,test3,A (as frozen),71.7,264.4,-930.9309309309356
0,GOLDGUINEA-GOLDPETAL,2018-06-29,,2018-05-25,2018-06-05,short a/long b,,,11,-180.18018018015937,137.37279279279284,-317.5529729729522,test3,A (as frozen),94.0,109.5,-1271.271271271271
0,GOLDGUINEA-GOLDPETAL,2018-06-29,,2018-06-08,2018-06-18,long a/short b,,,10,-205.20520520520222,137.1158048048048,-342.32101001000706,test3,A (as frozen),80.5,64.8,-1303.803803803803
0,GOLDGUINEA-GOLDPETAL,2018-06-29,,2018-06-19,2018-06-21,long a/short b,,,2,-165.16516516516276,136.62608348348348,-301.7912486486463,test3,A (as frozen),56.0,43.0,-1203.7037037036862
0,GOLDGUINEA-GOLDPETAL,2018-06-29,,2018-06-22,2018-06-26,long a/short b,,,4,1306.3063063063055,136.11445705705705,1170.1918492492484,test3,A (as frozen),-115.6,-7.9,-187.68768768766677
5,GOLDGUINEA-GOLDPETAL,2018-06-29,,2018-05-25,2018-06-05,short a/long b,,,11,-180.18018018015937,387.3727927927928,-567.5529729729521,test3,A (as frozen),94.0,109.5,-1271.271271271271
5,GOLDGUINEA-GOLDPETAL,2018-06-29,,2018-06-08,2018-06-18,long a/short b,,,10,-205.20520520520222,385.62681581581586,-590.8320210210181,test3,A (as frozen),80.5,64.8,-1303.803803803803
5,GOLDGUINEA-GOLDPETAL,2018-06-29,,2018-06-19,2018-06-21,long a/short b,,,2,-165.16516516516276,382.2792366366367,-547.4444018017995,test3,A (as frozen),56.0,43.0,-1203.7037037036862
5,GOLDGUINEA-GOLDPETAL,2018-06-29,,2018-06-22,2018-06-26,long a/short b,,,4,1306.3063063063055,378.4492918918919,927.8570144144136,test3,A (as frozen),-115.6,-7.9,-187.68768768766677
10,GOLDGUINEA-GOLDPETAL,2018-06-29,,2018-05-25,2018-06-05,short a/long b,,,11,-180.18018018015937,637.3727927927928,-817.5529729729521,test3,A (as frozen),94.0,109.5,-1271.271271271271
10,GOLDGUINEA-GOLDPETAL,2018-06-29,,2018-06-08,2018-06-18,long a/short b,,,10,-205.20520520520222,634.1378268268268,-839.343032032029,test3,A (as frozen),80.5,64.8,-1303.803803803803
10,GOLDGUINEA-GOLDPETAL,2018-06-29,,2018-06-19,2018-06-21,long a/short b,,,2,-165.16516516516276,627.9323897897898,-793.0975549549526,test3,A (as frozen),56.0,43.0,-1203.7037037036862
10,GOLDGUINEA-GOLDPETAL,2018-06-29,,2018-06-22,2018-06-26,long a/short b,,,4,1306.3063063063055,620.7841267267266,685.5221795795788,test3,A (as frozen),-115.6,-7.9,-187.68768768766677
0,GOLDGUINEA-GOLDPETAL,2018-07-31,,2018-06-25,2018-07-27,long a/short b,,,32,-580.5805805805903,135.82171531531532,-716.4022958959056,test3,A (as frozen),6.5,-42.3,-4454.454454454462
5,GOLDGUINEA-GOLDPETAL,2018-07-31,,2018-06-25,2018-07-27,long a/short b,,,32,-580.5805805805903,376.8927863863863,-957.4733669669766,test3,A (as frozen),6.5,-42.3,-4454.454454454462
10,GOLDGUINEA-GOLDPETAL,2018-07-31,,2018-06-25,2018-07-27,long a/short b,,,32,-580.5805805805903,617.9638574574574,-1198.5444380380477,test3,A (as frozen),6.5,-42.3,-4454.454454454462
0,GOLDGUINEA-GOLDPETAL,2018-08-31,,2018-08-06,2018-08-27,long a/short b,,,21,-300.30030030029593,135.22974374374374,-435.53004404403964,test3,A (as frozen),-58.0,-82.6,1051.0510510510721
5,GOLDGUINEA-GOLDPETAL,2018-08-31,,2018-08-06,2018-08-27,long a/short b,,,21,-300.30030030029593,372.7923063063063,-673.0926066066022,test3,A (as frozen),-58.0,-82.6,1051.0510510510721
10,GOLDGUINEA-GOLDPETAL,2018-08-31,,2018-08-06,2018-08-27,long a/short b,,,21,-300.30030030029593,610.3548688688688,-910.6551691691648,test3,A (as frozen),-58.0,-82.6,1051.0510510510721
0,GOLDGUINEA-GOLDPETAL,2018-09-28,,2018-09-07,2018-09-14,long a/short b,,,7,25.02502502502466,136.21464684684685,-111.18962182182219,test3,A (as frozen),-82.3,-80.2,52.55255255255179
5,GOLDGUINEA-GOLDPETAL,2018-09-28,,2018-09-07,2018-09-14,long a/short b,,,7,25.02502502502466,379.43036256256255,-354.4053375375379,test3,A (as frozen),-82.3,-80.2,52.55255255255179
10,GOLDGUINEA-GOLDPETAL,2018-09-28,,2018-09-07,2018-09-14,long a/short b,,,7,25.02502502502466,622.6460782782783,-597.6210532532536,test3,A (as frozen),-82.3,-80.2,52.55255255255179
0,GOLDGUINEA-GOLDPETAL,2018-10-31,,2018-09-28,2018-10-03,short a/long b,,,5,430.43043043042417,136.88094094094095,293.5494894894832,test3,A (as frozen),-22.4,-56.8,1666.6666666666606
0,GOLDGUINEA-GOLDPETAL,2018-10-31,,2018-10-16,2018-10-25,short a/long b,,,9,915.9159159158844,137.8343901901902,778.0815257256942,test3,A (as frozen),43.9,-28.6,-618.1181181180909
5,GOLDGUINEA-GOLDPETAL,2018-10-31,,2018-09-28,2018-10-03,short a/long b,,,5,430.43043043042417,383.87793793793793,46.55249249248624,test3,A (as frozen),-22.4,-56.8,1666.6666666666606
5,GOLDGUINEA-GOLDPETAL,2018-10-31,,2018-10-16,2018-10-25,short a/long b,,,9,915.9159159158844,390.26432012012015,525.6515957957643,test3,A (as frozen),43.9,-28.6,-618.1181181180909
10,GOLDGUINEA-GOLDPETAL,2018-10-31,,2018-09-28,2018-10-03,short a/long b,,,5,430.43043043042417,630.8749349349349,-200.44450450451075,test3,A (as frozen),-22.4,-56.8,1666.6666666666606
10,GOLDGUINEA-GOLDPETAL,2018-10-31,,2018-10-16,2018-10-25,short a/long b,,,9,915.9159159158844,642.6942500500501,273.2216658658343,test3,A (as frozen),43.9,-28.6,-618.1181181180909
0,GOLDGUINEA-GOLDPETAL,2018-11-30,,2018-10-25,2018-11-14,short a/long b,,,20,-310.3103103102876,137.39942462462463,-447.70973493491226,test3,A (as frozen),7.9,33.3,-3608.608608608629
5,GOLDGUINEA-GOLDPETAL,2018-11-30,,2018-10-25,2018-11-14,short a/long b,,,20,-310.3103103102876,387.58460980980976,-697.8949201200974,test3,A (as frozen),7.9,33.3,-3608.608608608629
10,GOLDGUINEA-GOLDPETAL,2018-11-30,,2018-10-25,2018-11-14,short a/long b,,,20,-310.3103103102876,637.769794994995,-948.0801053052826,test3,A (as frozen),7.9,33.3,-3608.608608608629
0,GOLDGUINEA-GOLDPETAL,2018-12-31,,2018-11-30,2018-12-14,long a/short b,,,14,15.015015015014797,136.75719699699698,-121.74218198198218,test3,A (as frozen),-3.3,-2.0,4091.5915915915866
0,GOLDGUINEA-GOLDPETAL,2018-12-31,,2018-12-18,2018-12-19,short a/long b,,,1,-55.055055055054254,137.04092752752751,-192.09598258258177,test3,A (as frozen),-9.3,-4.8,227.7277277277244
0,GOLDGUINEA-GOLDPETAL,2018-12-31,,2018-12-21,2018-12-27,short a/long b,,,6,395.39539539538964,137.29815355355356,258.0972418418361,test3,A (as frozen),21.0,-10.8,1083.583583583586
5,GOLDGUINEA-GOLDPETAL,2018-12-31,,2018-11-30,2018-12-14,long a/short b,,,14,15.015015015014797,383.1310708708709,-368.1160558558561,test3,A (as frozen),-3.3,-2.0,4091.5915915915866
5,GOLDGUINEA-GOLDPETAL,2018-12-31,,2018-12-18,2018-12-19,short a/long b,,,1,-55.055055055054254,385.08146806806803,-440.1365231231223,test3,A (as frozen),-9.3,-4.8,227.7277277277244
5,GOLDGUINEA-GOLDPETAL,2018-12-31,,2018-12-21,2018-12-27,short a/long b,,,6,395.39539539538964,386.7300854854855,8.665309909904124,test3,A (as frozen),21.0,-10.8,1083.583583583586
10,GOLDGUINEA-GOLDPETAL,2018-12-31,,2018-11-30,2018-12-14,long a/short b,,,14,15.015015015014797,629.5049447447448,-614.48992972973,test3,A (as frozen),-3.3,-2.0,4091.5915915915866
10,GOLDGUINEA-GOLDPETAL,2018-12-31,,2018-12-18,2018-12-19,short a/long b,,,1,-55.055055055054254,633.1220086086087,-688.1770636636629,test3,A (as frozen),-9.3,-4.8,227.7277277277244
10,GOLDGUINEA-GOLDPETAL,2018-12-31,,2018-12-21,2018-12-27,short a/long b,,,6,395.39539539538964,636.1620174174175,-240.76662202202783,test3,A (as frozen),21.0,-10.8,1083.583583583586
0,GOLDGUINEA-GOLDPETAL,2019-01-31,,2019-01-11,2019-01-21,long a/short b,,,10,135.13513513513317,138.0828086086086,-2.947673473475419,test3,A (as frozen),-2.0,8.7,467.96796796797935
0,GOLDGUINEA-GOLDPETAL,2019-01-31,,2019-01-24,2019-01-28,short a/long b,,,4,-330.3303303303437,138.89668548548548,-469.2270158158292,test3,A (as frozen),12.2,37.0,3528.52852852855
5,GOLDGUINEA-GOLDPETAL,2019-01-31,,2019-01-11,2019-01-21,long a/short b,,,10,135.13513513513317,392.13936516516515,-257.004230030032,test3,A (as frozen),-2.0,8.7,467.96796796797935
5,GOLDGUINEA-GOLDPETAL,2019-01-31,,2019-01-24,2019-01-28,short a/long b,,,4,-330.3303303303437,397.79558438438437,-728.1259147147281,test3,A (as frozen),12.2,37.0,3528.52852852855
10,GOLDGUINEA-GOLDPETAL,2019-01-31,,2019-01-11,2019-01-21,long a/short b,,,10,135.13513513513317,646.1959217217218,-511.0607865865886,test3,A (as frozen),-2.0,8.7,467.96796796797935
10,GOLDGUINEA-GOLDPETAL,2019-01-31,,2019-01-24,2019-01-28,short a/long b,,,4,-330.3303303303437,656.6944832832833,-987.024813613627,test3,A (as frozen),12.2,37.0,3528.52852852855
0,GOLDGUINEA-GOLDPETAL,2019-02-28,,2019-01-28,2019-02-04,long a/short b,,,7,1231.2312312311951,139.39023863863864,1091.8409925925564,test3,A (as frozen),-58.3,36.2,3978.9789789789756
0,GOLDGUINEA-GOLDPETAL,2019-02-28,,2019-02-05,2019-02-20,short a/long b,,,15,-195.19519519519235,140.4418848848849,-335.6370800800772,test3,A (as frozen),24.9,38.8,3020.520520520531
5,GOLDGUINEA-GOLDPETAL,2019-02-28,,2019-01-28,2019-02-04,long a/short b,,,7,1231.2312312311951,400.79664504504507,830.43458618615,test3,A (as frozen),-58.3,36.2,3978.9789789789756
5,GOLDGUINEA-GOLDPETAL,2019-02-28,,2019-02-05,2019-02-20,short a/long b,,,15,-195.19519519519235,408.2972402402402,-603.4924354354325,test3,A (as frozen),24.9,38.8,3020.520520520531
10,GOLDGUINEA-GOLDPETAL,2019-02-28,,2019-01-28,2019-02-04,long a/short b,,,7,1231.2312312311951,662.2030514514515,569.0281797797436,test3,A (as frozen),-58.3,36.2,3978.9789789789756
10,GOLDGUINEA-GOLDPETAL,2019-02-28,,2019-02-05,2019-02-20,short a/long b,,,15,-195.19519519519235,676.1525955955956,-871.3477907907879,test3,A (as frozen),24.9,38.8,3020.520520520531
0,GOLDGUINEA-GOLDPETAL,2019-03-29,,2019-02-20,2019-02-26,long a/short b,,,6,285.28528528528113,140.50928988988989,144.77599539539125,test3,A (as frozen),-17.5,3.7,-1178.6786786786615
0,GOLDGUINEA-GOLDPETAL,2019-03-29,,2019-03-05,2019-03-06,short a/long b,,,1,25.02502502502466,138.78656316316318,-113.76153813813852,test3,A (as frozen),0.8,-1.2,-573.0730730730829
0,GOLDGUINEA-GOLDPETAL,2019-03-29,,2019-03-19,2019-03-26,short a/long b,,,7,360.3603603603551,138.56636156156154,221.79399879879358,test3,A (as frozen),17.1,-11.0,-1101.1011011011033
5,GOLDGUINEA-GOLDPETAL,2019-03-29,,2019-02-20,2019-02-26,long a/short b,,,6,285.28528528528113,408.64492552552554,-123.3596402402444,test3,A (as frozen),-17.5,3.7,-1178.6786786786615
5,GOLDGUINEA-GOLDPETAL,2019-03-29,,2019-03-05,2019-03-06,short a/long b,,,1,25.02502502502466,396.96223883883886,-371.9372138138142,test3,A (as frozen),0.8,-1.2,-573.0730730730829
5,GOLDGUINEA-GOLDPETAL,2019-03-29,,2019-03-19,2019-03-26,short a/long b,,,7,360.3603603603551,395.3831783783784,-35.02281801802326,test3,A (as frozen),17.1,-11.0,-1101.1011011011033
10,GOLDGUINEA-GOLDPETAL,2019-03-29,,2019-02-20,2019-02-26,long a/short b,,,6,285.28528528528113,676.7805611611612,-391.4952758758801,test3,A (as frozen),-17.5,3.7,-1178.6786786786615
10,GOLDGUINEA-GOLDPETAL,2019-03-29,,2019-03-05,2019-03-06,short a/long b,,,1,25.02502502502466,655.1379145145146,-630.1128894894899,test3,A (as frozen),0.8,-1.2,-573.0730730730829
10,GOLDGUINEA-GOLDPETAL,2019-03-29,,2019-03-19,2019-03-26,short a/long b,,,7,360.3603603603551,652.1999951951952,-291.8396348348401,test3,A (as frozen),17.1,-11.0,-1101.1011011011033
0,GOLDGUINEA-GOLDPETAL,2019-04-30,,2019-04-08,2019-04-12,long a/short b,,,4,310.3103103103058,138.55317357357356,171.75713673673224,test3,A (as frozen),-20.2,3.9,-845.8458458458517
0,GOLDGUINEA-GOLDPETAL,2019-04-30,,2019-04-17,2019-04-25,short a/long b,,,8,1331.3313313313483,138.04159879879882,1193.2897325325496,test3,A (as frozen),21.3,-83.8,-425.42542542541923
5,GOLDGUINEA-GOLDPETAL,2019-04-30,,2019-04-08,2019-04-12,long a/short b,,,4,310.3103103103058,395.30492532532537,-84.99461501501958,test3,A (as frozen),-20.2,3.9,-845.8458458458517
5,GOLDGUINEA-GOLDPETAL,2019-04-30,,2019-04-17,2019-04-25,short a/long b,,,8,1331.3313313313483,391.5801373373374,939.7511939940109,test3,A (as frozen),21.3,-83.8,-425.42542542541923
10,GOLDGUINEA-GOLDPETAL,2019-04-30,,2019-04-08,2019-04-12,long a/short b,,,4,310.3103103103058,652.056677077077,-341.7463667667712,test3,A (as frozen),-20.2,3.9,-845.8458458458517
10,GOLDGUINEA-GOLDPETAL,2019-04-30,,2019-04-17,2019-04-25,short a/long b,,,8,1331.3313313313483,645.1186758758759,686.2126554554725,test3,A (as frozen),21.3,-83.8,-425.42542542541923
0,GOLDGUINEA-GOLDPETAL,2019-05-31,,2019-05-24,2019-05-28,long a/short b,,,4,-1471.4714714714682,137.91055655655657,-1609.3820280280247,test3,A (as frozen),-16.5,-133.1,-695.6956956957038
5,GOLDGUINEA-GOLDPETAL,2019-05-31,,2019-05-24,2019-05-28,long a/short b,,,4,-1471.4714714714682,391.338984984985,-1862.8104564564533,test3,A (as frozen),-16.5,-133.1,-695.6956956957038
10,GOLDGUINEA-GOLDPETAL,2019-05-31,,2019-05-24,2019-05-28,long a/short b,,,4,-1471.4714714714682,644.7674134134136,-2116.238884884882,test3,A (as frozen),-16.5,-133.1,-695.6956956957038
0,GOLDGUINEA-GOLDPETAL,2019-06-28,,2019-06-03,2019-06-10,long a/short b,,,7,330.3303303303437,138.99453013013013,191.33580020021358,test3,A (as frozen),-39.5,-13.9,845.8458458458335
0,GOLDGUINEA-GOLDPETAL,2019-06-28,,2019-06-12,2019-06-17,short a/long b,,,5,215.21521521521208,139.36723743743744,75.84797777777464,test3,A (as frozen),15.0,-1.5,573.0730730730829
5,GOLDGUINEA-GOLDPETAL,2019-06-28,,2019-06-03,2019-06-10,long a/short b,,,7,330.3303303303437,398.30884444444445,-67.97851411410073,test3,A (as frozen),-39.5,-13.9,845.8458458458335
5,GOLDGUINEA-GOLDPETAL,2019-06-28,,2019-06-12,2019-06-17,short a/long b,,,5,215.21521521521208,400.87624644644643,-185.66103123123435,test3,A (as frozen),15.0,-1.5,573.0730730730829
10,GOLDGUINEA-GOLDPETAL,2019-06-28,,2019-06-03,2019-06-10,long a/short b,,,7,330.3303303303437,657.6231587587588,-327.2928284284151,test3,A (as frozen),-39.5,-13.9,845.8458458458335
10,GOLDGUINEA-GOLDPETAL,2019-06-28,,2019-06-12,2019-06-17,short a/long b,,,5,215.21521521521208,662.3852554554554,-447.17004024024334,test3,A (as frozen),15.0,-1.5,573.0730730730829
0,GOLDGUINEA-GOLDPETAL,2019-07-31,,2019-06-26,2019-07-12,short a/long b,,,16,-320.32032032031566,141.5739783783784,-461.89429869869406,test3,A (as frozen),26.1,48.8,2482.4824824824645
0,GOLDGUINEA-GOLDPETAL,2019-07-31,,2019-07-18,2019-07-29,long a/short b,,,11,-1386.3863863864026,142.41976116116115,-1528.8061475475638,test3,A (as frozen),-19.3,-118.6,-212.71271271270962
5,GOLDGUINEA-GOLDPETAL,2019-07-31,,2019-06-26,2019-07-12,short a/long b,,,16,-320.32032032031566,416.04344784784786,-736.3637681681635,test3,A (as frozen),26.1,48.8,2482.4824824824645
5,GOLDGUINEA-GOLDPETAL,2019-07-31,,2019-07-18,2019-07-29,long a/short b,,,11,-1386.3863863864026,422.0568982982983,-1808.4432846847008,test3,A (as frozen),-19.3,-118.6,-212.71271271270962
10,GOLDGUINEA-GOLDPETAL,2019-07-31,,2019-06-26,2019-07-12,short a/long b,,,16,-320.32032032031566,690.5129173173173,-1010.8332376376329,test3,A (as frozen),26.1,48.8,2482.4824824824645
10,GOLDGUINEA-GOLDPETAL,2019-07-31,,2019-07-18,2019-07-29,long a/short b,,,11,-1386.3863863864026,701.6940354354354,-2088.080421821838,test3,A (as frozen),-19.3,-118.6,-212.71271271270962
0,GOLDGUINEA-GOLDPETAL,2019-08-30,,2019-07-18,2019-08-14,long a/short b,,,27,-1156.1561561561575,144.52849389389388,-1300.6846500500515,test3,A (as frozen),-13.2,-88.4,11514.014014014028
5,GOLDGUINEA-GOLDPETAL,2019-08-30,,2019-07-18,2019-08-14,long a/short b,,,27,-1156.1561561561575,436.37784324324326,-1592.5339993994007,test3,A (as frozen),-13.2,-88.4,11514.014014014028
10,GOLDGUINEA-GOLDPETAL,2019-08-30,,2019-07-18,2019-08-14,long a/short b,,,27,-1156.1561561561575,728.2271925925926,-1884.38334874875,test3,A (as frozen),-13.2,-88.4,11514.014014014028
0,GOLDGUINEA-GOLDPETAL,2019-09-30,,2019-08-06,2019-08-08,long a/short b,,,2,320.32032032033385,145.94062702702703,174.37969329330681,test3,A (as frozen),-39.0,-17.3,1761.7617617617543
0,GOLDGUINEA-GOLDPETAL,2019-09-30,,2019-08-26,2019-08-28,long a/short b,,,2,-265.2652652652432,147.95090190190191,-413.21616716714516,test3,A (as frozen),-40.7,-57.2,1629.1291291291418
0,GOLDGUINEA-GOLDPETAL,2019-09-30,,2019-09-05,2019-09-13,short a/long b,,,8,260.26026026027466,147.24784544544548,113.01241481482919,test3,A (as frozen),-10.2,-27.9,-5935.9359359359405
0,GOLDGUINEA-GOLDPETAL,2019-09-30,,2019-09-18,2019-09-19,short a/long b,,,1,25.02502502502466,146.4937075075075,-121.46868248248285,test3,A (as frozen),-24.1,-25.8,-533.0330330330435
5,GOLDGUINEA-GOLDPETAL,2019-09-30,,2019-08-06,2019-08-08,long a/short b,,,2,320.32032032033385,445.6603467467467,-125.34002642641286,test3,A (as frozen),-39.0,-17.3,1761.7617617617543
5,GOLDGUINEA-GOLDPETAL,2019-09-30,,2019-08-26,2019-08-28,long a/short b,,,2,-265.2652652652432,459.49995095095096,-724.7652162161942,test3,A (as frozen),-40.7,-57.2,1629.1291291291418
5,GOLDGUINEA-GOLDPETAL,2019-09-30,,2019-09-05,2019-09-13,short a/long b,,,8,260.26026026027466,454.5851827827828,-194.32492252250813,test3,A (as frozen),-10.2,-27.9,-5935.9359359359405
5,GOLDGUINEA-GOLDPETAL,2019-09-30,,2019-09-18,2019-09-19,short a/long b,,,1,25.02502502502466,449.49921301301305,-424.4741879879884,test3,A (as frozen),-24.1,-25.8,-533.0330330330435
10,GOLDGUINEA-GOLDPETAL,2019-09-30,,2019-08-06,2019-08-08,long a/short b,,,2,320.32032032033385,745.3800664664664,-425.0597461461325,test3,A (as frozen),-39.0,-17.3,1761.7617617617543
10,GOLDGUINEA-GOLDPETAL,2019-09-30,,2019-08-26,2019-08-28,long a/short b,,,2,-265.2652652652432,771.0490000000001,-1036.3142652652432,test3,A (as frozen),-40.7,-57.2,1629.1291291291418
10,GOLDGUINEA-GOLDPETAL,2019-09-30,,2019-09-05,2019-09-13,short a/long b,,,8,260.26026026027466,761.9225201201201,-501.66225985984545,test3,A (as frozen),-10.2,-27.9,-5935.9359359359405
10,GOLDGUINEA-GOLDPETAL,2019-09-30,,2019-09-18,2019-09-19,short a/long b,,,1,25.02502502502466,752.5047185185185,-727.4796934934939,test3,A (as frozen),-24.1,-25.8,-533.0330330330435
0,GOLDGUINEA-GOLDPETAL,2019-10-31,,2019-09-17,2019-09-30,long a/short b,,,13,260.26026026027466,146.38652452452453,113.87373573575013,test3,A (as frozen),-19.9,-3.0,-4074.0740740740694
0,GOLDGUINEA-GOLDPETAL,2019-10-31,,2019-10-01,2019-10-07,short a/long b,,,6,690.6906906906988,146.4613925925926,544.2292980981063,test3,A (as frozen),4.3,-41.2,1256.2562562562562
0,GOLDGUINEA-GOLDPETAL,2019-10-31,,2019-10-14,2019-10-23,long a/short b,,,9,180.18018018017756,146.90217897897895,33.278001201198606,test3,A (as frozen),-82.0,-70.1,210.21021021020715
5,GOLDGUINEA-GOLDPETAL,2019-10-31,,2019-09-17,2019-09-30,long a/short b,,,13,260.26026026027466,448.71385185185187,-188.4535915915772,test3,A (as frozen),-19.9,-3.0,-4074.0740740740694
5,GOLDGUINEA-GOLDPETAL,2019-10-31,,2019-10-01,2019-10-07,short a/long b,,,6,690.6906906906988,449.12405525525526,241.56663543544357,test3,A (as frozen),4.3,-41.2,1256.2562562562562
5,GOLDGUINEA-GOLDPETAL,2019-10-31,,2019-10-14,2019-10-23,long a/short b,,,9,180.18018018017756,452.24752432432433,-272.0673441441468,test3,A (as frozen),-82.0,-70.1,210.21021021020715
10,GOLDGUINEA-GOLDPETAL,2019-10-31,,2019-09-17,2019-09-30,long a/short b,,,13,260.26026026027466,751.0411791791792,-490.7809189189045,test3,A (as frozen),-19.9,-3.0,-4074.0740740740694
10,GOLDGUINEA-GOLDPETAL,2019-10-31,,2019-10-01,2019-10-07,short a/long b,,,6,690.6906906906988,751.7867179179179,-61.09602722721911,test3,A (as frozen),4.3,-41.2,1256.2562562562562
10,GOLDGUINEA-GOLDPETAL,2019-10-31,,2019-10-14,2019-10-23,long a/short b,,,9,180.18018018017756,757.5928696696697,-577.4126894894921,test3,A (as frozen),-82.0,-70.1,210.21021021020715
0,GOLDGUINEA-GOLDPETAL,2019-11-29,,2019-10-25,2019-11-11,long a/short b,,,17,-510.5105105105031,147.11548028028028,-657.6259907907834,test3,A (as frozen),-66.9,-100.3,-215.21521521521208
0,GOLDGUINEA-GOLDPETAL,2019-11-29,,2019-11-20,2019-11-26,long a/short b,,,6,1511.5115115115077,147.6678934934935,1363.8436180180142,test3,A (as frozen),-187.1,-89.7,-325.3253253253206
5,GOLDGUINEA-GOLDPETAL,2019-11-29,,2019-10-25,2019-11-11,long a/short b,,,17,-510.5105105105031,453.862227027027,-964.3727375375302,test3,A (as frozen),-66.9,-100.3,-215.21521521521208
5,GOLDGUINEA-GOLDPETAL,2019-11-29,,2019-11-20,2019-11-26,long a/short b,,,6,1511.5115115115077,457.15738298298294,1054.3541285285248,test3,A (as frozen),-187.1,-89.7,-325.3253253253206
10,GOLDGUINEA-GOLDPETAL,2019-11-29,,2019-10-25,2019-11-11,long a/short b,,,17,-510.5105105105031,760.6089737737739,-1271.119484284277,test3,A (as frozen),-66.9,-100.3,-215.21521521521208
10,GOLDGUINEA-GOLDPETAL,2019-11-29,,2019-11-20,2019-11-26,long a/short b,,,6,1511.5115115115077,766.6468724724725,744.8646390390352,test3,A (as frozen),-187.1,-89.7,-325.3253253253206
0,GOLDGUINEA-GOLDPETAL,2019-12-31,,2019-11-22,2019-12-02,long a/short b,,,10,-95.09509509509371,147.34592132132133,-242.44101641641504,test3,A (as frozen),-116.2,-122.6,-287.7877877877836
0,GOLDGUINEA-GOLDPETAL,2019-12-31,,2019-12-05,2019-12-10,long a/short b,,,5,490.49049049048335,147.2673801801802,343.2231103103031,test3,A (as frozen),-150.3,-119.2,-915.9159159159026
0,GOLDGUINEA-GOLDPETAL,2019-12-31,,2019-12-16,2019-12-20,short a/long b,,,4,125.1251251251233,147.21963783783784,-22.094512712714533,test3,A (as frozen),-104.3,-112.4,177.67767767771147
0,GOLDGUINEA-GOLDPETAL,2019-12-31,,2019-12-24,2019-12-30,short a/long b,,,6,-340.3403403403354,147.33998358358357,-487.680323923919,test3,A (as frozen),14.1,35.8,2452.452452452453
5,GOLDGUINEA-GOLDPETAL,2019-12-31,,2019-11-22,2019-12-02,long a/short b,,,10,-95.09509509509371,455.3364118118118,-550.4315069069055,test3,A (as frozen),-116.2,-122.6,-287.7877877877836
5,GOLDGUINEA-GOLDPETAL,2019-12-31,,2019-12-05,2019-12-10,long a/short b,,,5,490.49049049048335,454.6647775775775,35.82571291290583,test3,A (as frozen),-150.3,-119.2,-915.9159159159026
5,GOLDGUINEA-GOLDPETAL,2019-12-31,,2019-12-16,2019-12-20,short a/long b,,,4,125.1251251251233,454.42434254254255,-329.29921741741924,test3,A (as frozen),-104.3,-112.4,177.67767767771147
5,GOLDGUINEA-GOLDPETAL,2019-12-31,,2019-12-24,2019-12-30,short a/long b,,,6,-340.3403403403354,455.35299659659665,-795.693336936932,test3,A (as frozen),14.1,35.8,2452.452452452453
10,GOLDGUINEA-GOLDPETAL,2019-12-31,,2019-11-22,2019-12-02,long a/short b,,,10,-95.09509509509371,763.3269023023023,-858.421997397396,test3,A (as frozen),-116.2,-122.6,-287.7877877877836
10,GOLDGUINEA-GOLDPETAL,2019-12-31,,2019-12-05,2019-12-10,long a/short b,,,5,490.49049049048335,762.0621749749749,-271.5716844844916,test3,A (as frozen),-150.3,-119.2,-915.9159159159026
10,GOLDGUINEA-GOLDPETAL,2019-12-31,,2019-12-16,2019-12-20,short a/long b,,,4,125.1251251251233,761.6290472472474,-636.5039221221241,test3,A (as frozen),-104.3,-112.4,177.67767767771147
10,GOLDGUINEA-GOLDPETAL,2019-12-31,,2019-12-24,2019-12-30,short a/long b,,,6,-340.3403403403354,763.3660096096096,-1103.706349949945,test3,A (as frozen),14.1,35.8,2452.452452452453
0,GOLDGUINEA-GOLDPETAL,2020-01-31,,2019-12-24,2019-12-31,short a/long b,,,7,-160.16016016017602,147.87465305305307,-308.0348132132291,test3,A (as frozen),-33.0,-22.4,1521.5215215215176
5,GOLDGUINEA-GOLDPETAL,2020-01-31,,2019-12-24,2019-12-31,short a/long b,,,7,-160.16016016017602,458.95573413413416,-619.1158942943102,test3,A (as frozen),-33.0,-22.4,1521.5215215215176
10,GOLDGUINEA-GOLDPETAL,2020-01-31,,2019-12-24,2019-12-31,short a/long b,,,7,-160.16016016017602,770.0368152152154,-930.1969753753914,test3,A (as frozen),-33.0,-22.4,1521.5215215215176
0,GOLDGUINEA,2020-03-31,2020-04-03,2020-02-21,2020-02-26,buy X / sell GOLDM,-146.8,-58.3,5,8705.372842540237,386.2510645889406,8319.121777951295,test2,C (retrained),,,
0,GOLDGUINEA,2020-03-31,2020-04-03,2020-03-16,2020-03-24,sell X / buy GOLDM,200.9,276.0,8,-9685.75272948101,377.1579212918082,-10062.910650772817,test2,C (retrained),,,
0,GOLDGUINEA,2020-05-29,2020-06-05,2020-04-22,2020-05-07,sell X / buy GOLDM,107.8,60.5,15,1241.060863985149,411.65590739738354,829.4049565877654,test2,C (retrained),,,
0,GOLDGUINEA,2020-06-30,2020-07-03,2020-05-22,2020-06-08,sell X / buy GOLDM,86.9,75.3,17,2116.4632096924834,415.9024939791873,1700.560715713296,test2,C (retrained),,,
0,GOLDGUINEA,2023-03-31,2023-04-05,2023-03-16,2023-03-24,buy X / sell GOLDM,-175.8,-126.8,8,5491.648111067843,496.5598836474095,4995.088227420434,test2,C (retrained),,,
0,GOLDGUINEA,2023-10-31,2023-11-03,2023-10-04,2023-10-09,sell X / buy GOLDM,124.2,93.1,5,3100.4232864204823,488.42773684961986,2611.9955495708623,test2,C (retrained),,,
0,GOLDPETAL,2020-03-31,2020-04-03,2020-02-21,2020-03-09,buy X / sell GOLDM,-204.5,-214.3,17,766.5451169505104,390.2154786872904,376.32963826322003,test2,C (retrained),,,
0,GOLDPETAL,2020-03-31,2020-04-03,2020-03-10,2020-03-24,buy X / sell GOLDM,-179.9,-306.0,14,-14689.06302806272,383.63282831972253,-15072.695856382441,test2,C (retrained),,,
0,GOLDPETAL,2020-04-30,2020-05-05,2020-03-26,2020-04-01,buy X / sell GOLDM,-294.2,-73.6,6,17303.78929357248,388.6023907886558,16915.186902783826,test2,C (retrained),,,
0,GOLDPETAL,2020-09-30,2020-10-05,2020-08-11,2020-08-26,sell X / buy GOLDM,135.4,90.9,15,7891.610841542206,457.0741773965501,7434.536664145656,test2,C (retrained),,,
0,GOLDPETAL,2023-02-28,2023-03-03,2023-02-07,2023-02-21,buy X / sell GOLDM,-205.6,-225.3,14,-2063.2261115892106,480.1019110949122,-2543.328022684123,test2,C (retrained),,,
0,GOLDPETAL,2023-03-31,2023-04-05,2023-03-13,2023-03-24,buy X / sell GOLDM,-215.6,-127.0,11,-418.79636252451746,491.71699018617466,-910.5133527106921,test2,C (retrained),,,
0,GOLDPETAL,2023-04-28,2023-05-05,2023-03-29,2023-04-13,buy X / sell GOLDM,-173.1,-99.3,15,8058.567585333549,505.68320060515947,7552.88438472839,test2,C (retrained),,,
5,GOLDGUINEA,2020-03-31,2020-04-03,2020-02-21,2020-02-26,buy X / sell GOLDM,-146.8,-58.3,5,8705.372842540237,2081.8237127697166,6623.54912977052,test2,C (retrained),,,
5,GOLDGUINEA,2020-03-31,2020-04-03,2020-03-16,2020-03-24,sell X / buy GOLDM,200.9,276.0,8,-9685.75272948101,2024.1178526609765,-11709.870582141986,test2,C (retrained),,,
5,GOLDGUINEA,2020-05-29,2020-06-05,2020-04-22,2020-05-07,sell X / buy GOLDM,107.8,60.5,15,1241.060863985149,2256.7365551569465,-1015.6756911717976,test2,C (retrained),,,
5,GOLDGUINEA,2020-06-30,2020-07-03,2020-05-22,2020-06-08,sell X / buy GOLDM,86.9,75.3,17,2116.4632096924834,2285.4804107474492,-169.01720105496588,test2,C (retrained),,,
5,GOLDGUINEA,2023-03-31,2023-04-05,2023-03-16,2023-03-24,buy X / sell GOLDM,-175.8,-126.8,8,5491.648111067843,2834.509032803801,2657.1390782640424,test2,C (retrained),,,
5,GOLDGUINEA,2023-10-31,2023-11-03,2023-10-04,2023-10-09,sell X / buy GOLDM,124.2,93.1,5,3100.4232864204823,2779.631319435491,320.7919669849912,test2,C (retrained),,,
5,GOLDPETAL,2020-03-31,2020-04-03,2020-02-21,2020-03-09,buy X / sell GOLDM,-204.5,-214.3,17,766.5451169505104,2110.6948695819647,-1344.1497526314542,test2,C (retrained),,,
5,GOLDPETAL,2020-03-31,2020-04-03,2020-03-10,2020-03-24,buy X / sell GOLDM,-179.9,-306.0,14,-14689.06302806272,2069.419187328826,-16758.482215391545,test2,C (retrained),,,
5,GOLDPETAL,2020-04-30,2020-05-05,2020-03-26,2020-04-01,buy X / sell GOLDM,-294.2,-73.6,6,17303.78929357248,2095.851339235101,15207.93795433738,test2,C (retrained),,,
5,GOLDPETAL,2020-09-30,2020-10-05,2020-08-11,2020-08-26,sell X / buy GOLDM,135.4,90.9,15,7891.610841542206,2564.790050842853,5326.820790699353,test2,C (retrained),,,
5,GOLDPETAL,2023-02-28,2023-03-03,2023-02-07,2023-02-21,buy X / sell GOLDM,-205.6,-225.3,14,-2063.2261115892106,2724.0784126036124,-4787.304524192823,test2,C (retrained),,,
5,GOLDPETAL,2023-03-31,2023-04-05,2023-03-13,2023-03-24,buy X / sell GOLDM,-215.6,-127.0,11,-418.79636252451746,2802.8718415163025,-3221.66820404082,test2,C (retrained),,,
5,GOLDPETAL,2023-04-28,2023-05-05,2023-03-29,2023-04-13,buy X / sell GOLDM,-173.1,-99.3,15,8058.567585333549,2896.102336841467,5162.465248492082,test2,C (retrained),,,
10,GOLDGUINEA,2020-03-31,2020-04-03,2020-02-21,2020-02-26,buy X / sell GOLDM,-146.8,-58.3,5,8705.372842540237,3777.396360950493,4927.976481589743,test2,C (retrained),,,
10,GOLDGUINEA,2020-03-31,2020-04-03,2020-03-16,2020-03-24,sell X / buy GOLDM,200.9,276.0,8,-9685.75272948101,3671.0777840301444,-13356.830513511155,test2,C (retrained),,,
10,GOLDGUINEA,2020-05-29,2020-06-05,2020-04-22,2020-05-07,sell X / buy GOLDM,107.8,60.5,15,1241.060863985149,4101.817202916509,-2860.75633893136,test2,C (retrained),,,
10,GOLDGUINEA,2020-06-30,2020-07-03,2020-05-22,2020-06-08,sell X / buy GOLDM,86.9,75.3,17,2116.4632096924834,4155.058327515711,-2038.595117823228,test2,C (retrained),,,
10,GOLDGUINEA,2023-03-31,2023-04-05,2023-03-16,2023-03-24,buy X / sell GOLDM,-175.8,-126.8,8,5491.648111067843,5172.458181960192,319.18992910765155,test2,C (retrained),,,
10,GOLDGUINEA,2023-10-31,2023-11-03,2023-10-04,2023-10-09,sell X / buy GOLDM,124.2,93.1,5,3100.4232864204823,5070.834902021363,-1970.4116156008804,test2,C (retrained),,,
10,GOLDPETAL,2020-03-31,2020-04-03,2020-02-21,2020-03-09,buy X / sell GOLDM,-204.5,-214.3,17,766.5451169505104,3831.1742604766387,-3064.6291435261282,test2,C (retrained),,,
10,GOLDPETAL,2020-03-31,2020-04-03,2020-03-10,2020-03-24,buy X / sell GOLDM,-179.9,-306.0,14,-14689.06302806272,3755.2055463379297,-18444.26857440065,test2,C (retrained),,,
10,GOLDPETAL,2020-04-30,2020-05-05,2020-03-26,2020-04-01,buy X / sell GOLDM,-294.2,-73.6,6,17303.78929357248,3803.1002876815464,13500.689005890934,test2,C (retrained),,,
10,GOLDPETAL,2020-09-30,2020-10-05,2020-08-11,2020-08-26,sell X / buy GOLDM,135.4,90.9,15,7891.610841542206,4672.505924289156,3219.10491725305,test2,C (retrained),,,
10,GOLDPETAL,2023-02-28,2023-03-03,2023-02-07,2023-02-21,buy X / sell GOLDM,-205.6,-225.3,14,-2063.2261115892106,4968.054914112314,-7031.281025701524,test2,C (retrained),,,
10,GOLDPETAL,2023-03-31,2023-04-05,2023-03-13,2023-03-24,buy X / sell GOLDM,-215.6,-127.0,11,-418.79636252451746,5114.026692846431,-5532.823055370948,test2,C (retrained),,,
10,GOLDPETAL,2023-04-28,2023-05-05,2023-03-29,2023-04-13,buy X / sell GOLDM,-173.1,-99.3,15,8058.567585333549,5286.521473077775,2772.0461122557736,test2,C (retrained),,,
0,GOLDGUINEA,2020-03-31,2020-04-03,2020-02-21,2020-03-02,buy X / sell GOLDM,-146.8,39.7,10,14390.067607968194,385.21537238717656,14004.852235581018,test2,B (as frozen),,,
0,GOLDGUINEA,2020-03-31,2020-04-03,2020-03-16,2020-03-24,sell X / buy GOLDM,200.9,276.0,8,-9685.75272948101,377.1579212918082,-10062.910650772817,test2,B (as frozen),,,
0,GOLDGUINEA,2020-05-29,2020-06-05,2020-04-22,2020-05-22,sell X / buy GOLDM,107.8,43.5,30,3203.0870919114022,415.7456470156828,2787.3414448957196,test2,B (as frozen),,,
0,GOLDGUINEA,2023-03-31,2023-04-05,2023-03-16,2023-03-24,buy X / sell GOLDM,-175.8,-126.8,8,5491.648111067843,496.5598836474095,4995.088227420434,test2,B (as frozen),,,
0,GOLDGUINEA,2023-08-31,2023-09-05,2023-08-09,2023-08-24,sell X / buy GOLDM,139.8,76.1,15,6182.860408629313,500.8198890178253,5682.040519611487,test2,B (as frozen),,,
0,GOLDGUINEA,2023-09-29,2023-10-05,2023-09-11,2023-09-22,sell X / buy GOLDM,138.1,119.8,11,-1316.894700454759,502.9812567735163,-1819.8759572282752,test2,B (as frozen),,,
0,GOLDGUINEA,2023-10-31,2023-11-03,2023-09-27,2023-10-09,sell X / buy GOLDM,164.2,93.1,12,5104.726617875349,495.0413418136042,4609.685276061745,test2,B (as frozen),,,
0,GOLDPETAL,2020-02-28,2020-03-05,2020-01-31,2020-02-21,buy X / sell GOLDM,-155.2,-209.8,21,-7003.659356996013,377.9850815086337,-7381.644438504647,test2,B (as frozen),,,
0,GOLDPETAL,2020-03-31,2020-04-03,2020-02-25,2020-03-24,buy X / sell GOLDM,-143.5,-306.0,28,-16242.714283945952,380.35351132335245,-16623.067795269304,test2,B (as frozen),,,
0,GOLDPETAL,2020-04-30,2020-05-05,2020-03-26,2020-04-09,buy X / sell GOLDM,-294.2,26.0,14,25281.20509100936,396.9376047881519,24884.267486221208,test2,B (as frozen),,,
0,GOLDPETAL,2020-09-30,2020-10-05,2020-08-11,2020-09-23,sell X / buy GOLDM,135.4,47.3,43,9905.327237929487,452.1168477724581,9453.210390157028,test2,B (as frozen),,,
0,GOLDPETAL,2021-06-30,2021-07-05,2021-05-25,2021-06-23,buy X / sell GOLDM,-153.1,-168.3,29,-531.3878065166136,421.9252000556757,-953.3130065722894,test2,B (as frozen),,,
0,GOLDPETAL,2021-07-30,2021-08-05,2021-07-08,2021-07-23,buy X / sell GOLDM,-140.2,-131.1,15,1813.468088746231,420.81974200065315,1392.6483467455778,test2,B (as frozen),,,
0,GOLDPETAL,2023-02-28,2023-03-03,2023-01-24,2023-02-21,buy X / sell GOLDM,-208.0,-225.3,28,-2220.564974527224,480.0340681066235,-2700.5990426338476,test2,B (as frozen),,,
0,GOLDPETAL,2023-03-31,2023-04-05,2023-02-23,2023-03-24,buy X / sell GOLDM,-153.3,-127.0,29,-4454.729016114834,487.82680137124856,-4942.555817486083,test2,B (as frozen),,,
0,GOLDPETAL,2023-04-28,2023-05-05,2023-03-29,2023-04-21,buy X / sell GOLDM,-173.1,-31.5,23,16614.176743465214,503.69598310902404,16110.48076035619,test2,B (as frozen),,,
5,GOLDGUINEA,2020-03-31,2020-04-03,2020-02-21,2020-03-02,buy X / sell GOLDM,-146.8,39.7,10,14390.067607968194,2073.441115074809,12316.626492893385,test2,B (as frozen),,,
5,GOLDGUINEA,2020-03-31,2020-04-03,2020-03-16,2020-03-24,sell X / buy GOLDM,200.9,276.0,8,-9685.75272948101,2024.1178526609765,-11709.870582141986,test2,B (as frozen),,,
5,GOLDGUINEA,2020-05-29,2020-06-05,2020-04-22,2020-05-22,sell X / buy GOLDM,107.8,43.5,30,3203.0870919114022,2284.1584176764914,918.9286742349109,test2,B (as frozen),,,
5,GOLDGUINEA,2023-03-31,2023-04-05,2023-03-16,2023-03-24,buy X / sell GOLDM,-175.8,-126.8,8,5491.648111067843,2834.509032803801,2657.1390782640424,test2,B (as frozen),,,
5,GOLDGUINEA,2023-08-31,2023-09-05,2023-08-09,2023-08-24,sell X / buy GOLDM,139.8,76.1,15,6182.860408629313,2863.3872145266673,3319.4731941026453,test2,B (as frozen),,,
5,GOLDGUINEA,2023-09-29,2023-10-05,2023-09-11,2023-09-22,sell X / buy GOLDM,138.1,119.8,11,-1316.894700454759,2879.865461994168,-4196.760162448927,test2,B (as frozen),,,
5,GOLDGUINEA,2023-10-31,2023-11-03,2023-09-27,2023-10-09,sell X / buy GOLDM,164.2,93.1,12,5104.726617875349,2824.2476746945326,2280.4789431808163,test2,B (as frozen),,,
5,GOLDPETAL,2020-02-28,2020-03-05,2020-01-31,2020-02-21,buy X / sell GOLDM,-155.2,-209.8,21,-7003.659356996013,2029.1322888313043,-9032.791645827318,test2,B (as frozen),,,
5,GOLDPETAL,2020-03-31,2020-04-03,2020-02-25,2020-03-24,buy X / sell GOLDM,-143.5,-306.0,28,-16242.714283945952,2047.4266842800198,-18290.140968225973,test2,B (as frozen),,,
5,GOLDPETAL,2020-04-30,2020-05-05,2020-03-26,2020-04-09,buy X / sell GOLDM,-294.2,26.0,14,25281.20509100936,2150.8135737534353,23130.391517255925,test2,B (as frozen),,,
5,GOLDPETAL,2020-09-30,2020-10-05,2020-08-11,2020-09-23,sell X / buy GOLDM,135.4,47.3,43,9905.327237929487,2530.529101628559,7374.798136300928,test2,B (as frozen),,,
5,GOLDPETAL,2021-06-30,2021-07-05,2021-05-25,2021-06-23,buy X / sell GOLDM,-153.1,-168.3,29,-531.3878065166136,2327.1512096411593,-2858.539016157773,test2,B (as frozen),,,
5,GOLDPETAL,2021-07-30,2021-08-05,2021-07-08,2021-07-23,buy X / sell GOLDM,-140.2,-131.1,15,1813.468088746231,2319.0701100619794,-505.6020213157485,test2,B (as frozen),,,
5,GOLDPETAL,2023-02-28,2023-03-03,2023-01-24,2023-02-21,buy X / sell GOLDM,-208.0,-225.3,28,-2220.564974527224,2723.652557552904,-4944.217532080128,test2,B (as frozen),,,
5,GOLDPETAL,2023-03-31,2023-04-05,2023-02-23,2023-03-24,buy X / sell GOLDM,-153.3,-127.0,29,-4454.729016114834,2777.2927770104593,-7232.021793125294,test2,B (as frozen),,,
5,GOLDPETAL,2023-04-28,2023-05-05,2023-03-29,2023-04-21,buy X / sell GOLDM,-173.1,-31.5,23,16614.176743465214,2880.565550578111,13733.611192887103,test2,B (as frozen),,,
10,GOLDGUINEA,2020-03-31,2020-04-03,2020-02-21,2020-03-02,buy X / sell GOLDM,-146.8,39.7,10,14390.067607968194,3761.6668577624423,10628.400750205752,test2,B (as frozen),,,
10,GOLDGUINEA,2020-03-31,2020-04-03,2020-03-16,2020-03-24,sell X / buy GOLDM,200.9,276.0,8,-9685.75272948101,3671.0777840301444,-13356.830513511155,test2,B (as frozen),,,
10,GOLDGUINEA,2020-05-29,2020-06-05,2020-04-22,2020-05-22,sell X / buy GOLDM,107.8,43.5,30,3203.0870919114022,4152.571188337301,-949.4840964258983,test2,B (as frozen),,,
10,GOLDGUINEA,2023-03-31,2023-04-05,2023-03-16,2023-03-24,buy X / sell GOLDM,-175.8,-126.8,8,5491.648111067843,5172.458181960192,319.18992910765155,test2,B (as frozen),,,
10,GOLDGUINEA,2023-08-31,2023-09-05,2023-08-09,2023-08-24,sell X / buy GOLDM,139.8,76.1,15,6182.860408629313,5225.95454003551,956.9058685938026,test2,B (as frozen),,,
10,GOLDGUINEA,2023-09-29,2023-10-05,2023-09-11,2023-09-22,sell X / buy GOLDM,138.1,119.8,11,-1316.894700454759,5256.74966721482,-6573.644367669579,test2,B (as frozen),,,
10,GOLDGUINEA,2023-10-31,2023-11-03,2023-09-27,2023-10-09,sell X / buy GOLDM,164.2,93.1,12,5104.726617875349,5153.454007575461,-48.727389700112326,test2,B (as frozen),,,
10,GOLDPETAL,2020-02-28,2020-03-05,2020-01-31,2020-02-21,buy X / sell GOLDM,-155.2,-209.8,21,-7003.659356996013,3680.279496153975,-10683.938853149988,test2,B (as frozen),,,
10,GOLDPETAL,2020-03-31,2020-04-03,2020-02-25,2020-03-24,buy X / sell GOLDM,-143.5,-306.0,28,-16242.714283945952,3714.499857236687,-19957.214141182638,test2,B (as frozen),,,
10,GOLDPETAL,2020-04-30,2020-05-05,2020-03-26,2020-04-09,buy X / sell GOLDM,-294.2,26.0,14,25281.20509100936,3904.6895427187183,21376.51554829064,test2,B (as frozen),,,
10,GOLDPETAL,2020-09-30,2020-10-05,2020-08-11,2020-09-23,sell X / buy GOLDM,135.4,47.3,43,9905.327237929487,4608.94135548466,5296.385882444827,test2,B (as frozen),,,
10,GOLDPETAL,2021-06-30,2021-07-05,2021-05-25,2021-06-23,buy X / sell GOLDM,-153.1,-168.3,29,-531.3878065166136,4232.377219226643,-4763.765025743257,test2,B (as frozen),,,
10,GOLDPETAL,2021-07-30,2021-08-05,2021-07-08,2021-07-23,buy X / sell GOLDM,-140.2,-131.1,15,1813.468088746231,4217.320478123306,-2403.8523893770753,test2,B (as frozen),,,
10,GOLDPETAL,2023-02-28,2023-03-03,2023-01-24,2023-02-21,buy X / sell GOLDM,-208.0,-225.3,28,-2220.564974527224,4967.271046999185,-7187.836021526409,test2,B (as frozen),,,
10,GOLDPETAL,2023-03-31,2023-04-05,2023-02-23,2023-03-24,buy X / sell GOLDM,-153.3,-127.0,29,-4454.729016114834,5066.75875264967,-9521.487768764504,test2,B (as frozen),,,
10,GOLDPETAL,2023-04-28,2023-05-05,2023-03-29,2023-04-21,buy X / sell GOLDM,-173.1,-31.5,23,16614.176743465214,5257.435118047199,11356.741625418015,test2,B (as frozen),,,
0,GOLDGUINEA-GOLDPETAL,2020-01-31,,2020-01-07,2020-01-24,short a/long b,,,17,-700.7007007007451,149.57825465465464,-850.2789553553997,test2,A (as frozen),5.2,49.4,-3053.053053053027
5,GOLDGUINEA-GOLDPETAL,2020-01-31,,2020-01-07,2020-01-24,short a/long b,,,17,-700.7007007007451,470.6943707707707,-1171.3950714715158,test2,A (as frozen),5.2,49.4,-3053.053053053027
10,GOLDGUINEA-GOLDPETAL,2020-01-31,,2020-01-07,2020-01-24,short a/long b,,,17,-700.7007007007451,791.8104868868868,-1492.5111875876319,test2,A (as frozen),5.2,49.4,-3053.053053053027
0,GOLDGUINEA-GOLDPETAL,2020-02-28,,2020-01-07,2020-01-10,short a/long b,,,3,290.29029029032245,149.75556796796798,140.53472232235447,test2,A (as frozen),3.7,-14.4,-2707.7077077077047
0,GOLDGUINEA-GOLDPETAL,2020-02-28,,2020-01-24,2020-02-19,short a/long b,,,26,405.4054054054177,150.1219961961962,255.2834092092215,test2,A (as frozen),31.2,5.8,3040.540540540551
0,GOLDGUINEA-GOLDPETAL,2020-02-28,,2020-02-20,2020-02-24,long a/short b,,,4,3138.1381381381652,152.6165019019019,2985.5216362362635,test2,A (as frozen),52.7,232.0,7655.155155155153
5,GOLDGUINEA-GOLDPETAL,2020-02-28,,2020-01-07,2020-01-10,short a/long b,,,3,290.29029029032245,471.67248488488485,-181.3821945945624,test2,A (as frozen),3.7,-14.4,-2707.7077077077047
5,GOLDGUINEA-GOLDPETAL,2020-02-28,,2020-01-24,2020-02-19,short a/long b,,,26,405.4054054054177,474.1435177177177,-68.73811231230002,test2,A (as frozen),31.2,5.8,3040.540540540551
5,GOLDGUINEA-GOLDPETAL,2020-02-28,,2020-02-20,2020-02-24,long a/short b,,,4,3138.1381381381652,490.5118972972973,2647.626240840868,test2,A (as frozen),52.7,232.0,7655.155155155153
10,GOLDGUINEA-GOLDPETAL,2020-02-28,,2020-01-07,2020-01-10,short a/long b,,,3,290.29029029032245,793.5894018018018,-503.2991115114794,test2,A (as frozen),3.7,-14.4,-2707.7077077077047
10,GOLDGUINEA-GOLDPETAL,2020-02-28,,2020-01-24,2020-02-19,short a/long b,,,26,405.4054054054177,798.1650392392393,-392.75963383382157,test2,A (as frozen),31.2,5.8,3040.540540540551
10,GOLDGUINEA-GOLDPETAL,2020-02-28,,2020-02-20,2020-02-24,long a/short b,,,4,3138.1381381381652,828.4072926926926,2309.7308454454724,test2,A (as frozen),52.7,232.0,7655.155155155153
0,GOLDGUINEA-GOLDPETAL,2020-03-31,,2020-02-14,2020-02-19,short a/long b,,,5,260.26026026029285,150.53136256256255,109.7288976977303,test2,A (as frozen),29.6,13.4,1711.7117117117232
0,GOLDGUINEA-GOLDPETAL,2020-03-31,,2020-02-24,2020-03-27,short a/long b,,,32,-6526.526526526541,153.68366326326327,-6680.210189789804,test2,A (as frozen),101.2,476.3,1141.1411411411245
5,GOLDGUINEA-GOLDPETAL,2020-03-31,,2020-02-14,2020-02-19,short a/long b,,,5,260.26026026029285,476.967798998999,-216.70753873870615,test2,A (as frozen),29.6,13.4,1711.7117117117232
5,GOLDGUINEA-GOLDPETAL,2020-03-31,,2020-02-24,2020-03-27,short a/long b,,,32,-6526.526526526541,500.03501461461457,-7026.561541141155,test2,A (as frozen),101.2,476.3,1141.1411411411245
10,GOLDGUINEA-GOLDPETAL,2020-03-31,,2020-02-14,2020-02-19,short a/long b,,,5,260.26026026029285,803.4042354354353,-543.1439751751425,test2,A (as frozen),29.6,13.4,1711.7117117117232
10,GOLDGUINEA-GOLDPETAL,2020-03-31,,2020-02-24,2020-03-27,short a/long b,,,32,-6526.526526526541,846.386365965966,-7372.912892492506,test2,A (as frozen),101.2,476.3,1141.1411411411245
0,GOLDGUINEA-GOLDPETAL,2020-04-30,,2020-03-03,2020-03-09,short a/long b,,,6,740.74074074073,154.58442042042043,586.1563203203095,test2,A (as frozen),118.0,73.6,3833.833833833778
0,GOLDGUINEA-GOLDPETAL,2020-04-30,,2020-03-17,2020-03-27,short a/long b,,,10,1821.8218218217953,152.0548868868869,1669.7669349349085,test2,A (as frozen),290.3,167.7,10060.06006006006
0,GOLDGUINEA-GOLDPETAL,2020-04-30,,2020-03-31,2020-04-20,long a/short b,,,20,535.5355355355641,156.10309929929932,379.43243623626483,test2,A (as frozen),87.7,110.4,13080.580580580572
0,GOLDGUINEA-GOLDPETAL,2020-04-30,,2020-04-22,2020-04-27,short a/long b,,,5,4304.304304304278,159.30633353353352,4144.997970770744,test2,A (as frozen),86.9,-141.6,1011.0110110110327
5,GOLDGUINEA-GOLDPETAL,2020-04-30,,2020-03-03,2020-03-09,short a/long b,,,6,740.74074074073,504.4843203203203,236.25642042040965,test2,A (as frozen),118.0,73.6,3833.833833833778
5,GOLDGUINEA-GOLDPETAL,2020-04-30,,2020-03-17,2020-03-27,short a/long b,,,10,1821.8218218217953,486.9898218218218,1334.8319999999735,test2,A (as frozen),290.3,167.7,10060.06006006006
5,GOLDGUINEA-GOLDPETAL,2020-04-30,,2020-03-31,2020-04-20,long a/short b,,,20,535.5355355355641,514.8843805805806,20.651154954983554,test2,A (as frozen),87.7,110.4,13080.580580580572
5,GOLDGUINEA-GOLDPETAL,2020-04-30,,2020-04-22,2020-04-27,short a/long b,,,5,4304.304304304278,535.84287007007,3768.461434234208,test2,A (as frozen),86.9,-141.6,1011.0110110110327
10,GOLDGUINEA-GOLDPETAL,2020-04-30,,2020-03-03,2020-03-09,short a/long b,,,6,740.74074074073,854.3842202202203,-113.64347947949034,test2,A (as frozen),118.0,73.6,3833.833833833778
10,GOLDGUINEA-GOLDPETAL,2020-04-30,,2020-03-17,2020-03-27,short a/long b,,,10,1821.8218218217953,821.9247567567568,999.8970650650385,test2,A (as frozen),290.3,167.7,10060.06006006006
10,GOLDGUINEA-GOLDPETAL,2020-04-30,,2020-03-31,2020-04-20,long a/short b,,,20,535.5355355355641,873.665661861862,-338.13012632629784,test2,A (as frozen),87.7,110.4,13080.580580580572
10,GOLDGUINEA-GOLDPETAL,2020-04-30,,2020-04-22,2020-04-27,short a/long b,,,5,4304.304304304278,912.3794066066066,3391.9248976976714,test2,A (as frozen),86.9,-141.6,1011.0110110110327
0,GOLDGUINEA-GOLDPETAL,2020-05-29,,2020-04-30,2020-05-04,short a/long b,,,4,465.4654654654951,157.7188226226226,307.74664284287246,test2,A (as frozen),101.5,75.6,1328.8288288288095
0,GOLDGUINEA-GOLDPETAL,2020-05-29,,2020-05-15,2020-05-22,long a/short b,,,7,315.3153153153107,160.07305965965966,155.24225565565106,test2,A (as frozen),-53.0,-36.8,-1203.7037037037226
5,GOLDGUINEA-GOLDPETAL,2020-05-29,,2020-04-30,2020-05-04,short a/long b,,,4,465.4654654654951,525.9145183183183,-60.44905285282323,test2,A (as frozen),101.5,75.6,1328.8288288288095
5,GOLDGUINEA-GOLDPETAL,2020-05-29,,2020-05-15,2020-05-22,long a/short b,,,7,315.3153153153107,541.9974840840841,-226.6821687687734,test2,A (as frozen),-53.0,-36.8,-1203.7037037037226
10,GOLDGUINEA-GOLDPETAL,2020-05-29,,2020-04-30,2020-05-04,short a/long b,,,4,465.4654654654951,894.110214014014,-428.6447485485189,test2,A (as frozen),101.5,75.6,1328.8288288288095
10,GOLDGUINEA-GOLDPETAL,2020-05-29,,2020-05-15,2020-05-22,long a/short b,,,7,315.3153153153107,923.9219085085085,-608.6065931931978,test2,A (as frozen),-53.0,-36.8,-1203.7037037037226
0,GOLDGUINEA-GOLDPETAL,2020-06-30,,2020-05-15,2020-05-22,long a/short b,,,7,1776.7767767767873,160.11861121121123,1616.6581655655762,test2,A (as frozen),-57.5,35.5,-953.4534534534396
0,GOLDGUINEA-GOLDPETAL,2020-06-30,,2020-06-12,2020-06-23,short a/long b,,,11,4834.834834834837,160.802383983984,4674.032450850853,test2,A (as frozen),62.3,-187.5,4189.189189189201
5,GOLDGUINEA-GOLDPETAL,2020-06-30,,2020-05-15,2020-05-22,long a/short b,,,7,1776.7767767767873,541.9679605605605,1234.8088162162267,test2,A (as frozen),-57.5,35.5,-953.4534534534396
5,GOLDGUINEA-GOLDPETAL,2020-06-30,,2020-06-12,2020-06-23,short a/long b,,,11,4834.834834834837,545.9174990990991,4288.917335735738,test2,A (as frozen),62.3,-187.5,4189.189189189201
10,GOLDGUINEA-GOLDPETAL,2020-06-30,,2020-05-15,2020-05-22,long a/short b,,,7,1776.7767767767873,923.8173099099098,852.9594668668775,test2,A (as frozen),-57.5,35.5,-953.4534534534396
10,GOLDGUINEA-GOLDPETAL,2020-06-30,,2020-06-12,2020-06-23,short a/long b,,,11,4834.834834834837,931.0326142142143,3903.802220620623,test2,A (as frozen),62.3,-187.5,4189.189189189201
0,GOLDGUINEA-GOLDPETAL,2020-07-31,,2020-06-12,2020-06-23,short a/long b,,,11,955.9559559559057,160.48675295295294,795.4692030029528,test2,A (as frozen),58.6,8.3,3325.82582582585
0,GOLDGUINEA-GOLDPETAL,2020-07-31,,2020-06-25,2020-07-01,long a/short b,,,6,700.7007007006905,161.2574106106106,539.4432900900799,test2,A (as frozen),-2.8,33.1,1031.031031031016
0,GOLDGUINEA-GOLDPETAL,2020-07-31,,2020-07-23,2020-07-28,short a/long b,,,5,-595.5955955955869,165.79396416416415,-761.3895597597511,test2,A (as frozen),113.2,136.7,8465.965965965952
5,GOLDGUINEA-GOLDPETAL,2020-07-31,,2020-06-12,2020-06-23,short a/long b,,,11,955.9559559559057,544.6684346346347,411.287521321271,test2,A (as frozen),58.6,8.3,3325.82582582585
5,GOLDGUINEA-GOLDPETAL,2020-07-31,,2020-06-25,2020-07-01,long a/short b,,,6,700.7007007006905,549.9811343343343,150.71956636635616,test2,A (as frozen),-2.8,33.1,1031.031031031016
5,GOLDGUINEA-GOLDPETAL,2020-07-31,,2020-07-23,2020-07-28,short a/long b,,,5,-595.5955955955869,581.206877077077,-1176.802472672664,test2,A (as frozen),113.2,136.7,8465.965965965952
10,GOLDGUINEA-GOLDPETAL,2020-07-31,,2020-06-12,2020-06-23,short a/long b,,,11,955.9559559559057,928.8501163163164,27.10583963958925,test2,A (as frozen),58.6,8.3,3325.82582582585
10,GOLDGUINEA-GOLDPETAL,2020-07-31,,2020-06-25,2020-07-01,long a/short b,,,6,700.7007007006905,938.7048580580581,-238.0041573573676,test2,A (as frozen),-2.8,33.1,1031.031031031016
10,GOLDGUINEA-GOLDPETAL,2020-07-31,,2020-07-23,2020-07-28,short a/long b,,,5,-595.5955955955869,996.61978998999,-1592.2153855855768,test2,A (as frozen),113.2,136.7,8465.965965965952
0,GOLDGUINEA-GOLDPETAL,2020-08-31,,2020-07-10,2020-07-27,short a/long b,,,17,-60.060060060059186,164.40035835835837,-224.46041841841756,test2,A (as frozen),54.1,53.6,13323.323323323311
0,GOLDGUINEA-GOLDPETAL,2020-08-31,,2020-07-28,2020-08-12,long a/short b,,,15,-70.07007007006905,167.29884924924926,-237.3689193193183,test2,A (as frozen),10.2,6.8,365.36536536536005
5,GOLDGUINEA-GOLDPETAL,2020-08-31,,2020-07-10,2020-07-27,short a/long b,,,17,-60.060060060059186,571.5825405405405,-631.6426006005997,test2,A (as frozen),54.1,53.6,13323.323323323311
5,GOLDGUINEA-GOLDPETAL,2020-08-31,,2020-07-28,2020-08-12,long a/short b,,,15,-70.07007007006905,591.3428932932933,-661.4129633633623,test2,A (as frozen),10.2,6.8,365.36536536536005
10,GOLDGUINEA-GOLDPETAL,2020-08-31,,2020-07-10,2020-07-27,short a/long b,,,17,-60.060060060059186,978.7647227227227,-1038.8247827827818,test2,A (as frozen),54.1,53.6,13323.323323323311
10,GOLDGUINEA-GOLDPETAL,2020-08-31,,2020-07-28,2020-08-12,long a/short b,,,15,-70.07007007006905,1015.3869373373374,-1085.4570074074063,test2,A (as frozen),10.2,6.8,365.36536536536005
0,GOLDGUINEA-GOLDPETAL,2020-09-30,,2020-07-30,2020-08-17,long a/short b,,,18,-790.7907907907793,168.05562082082082,-958.8464116116002,test2,A (as frozen),2.8,-33.9,2767.767767767764
0,GOLDGUINEA-GOLDPETAL,2020-09-30,,2020-08-24,2020-09-04,short a/long b,,,11,-725.7257257257515,165.700991991992,-891.4267177177435,test2,A (as frozen),-38.1,-3.4,-2319.819819819786
0,GOLDGUINEA-GOLDPETAL,2020-09-30,,2020-09-17,2020-09-28,long a/short b,,,11,-1061.0610610610456,164.82582742742744,-1225.886888488473,test2,A (as frozen),-43.7,-97.9,-6976.976976977021
5,GOLDGUINEA-GOLDPETAL,2020-09-30,,2020-07-30,2020-08-17,long a/short b,,,18,-790.7907907907793,596.6692344344344,-1387.4600252252137,test2,A (as frozen),2.8,-33.9,2767.767767767764
5,GOLDGUINEA-GOLDPETAL,2020-09-30,,2020-08-24,2020-09-04,short a/long b,,,11,-725.7257257257515,580.6033943943944,-1306.329120120146,test2,A (as frozen),-38.1,-3.4,-2319.819819819786
5,GOLDGUINEA-GOLDPETAL,2020-09-30,,2020-09-17,2020-09-28,long a/short b,,,11,-1061.0610610610456,574.7157173173173,-1635.776778378363,test2,A (as frozen),-43.7,-97.9,-6976.976976977021
10,GOLDGUINEA-GOLDPETAL,2020-09-30,,2020-07-30,2020-08-17,long a/short b,,,18,-790.7907907907793,1025.282848048048,-1816.0736388388273,test2,A (as frozen),2.8,-33.9,2767.767767767764
10,GOLDGUINEA-GOLDPETAL,2020-09-30,,2020-08-24,2020-09-04,short a/long b,,,11,-725.7257257257515,995.5057967967967,-1721.2315225225484,test2,A (as frozen),-38.1,-3.4,-2319.819819819786
10,GOLDGUINEA-GOLDPETAL,2020-09-30,,2020-09-17,2020-09-28,long a/short b,,,11,-1061.0610610610456,984.6056072072072,-2045.6666682682528,test2,A (as frozen),-43.7,-97.9,-6976.976976977021
0,GOLDGUINEA-GOLDPETAL,2020-10-30,,2020-09-02,2020-09-10,short a/long b,,,8,215.21521521521208,166.26265005005004,48.95256516516204,test2,A (as frozen),-13.5,-23.6,2775.2752752752713
0,GOLDGUINEA-GOLDPETAL,2020-10-30,,2020-09-17,2020-10-05,long a/short b,,,18,-390.39039039034833,165.52295295295295,-555.9133433433012,test2,A (as frozen),-45.5,-65.5,-4159.159159159171
0,GOLDGUINEA-GOLDPETAL,2020-10-30,,2020-10-08,2020-10-12,short a/long b,,,4,-210.21021021017077,164.68346706706706,-374.8936772772378,test2,A (as frozen),-63.6,-52.5,2947.9479479479414
0,GOLDGUINEA-GOLDPETAL,2020-10-30,,2020-10-23,2020-10-27,short a/long b,,,4,-260.26026026029285,164.7322322322322,-424.99249249252506,test2,A (as frozen),-34.4,-21.4,2012.0120120119827
5,GOLDGUINEA-GOLDPETAL,2020-10-30,,2020-09-02,2020-09-10,short a/long b,,,8,215.21521521521208,584.2131005005006,-368.9978852852885,test2,A (as frozen),-13.5,-23.6,2775.2752752752713
5,GOLDGUINEA-GOLDPETAL,2020-10-30,,2020-09-17,2020-10-05,long a/short b,,,18,-390.39039039034833,579.3117417417418,-969.7021321320901,test2,A (as frozen),-45.5,-65.5,-4159.159159159171
5,GOLDGUINEA-GOLDPETAL,2020-10-30,,2020-10-08,2020-10-12,short a/long b,,,4,-210.21021021017077,573.5473309309309,-783.7575411411017,test2,A (as frozen),-63.6,-52.5,2947.9479479479414
5,GOLDGUINEA-GOLDPETAL,2020-10-30,,2020-10-23,2020-10-27,short a/long b,,,4,-260.26026026029285,573.8913913913914,-834.1516516516842,test2,A (as frozen),-34.4,-21.4,2012.0120120119827
10,GOLDGUINEA-GOLDPETAL,2020-10-30,,2020-09-02,2020-09-10,short a/long b,,,8,215.21521521521208,1002.163550950951,-786.948335735739,test2,A (as frozen),-13.5,-23.6,2775.2752752752713
10,GOLDGUINEA-GOLDPETAL,2020-10-30,,2020-09-17,2020-10-05,long a/short b,,,18,-390.39039039034833,993.1005305305305,-1383.4909209208788,test2,A (as frozen),-45.5,-65.5,-4159.159159159171
10,GOLDGUINEA-GOLDPETAL,2020-10-30,,2020-10-08,2020-10-12,short a/long b,,,4,-210.21021021017077,982.4111947947947,-1192.6214050049655,test2,A (as frozen),-63.6,-52.5,2947.9479479479414
10,GOLDGUINEA-GOLDPETAL,2020-10-30,,2020-10-23,2020-10-27,short a/long b,,,4,-260.26026026029285,983.0505505505505,-1243.3108108108433,test2,A (as frozen),-34.4,-21.4,2012.0120120119827
0,GOLDGUINEA-GOLDPETAL,2020-11-27,,2020-10-08,2020-10-12,short a/long b,,,4,-145.14514514514303,164.7888946946947,-309.93403983983774,test2,A (as frozen),-69.9,-61.9,2875.37537537537
0,GOLDGUINEA-GOLDPETAL,2020-11-27,,2020-10-23,2020-11-11,short a/long b,,,19,420.4204204204143,164.47894934934936,255.94147107106494,test2,A (as frozen),-38.5,-59.9,-2812.8128128128083
0,GOLDGUINEA-GOLDPETAL,2020-11-27,,2020-11-12,2020-11-19,long a/short b,,,7,-230.23023023022688,164.05625105105105,-394.28648128127793,test2,A (as frozen),-46.7,-58.6,-1916.9169169169618
5,GOLDGUINEA-GOLDPETAL,2020-11-27,,2020-10-08,2020-10-12,short a/long b,,,4,-145.14514514514303,574.2508566566567,-719.3960018017997,test2,A (as frozen),-69.9,-61.9,2875.37537537537
5,GOLDGUINEA-GOLDPETAL,2020-11-27,,2020-10-23,2020-11-11,short a/long b,,,19,420.4204204204143,572.0064768768768,-151.58605645646253,test2,A (as frozen),-38.5,-59.9,-2812.8128128128083
5,GOLDGUINEA-GOLDPETAL,2020-11-27,,2020-11-12,2020-11-19,long a/short b,,,7,-230.23023023022688,569.2764712712712,-799.5067015014981,test2,A (as frozen),-46.7,-58.6,-1916.9169169169618
10,GOLDGUINEA-GOLDPETAL,2020-11-27,,2020-10-08,2020-10-12,short a/long b,,,4,-145.14514514514303,983.7128186186186,-1128.8579637637617,test2,A (as frozen),-69.9,-61.9,2875.37537537537
10,GOLDGUINEA-GOLDPETAL,2020-11-27,,2020-10-23,2020-11-11,short a/long b,,,19,420.4204204204143,979.5340044044044,-559.1135839839901,test2,A (as frozen),-38.5,-59.9,-2812.8128128128083
10,GOLDGUINEA-GOLDPETAL,2020-11-27,,2020-11-12,2020-11-19,long a/short b,,,7,-230.23023023022688,974.4966914914914,-1204.7269217217183,test2,A (as frozen),-46.7,-58.6,-1916.9169169169618
0,GOLDGUINEA-GOLDPETAL,2020-12-31,,2020-11-09,2020-11-13,long a/short b,,,4,-165.16516516516276,164.4396074074074,-329.60477257257014,test2,A (as frozen),-58.1,-65.0,3961.461461461513
0,GOLDGUINEA-GOLDPETAL,2020-12-31,,2020-11-20,2020-12-28,short a/long b,,,38,-2677.677677677675,163.662784984985,-2841.3404626626602,test2,A (as frozen),-47.5,85.4,-1223.723723723706
5,GOLDGUINEA-GOLDPETAL,2020-12-31,,2020-11-09,2020-11-13,long a/short b,,,4,-165.16516516516276,571.8745423423424,-737.0397075075051,test2,A (as frozen),-58.1,-65.0,3961.461461461513
5,GOLDGUINEA-GOLDPETAL,2020-12-31,,2020-11-20,2020-12-28,short a/long b,,,38,-2677.677677677675,567.163785985986,-3244.841463663661,test2,A (as frozen),-47.5,85.4,-1223.723723723706
10,GOLDGUINEA-GOLDPETAL,2020-12-31,,2020-11-09,2020-11-13,long a/short b,,,4,-165.16516516516276,979.3094772772774,-1144.4746424424402,test2,A (as frozen),-58.1,-65.0,3961.461461461513
10,GOLDGUINEA-GOLDPETAL,2020-12-31,,2020-11-20,2020-12-28,short a/long b,,,38,-2677.677677677675,970.6647869869869,-3648.3424646646617,test2,A (as frozen),-47.5,85.4,-1223.723723723706
0,GOLDGUINEA-GOLDPETAL,2021-01-29,,2020-12-18,2021-01-27,short a/long b,,,40,-1631.6316316316443,162.694016016016,-1794.3256476476604,test2,A (as frozen),-9.4,73.8,-6831.831831831842
5,GOLDGUINEA-GOLDPETAL,2021-01-29,,2020-12-18,2021-01-27,short a/long b,,,40,-1631.6316316316443,560.3166386386387,-2191.948270270283,test2,A (as frozen),-9.4,73.8,-6831.831831831842
10,GOLDGUINEA-GOLDPETAL,2021-01-29,,2020-12-18,2021-01-27,short a/long b,,,40,-1631.6316316316443,957.9392612612614,-2589.5708928929057,test2,A (as frozen),-9.4,73.8,-6831.831831831842
0,GOLDGUINEA-GOLDPETAL,2021-02-26,,2021-01-07,2021-02-01,short a/long b,,,25,-1096.0960960960801,163.06177277277277,-1259.1578688688528,test2,A (as frozen),4.4,60.9,-9982.482482482483
0,GOLDGUINEA-GOLDPETAL,2021-02-26,,2021-02-03,2021-02-09,short a/long b,,,6,540.5405405405327,160.30105585585585,380.2394846846768,test2,A (as frozen),90.0,62.0,-430.43043043042417
5,GOLDGUINEA-GOLDPETAL,2021-02-26,,2021-01-07,2021-02-01,short a/long b,,,25,-1096.0960960960801,562.6989099099098,-1658.79500600599,test2,A (as frozen),4.4,60.9,-9982.482482482483
5,GOLDGUINEA-GOLDPETAL,2021-02-26,,2021-02-03,2021-02-09,short a/long b,,,6,540.5405405405327,543.4992540540541,-2.9587135135213884,test2,A (as frozen),90.0,62.0,-430.43043043042417
10,GOLDGUINEA-GOLDPETAL,2021-02-26,,2021-01-07,2021-02-01,short a/long b,,,25,-1096.0960960960801,962.336047047047,-2058.432143143127,test2,A (as frozen),4.4,60.9,-9982.482482482483
10,GOLDGUINEA-GOLDPETAL,2021-02-26,,2021-02-03,2021-02-09,short a/long b,,,6,540.5405405405327,926.6974522522522,-386.15691171171954,test2,A (as frozen),90.0,62.0,-430.43043043042417
0,GOLDGUINEA-GOLDPETAL,2021-03-31,,2021-02-08,2021-02-09,short a/long b,,,1,80.08008008007891,160.4710782782783,-80.39099819819938,test2,A (as frozen),28.7,24.5,400.4004004003946
0,GOLDGUINEA-GOLDPETAL,2021-03-31,,2021-02-25,2021-03-12,short a/long b,,,15,-125.1251251251233,157.13934154154157,-282.2644666666649,test2,A (as frozen),61.3,70.2,-5663.1631631631535
0,GOLDGUINEA-GOLDPETAL,2021-03-31,,2021-03-16,2021-03-19,long a/short b,,,3,195.19519519519235,156.34074014014016,38.8544550550522,test2,A (as frozen),57.0,67.7,457.9579579579513
0,GOLDGUINEA-GOLDPETAL,2021-03-31,,2021-03-23,2021-03-26,short a/long b,,,3,2912.912912912907,156.24422902902901,2756.6686838838777,test2,A (as frozen),86.5,-75.8,1306.3063063063237
5,GOLDGUINEA-GOLDPETAL,2021-03-31,,2021-02-08,2021-02-09,short a/long b,,,1,80.08008008007891,544.7653725725726,-464.68529249249366,test2,A (as frozen),28.7,24.5,400.4004004003946
5,GOLDGUINEA-GOLDPETAL,2021-03-31,,2021-02-25,2021-03-12,short a/long b,,,15,-125.1251251251233,522.101804004004,-647.2269291291273,test2,A (as frozen),61.3,70.2,-5663.1631631631535
5,GOLDGUINEA-GOLDPETAL,2021-03-31,,2021-03-16,2021-03-19,long a/short b,,,3,195.19519519519235,516.5834828828829,-321.38828768769054,test2,A (as frozen),57.0,67.7,457.9579579579513
5,GOLDGUINEA-GOLDPETAL,2021-03-31,,2021-03-23,2021-03-26,short a/long b,,,3,2912.912912912907,515.2932780780781,2397.619634834829,test2,A (as frozen),86.5,-75.8,1306.3063063063237
10,GOLDGUINEA-GOLDPETAL,2021-03-31,,2021-02-08,2021-02-09,short a/long b,,,1,80.08008008007891,929.0596668668668,-848.9795867867879,test2,A (as frozen),28.7,24.5,400.4004004003946
10,GOLDGUINEA-GOLDPETAL,2021-03-31,,2021-02-25,2021-03-12,short a/long b,,,15,-125.1251251251233,887.0642664664665,-1012.1893915915898,test2,A (as frozen),61.3,70.2,-5663.1631631631535
10,GOLDGUINEA-GOLDPETAL,2021-03-31,,2021-03-16,2021-03-19,long a/short b,,,3,195.19519519519235,876.8262256256257,-681.6310304304334,test2,A (as frozen),57.0,67.7,457.9579579579513
10,GOLDGUINEA-GOLDPETAL,2021-03-31,,2021-03-23,2021-03-26,short a/long b,,,3,2912.912912912907,874.3423271271271,2038.5705857857797,test2,A (as frozen),86.5,-75.8,1306.3063063063237
0,GOLDGUINEA-GOLDPETAL,2021-04-30,,2021-03-11,2021-03-16,short a/long b,,,5,145.14514514514303,156.68636416416416,-11.541219019021128,test2,A (as frozen),29.6,21.6,-152.6526526526868
0,GOLDGUINEA-GOLDPETAL,2021-04-30,,2021-03-24,2021-04-05,short a/long b,,,12,-420.4204204204507,156.48175415415417,-576.9021745746048,test2,A (as frozen),41.9,65.1,410.4104104104408
0,GOLDGUINEA-GOLDPETAL,2021-04-30,,2021-04-23,2021-04-27,short a/long b,,,4,330.3303303303255,159.39776856856855,170.93256176175697,test2,A (as frozen),130.6,112.6,835.8358358358237
5,GOLDGUINEA-GOLDPETAL,2021-04-30,,2021-03-11,2021-03-16,short a/long b,,,5,145.14514514514303,518.9511289289289,-373.8059837837859,test2,A (as frozen),29.6,21.6,-152.6526526526868
5,GOLDGUINEA-GOLDPETAL,2021-04-30,,2021-03-24,2021-04-05,short a/long b,,,12,-420.4204204204507,517.6879603603604,-938.1083807808111,test2,A (as frozen),41.9,65.1,410.4104104104408
5,GOLDGUINEA-GOLDPETAL,2021-04-30,,2021-04-23,2021-04-27,short a/long b,,,4,330.3303303303255,537.3907615615616,-207.06043123123607,test2,A (as frozen),130.6,112.6,835.8358358358237
10,GOLDGUINEA-GOLDPETAL,2021-04-30,,2021-03-11,2021-03-16,short a/long b,,,5,145.14514514514303,881.2158936936937,-736.0707485485507,test2,A (as frozen),29.6,21.6,-152.6526526526868
10,GOLDGUINEA-GOLDPETAL,2021-04-30,,2021-03-24,2021-04-05,short a/long b,,,12,-420.4204204204507,878.8941665665666,-1299.3145869870173,test2,A (as frozen),41.9,65.1,410.4104104104408
10,GOLDGUINEA-GOLDPETAL,2021-04-30,,2021-04-23,2021-04-27,short a/long b,,,4,330.3303303303255,915.3837545545546,-585.053424224229,test2,A (as frozen),130.6,112.6,835.8358358358237
0,GOLDGUINEA-GOLDPETAL,2021-05-31,,2021-03-31,2021-05-28,short a/long b,,,58,-3328.3283283283527,158.82678498498498,-3487.1551133133376,test2,A (as frozen),29.1,197.6,14557.057057057064
5,GOLDGUINEA-GOLDPETAL,2021-05-31,,2021-03-31,2021-05-28,short a/long b,,,58,-3328.3283283283527,534.349808008008,-3862.6781363363607,test2,A (as frozen),29.1,197.6,14557.057057057064
10,GOLDGUINEA-GOLDPETAL,2021-05-31,,2021-03-31,2021-05-28,short a/long b,,,58,-3328.3283283283527,909.8728310310311,-4238.201159359383,test2,A (as frozen),29.1,197.6,14557.057057057064
0,GOLDGUINEA-GOLDPETAL,2021-06-30,,2021-05-13,2021-05-14,short a/long b,,,1,-140.1401401401381,160.17487567567568,-300.3150158158138,test2,A (as frozen),63.4,70.5,630.6306306306215
0,GOLDGUINEA-GOLDPETAL,2021-06-30,,2021-05-18,2021-06-25,short a/long b,,,38,-2242.242242242246,159.78876996997,-2402.031012212216,test2,A (as frozen),91.1,214.4,-6886.886886886859
5,GOLDGUINEA-GOLDPETAL,2021-06-30,,2021-05-13,2021-05-14,short a/long b,,,1,-140.1401401401381,542.7974982982984,-682.9376384384365,test2,A (as frozen),63.4,70.5,630.6306306306215
5,GOLDGUINEA-GOLDPETAL,2021-06-30,,2021-05-18,2021-06-25,short a/long b,,,38,-2242.242242242246,540.6546358358358,-2782.896878078082,test2,A (as frozen),91.1,214.4,-6886.886886886859
10,GOLDGUINEA-GOLDPETAL,2021-06-30,,2021-05-13,2021-05-14,short a/long b,,,1,-140.1401401401381,925.4201209209209,-1065.560261061059,test2,A (as frozen),63.4,70.5,630.6306306306215
10,GOLDGUINEA-GOLDPETAL,2021-06-30,,2021-05-18,2021-06-25,short a/long b,,,38,-2242.242242242246,921.5205017017017,-3163.7627439439475,test2,A (as frozen),91.1,214.4,-6886.886886886859
0,GOLDGUINEA-GOLDPETAL,2021-07-30,,2021-06-04,2021-07-05,short a/long b,,,31,-490.490490490447,160.4800924924925,-650.9705829829395,test2,A (as frozen),104.9,134.7,-6841.841841841851
0,GOLDGUINEA-GOLDPETAL,2021-07-30,,2021-07-20,2021-07-26,short a/long b,,,6,2232.232232232236,159.9600048048048,2072.2722274274315,test2,A (as frozen),144.4,27.7,-1036.0360360360573
5,GOLDGUINEA-GOLDPETAL,2021-07-30,,2021-06-04,2021-07-05,short a/long b,,,31,-490.490490490447,544.9595719719721,-1035.450062462419,test2,A (as frozen),104.9,134.7,-6841.841841841851
5,GOLDGUINEA-GOLDPETAL,2021-07-30,,2021-07-20,2021-07-26,short a/long b,,,6,2232.232232232236,540.7808256256257,1691.4514066066104,test2,A (as frozen),144.4,27.7,-1036.0360360360573
10,GOLDGUINEA-GOLDPETAL,2021-07-30,,2021-06-04,2021-07-05,short a/long b,,,31,-490.490490490447,929.4390514514516,-1419.9295419418986,test2,A (as frozen),104.9,134.7,-6841.841841841851
10,GOLDGUINEA-GOLDPETAL,2021-07-30,,2021-07-20,2021-07-26,short a/long b,,,6,2232.232232232236,921.6016464464465,1310.6305857857897,test2,A (as frozen),144.4,27.7,-1036.0360360360573
0,GOLDGUINEA-GOLDPETAL,2021-08-31,,2021-07-12,2021-07-19,long a/short b,,,7,495.4954954954883,160.43133473473472,335.06416076075357,test2,A (as frozen),99.2,124.1,1448.9489489489642
0,GOLDGUINEA-GOLDPETAL,2021-08-31,,2021-07-20,2021-07-27,short a/long b,,,7,805.8058058057941,160.27423643643644,645.5315693693576,test2,A (as frozen),116.8,75.2,-1083.5835835835314
0,GOLDGUINEA-GOLDPETAL,2021-08-31,,2021-07-28,2021-08-09,long a/short b,,,12,125.12512512508692,159.03634134134134,-33.91121621625442,test2,A (as frozen),63.9,72.8,-6063.563563563548
0,GOLDGUINEA-GOLDPETAL,2021-08-31,,2021-08-24,2021-08-30,long a/short b,,,6,-340.3403403403354,159.73147467467467,-500.0718150150101,test2,A (as frozen),10.5,-7.4,-490.49049049048335
5,GOLDGUINEA-GOLDPETAL,2021-08-31,,2021-07-12,2021-07-19,long a/short b,,,7,495.4954954954883,544.3978012012012,-48.902305705712934,test2,A (as frozen),99.2,124.1,1448.9489489489642
5,GOLDGUINEA-GOLDPETAL,2021-08-31,,2021-07-20,2021-07-27,short a/long b,,,7,805.8058058057941,543.254716916917,262.5510888888771,test2,A (as frozen),116.8,75.2,-1083.5835835835314
5,GOLDGUINEA-GOLDPETAL,2021-08-31,,2021-07-28,2021-08-09,long a/short b,,,12,125.12512512508692,534.9747797797799,-409.8496546546929,test2,A (as frozen),63.9,72.8,-6063.563563563548
5,GOLDGUINEA-GOLDPETAL,2021-08-31,,2021-08-24,2021-08-30,long a/short b,,,6,-340.3403403403354,539.8215647647648,-880.1619051051002,test2,A (as frozen),10.5,-7.4,-490.49049049048335
10,GOLDGUINEA-GOLDPETAL,2021-08-31,,2021-07-12,2021-07-19,long a/short b,,,7,495.4954954954883,928.3642676676677,-432.86877217217943,test2,A (as frozen),99.2,124.1,1448.9489489489642
10,GOLDGUINEA-GOLDPETAL,2021-08-31,,2021-07-20,2021-07-27,short a/long b,,,7,805.8058058057941,926.2351973973975,-120.42939159160346,test2,A (as frozen),116.8,75.2,-1083.5835835835314
10,GOLDGUINEA-GOLDPETAL,2021-08-31,,2021-07-28,2021-08-09,long a/short b,,,12,125.12512512508692,910.9132182182182,-785.7880930931312,test2,A (as frozen),63.9,72.8,-6063.563563563548
10,GOLDGUINEA-GOLDPETAL,2021-08-31,,2021-08-24,2021-08-30,long a/short b,,,6,-340.3403403403354,919.9116548548549,-1260.2519951951904,test2,A (as frozen),10.5,-7.4,-490.49049049048335
0,GOLDGUINEA-GOLDPETAL,2021-09-30,,2021-08-02,2021-08-09,long a/short b,,,7,555.5555555555111,159.49153293293293,396.06402262257814,test2,A (as frozen),59.6,92.1,-7930.430430430461
0,GOLDGUINEA-GOLDPETAL,2021-09-30,,2021-08-11,2021-08-24,short a/long b,,,13,615.615615615643,159.27451791791793,456.3410976977251,test2,A (as frozen),89.1,54.8,4216.716716716728
0,GOLDGUINEA-GOLDPETAL,2021-09-30,,2021-08-25,2021-09-08,long a/short b,,,14,15.015015015051176,159.45356256256258,-144.4385475475114,test2,A (as frozen),59.5,60.4,-392.8928928928872
0,GOLDGUINEA-GOLDPETAL,2021-09-30,,2021-09-15,2021-09-24,short a/long b,,,9,-235.23523523519543,158.5701851851852,-393.80542042038064,test2,A (as frozen),77.5,91.9,-3886.3863863864026
5,GOLDGUINEA-GOLDPETAL,2021-09-30,,2021-08-02,2021-08-09,long a/short b,,,7,555.5555555555111,537.9775189189189,17.578036636592174,test2,A (as frozen),59.6,92.1,-7930.430430430461
5,GOLDGUINEA-GOLDPETAL,2021-09-30,,2021-08-11,2021-08-24,short a/long b,,,13,615.615615615643,536.4842276276275,79.13138798801549,test2,A (as frozen),89.1,54.8,4216.716716716728
5,GOLDGUINEA-GOLDPETAL,2021-09-30,,2021-08-25,2021-09-08,long a/short b,,,14,15.015015015051176,537.8444534534535,-522.8294384384023,test2,A (as frozen),59.5,60.4,-392.8928928928872
5,GOLDGUINEA-GOLDPETAL,2021-09-30,,2021-09-15,2021-09-24,short a/long b,,,9,-235.23523523519543,531.880995995996,-767.1162312311915,test2,A (as frozen),77.5,91.9,-3886.3863863864026
10,GOLDGUINEA-GOLDPETAL,2021-09-30,,2021-08-02,2021-08-09,long a/short b,,,7,555.5555555555111,916.4635049049048,-360.9079493493937,test2,A (as frozen),59.6,92.1,-7930.430430430461
10,GOLDGUINEA-GOLDPETAL,2021-09-30,,2021-08-11,2021-08-24,short a/long b,,,13,615.615615615643,913.6939373373373,-298.07832172169424,test2,A (as frozen),89.1,54.8,4216.716716716728
10,GOLDGUINEA-GOLDPETAL,2021-09-30,,2021-08-25,2021-09-08,long a/short b,,,14,15.015015015051176,916.2353443443444,-901.2203293292932,test2,A (as frozen),59.5,60.4,-392.8928928928872
10,GOLDGUINEA-GOLDPETAL,2021-09-30,,2021-09-15,2021-09-24,short a/long b,,,9,-235.23523523519543,905.1918068068069,-1140.4270420420023,test2,A (as frozen),77.5,91.9,-3886.3863863864026
0,GOLDGUINEA-GOLDPETAL,2021-10-29,,2021-09-08,2021-09-09,short a/long b,,,1,-305.30530530530086,159.6076790790791,-464.91298438437997,test2,A (as frozen),58.6,74.7,-127.62762762762577
0,GOLDGUINEA-GOLDPETAL,2021-10-29,,2021-09-10,2021-09-22,short a/long b,,,12,55.055055055090634,159.26930470470472,-104.21424964961409,test2,A (as frozen),67.7,65.2,-1228.7287287287472
0,GOLDGUINEA-GOLDPETAL,2021-10-29,,2021-10-07,2021-10-21,short a/long b,,,14,-290.29029029032245,159.24215375375374,-449.5324440440762,test2,A (as frozen),89.1,103.5,1986.9869869869945
5,GOLDGUINEA-GOLDPETAL,2021-10-29,,2021-09-08,2021-09-09,short a/long b,,,1,-305.30530530530086,538.969540940941,-844.2748462462419,test2,A (as frozen),58.6,74.7,-127.62762762762577
5,GOLDGUINEA-GOLDPETAL,2021-10-29,,2021-09-10,2021-09-22,short a/long b,,,12,55.055055055090634,536.5791145145145,-481.5240594594238,test2,A (as frozen),67.7,65.2,-1228.7287287287472
5,GOLDGUINEA-GOLDPETAL,2021-10-29,,2021-10-07,2021-10-21,short a/long b,,,14,-290.29029029032245,536.4743859859859,-826.7646762763084,test2,A (as frozen),89.1,103.5,1986.9869869869945
10,GOLDGUINEA-GOLDPETAL,2021-10-29,,2021-09-08,2021-09-09,short a/long b,,,1,-305.30530530530086,918.3314028028029,-1223.636708108104,test2,A (as frozen),58.6,74.7,-127.62762762762577
10,GOLDGUINEA-GOLDPETAL,2021-10-29,,2021-09-10,2021-09-22,short a/long b,,,12,55.055055055090634,913.8889243243243,-858.8338692692337,test2,A (as frozen),67.7,65.2,-1228.7287287287472
10,GOLDGUINEA-GOLDPETAL,2021-10-29,,2021-10-07,2021-10-21,short a/long b,,,14,-290.29029029032245,913.7066182182182,-1203.9969085085406,test2,A (as frozen),89.1,103.5,1986.9869869869945
0,GOLDGUINEA-GOLDPETAL,2021-11-30,,2021-10-14,2021-10-21,short a/long b,,,7,170.1701701701313,160.22084604604606,9.949324124085251,test2,A (as frozen),91.7,83.5,-1566.5665665665801
0,GOLDGUINEA-GOLDPETAL,2021-11-30,,2021-11-12,2021-11-17,short a/long b,,,5,1421.4214214214371,162.27748988988986,1259.1439315315472,test2,A (as frozen),89.8,17.5,1211.2112112111936
0,GOLDGUINEA-GOLDPETAL,2021-11-30,,2021-11-18,2021-11-26,long a/short b,,,8,2482.482482482519,161.84065585585586,2320.6418266266633,test2,A (as frozen),-14.7,112.9,-3363.363363363351
5,GOLDGUINEA-GOLDPETAL,2021-11-30,,2021-10-14,2021-10-21,short a/long b,,,7,170.1701701701313,543.0386638638639,-372.8684936937326,test2,A (as frozen),91.7,83.5,-1566.5665665665801
5,GOLDGUINEA-GOLDPETAL,2021-11-30,,2021-11-12,2021-11-17,short a/long b,,,5,1421.4214214214371,556.7669793793793,864.6544420420578,test2,A (as frozen),89.8,17.5,1211.2112112111936
5,GOLDGUINEA-GOLDPETAL,2021-11-30,,2021-11-18,2021-11-26,long a/short b,,,8,2482.482482482519,553.5423575575576,1928.9401249249615,test2,A (as frozen),-14.7,112.9,-3363.363363363351
10,GOLDGUINEA-GOLDPETAL,2021-11-30,,2021-10-14,2021-10-21,short a/long b,,,7,170.1701701701313,925.8564816816818,-755.6863115115505,test2,A (as frozen),91.7,83.5,-1566.5665665665801
10,GOLDGUINEA-GOLDPETAL,2021-11-30,,2021-11-12,2021-11-17,short a/long b,,,5,1421.4214214214371,951.2564688688688,470.16495255256837,test2,A (as frozen),89.8,17.5,1211.2112112111936
10,GOLDGUINEA-GOLDPETAL,2021-11-30,,2021-11-18,2021-11-26,long a/short b,,,8,2482.482482482519,945.2440592592592,1537.2384232232598,test2,A (as frozen),-14.7,112.9,-3363.363363363351
0,GOLDGUINEA-GOLDPETAL,2021-12-31,,2021-11-09,2021-11-10,long a/short b,,,1,90.09009009008878,161.3697993993994,-71.27970930931062,test2,A (as frozen),56.1,60.0,2367.3673673674057
0,GOLDGUINEA-GOLDPETAL,2021-12-31,,2021-11-12,2021-11-18,short a/long b,,,6,885.885885885873,162.37352132132133,723.5123645645517,test2,A (as frozen),74.0,29.1,277.77777777777374
0,GOLDGUINEA-GOLDPETAL,2021-12-31,,2021-11-19,2021-11-30,long a/short b,,,11,230.23023023026326,161.2076152152152,69.02261501504805,test2,A (as frozen),32.5,45.4,-5290.290290290322
0,GOLDGUINEA-GOLDPETAL,2021-12-31,,2021-12-17,2021-12-28,short a/long b,,,11,-1401.401401401381,160.96939739739742,-1562.3707987987784,test2,A (as frozen),60.4,132.9,-340.3403403403354
5,GOLDGUINEA-GOLDPETAL,2021-12-31,,2021-11-09,2021-11-10,long a/short b,,,1,90.09009009008878,550.8893189189189,-460.7992288288301,test2,A (as frozen),56.1,60.0,2367.3673673674057
5,GOLDGUINEA-GOLDPETAL,2021-12-31,,2021-11-12,2021-11-18,short a/long b,,,6,885.885885885873,557.546193993994,328.33969189187894,test2,A (as frozen),74.0,29.1,277.77777777777374
5,GOLDGUINEA-GOLDPETAL,2021-12-31,,2021-11-19,2021-11-30,long a/short b,,,11,230.23023023026326,549.7511587587587,-319.52092852849546,test2,A (as frozen),32.5,45.4,-5290.290290290322
5,GOLDGUINEA-GOLDPETAL,2021-12-31,,2021-12-17,2021-12-28,short a/long b,,,11,-1401.401401401381,548.5069349349349,-1949.9083363363159,test2,A (as frozen),60.4,132.9,-340.3403403403354
10,GOLDGUINEA-GOLDPETAL,2021-12-31,,2021-11-09,2021-11-10,long a/short b,,,1,90.09009009008878,940.4088384384384,-850.3187483483496,test2,A (as frozen),56.1,60.0,2367.3673673674057
10,GOLDGUINEA-GOLDPETAL,2021-12-31,,2021-11-12,2021-11-18,short a/long b,,,6,885.885885885873,952.7188666666666,-66.8329807807936,test2,A (as frozen),74.0,29.1,277.77777777777374
10,GOLDGUINEA-GOLDPETAL,2021-12-31,,2021-11-19,2021-11-30,long a/short b,,,11,230.23023023026326,938.2947023023024,-708.0644720720392,test2,A (as frozen),32.5,45.4,-5290.290290290322
10,GOLDGUINEA-GOLDPETAL,2021-12-31,,2021-12-17,2021-12-28,short a/long b,,,11,-1401.401401401381,936.0444724724724,-2337.4458738738535,test2,A (as frozen),60.4,132.9,-340.3403403403354
0,GOLDGUINEA-GOLDPETAL,2022-01-31,,2021-12-17,2022-01-03,short a/long b,,,17,190.19019019018742,160.84806206206207,29.342128128125353,test2,A (as frozen),49.9,40.7,-3058.05805805805
0,GOLDGUINEA-GOLDPETAL,2022-01-31,,2022-01-04,2022-01-17,long a/short b,,,13,65.06506506506412,160.50876816816816,-95.44370310310404,test2,A (as frozen),44.8,48.2,-167.66766766766523
0,GOLDGUINEA-GOLDPETAL,2022-01-31,,2022-01-20,2022-01-28,short a/long b,,,8,-1996.996996996968,160.96063163163166,-2157.9576286285997,test2,A (as frozen),62.1,164.7,758.2582582582108
5,GOLDGUINEA-GOLDPETAL,2022-01-31,,2021-12-17,2022-01-03,short a/long b,,,17,190.19019019018742,547.3095235235236,-357.11933333333616,test2,A (as frozen),49.9,40.7,-3058.05805805805
5,GOLDGUINEA-GOLDPETAL,2022-01-31,,2022-01-04,2022-01-17,long a/short b,,,13,65.06506506506412,545.0257851851852,-479.9607201201211,test2,A (as frozen),44.8,48.2,-167.66766766766523
5,GOLDGUINEA-GOLDPETAL,2022-01-31,,2022-01-20,2022-01-28,short a/long b,,,8,-1996.996996996968,548.5857567567568,-2545.582753753725,test2,A (as frozen),62.1,164.7,758.2582582582108
10,GOLDGUINEA-GOLDPETAL,2022-01-31,,2021-12-17,2022-01-03,short a/long b,,,17,190.19019019018742,933.770984984985,-743.5807947947976,test2,A (as frozen),49.9,40.7,-3058.05805805805
10,GOLDGUINEA-GOLDPETAL,2022-01-31,,2022-01-04,2022-01-17,long a/short b,,,13,65.06506506506412,929.5428022022022,-864.4777371371381,test2,A (as frozen),44.8,48.2,-167.66766766766523
10,GOLDGUINEA-GOLDPETAL,2022-01-31,,2022-01-20,2022-01-28,short a/long b,,,8,-1996.996996996968,936.210881881882,-2933.20787887885,test2,A (as frozen),62.1,164.7,758.2582582582108
0,GOLDGUINEA-GOLDPETAL,2022-02-28,,2022-01-20,2022-02-01,short a/long b,,,12,150.15015015018434,160.82925125125126,-10.67910110106692,test2,A (as frozen),45.9,38.5,-1956.9569569569649
0,GOLDGUINEA-GOLDPETAL,2022-02-28,,2022-02-09,2022-02-18,short a/long b,,,9,230.23023023022688,161.98116916916916,68.24906106105772,test2,A (as frozen),55.9,43.1,4529.529529529536
5,GOLDGUINEA-GOLDPETAL,2022-02-28,,2022-01-20,2022-02-01,short a/long b,,,12,150.15015015018434,547.1906126126127,-397.0404624624283,test2,A (as frozen),45.9,38.5,-1956.9569569569649
5,GOLDGUINEA-GOLDPETAL,2022-02-28,,2022-02-09,2022-02-18,short a/long b,,,9,230.23023023022688,555.0242122122122,-324.7939819819853,test2,A (as frozen),55.9,43.1,4529.529529529536
10,GOLDGUINEA-GOLDPETAL,2022-02-28,,2022-01-20,2022-02-01,short a/long b,,,12,150.15015015018434,933.5519739739741,-783.4018238237898,test2,A (as frozen),45.9,38.5,-1956.9569569569649
10,GOLDGUINEA-GOLDPETAL,2022-02-28,,2022-02-09,2022-02-18,short a/long b,,,9,230.23023023022688,948.0672552552554,-717.8370250250285,test2,A (as frozen),55.9,43.1,4529.529529529536
0,GOLDGUINEA-GOLDPETAL,2022-03-31,,2022-01-31,2022-02-08,long a/short b,,,8,195.19519519519235,160.78243703703703,34.41275815815533,test2,A (as frozen),35.2,44.8,2299.7997997998027
0,GOLDGUINEA-GOLDPETAL,2022-03-31,,2022-02-22,2022-03-04,short a/long b,,,10,540.5405405404963,164.76942702702704,375.77111351346923,test2,A (as frozen),54.5,26.4,8498.49849849852
0,GOLDGUINEA-GOLDPETAL,2022-03-31,,2022-03-07,2022-03-10,long a/short b,,,3,1106.1061061061264,167.52186046046043,938.584245645666,test2,A (as frozen),45.6,97.9,-728.2282282282176
0,GOLDGUINEA-GOLDPETAL,2022-03-31,,2022-03-11,2022-03-16,short a/long b,,,5,1016.016016016074,165.81282422422424,850.2031917918498,test2,A (as frozen),96.8,50.2,-6594.0940940940345
5,GOLDGUINEA-GOLDPETAL,2022-03-31,,2022-01-31,2022-02-08,long a/short b,,,8,195.19519519519235,546.8610156156158,-351.6658204204234,test2,A (as frozen),35.2,44.8,2299.7997997998027
5,GOLDGUINEA-GOLDPETAL,2022-03-31,,2022-02-22,2022-03-04,short a/long b,,,10,540.5405405404963,573.9586162162162,-33.41807567571993,test2,A (as frozen),54.5,26.4,8498.49849849852
5,GOLDGUINEA-GOLDPETAL,2022-03-31,,2022-03-07,2022-03-10,long a/short b,,,3,1106.1061061061264,592.589428028028,513.5166780780984,test2,A (as frozen),45.6,97.9,-728.2282282282176
5,GOLDGUINEA-GOLDPETAL,2022-03-31,,2022-03-11,2022-03-16,short a/long b,,,5,1016.016016016074,580.960471871872,435.05554414420203,test2,A (as frozen),96.8,50.2,-6594.0940940940345
10,GOLDGUINEA-GOLDPETAL,2022-03-31,,2022-01-31,2022-02-08,long a/short b,,,8,195.19519519519235,932.9395941941942,-737.7443989990019,test2,A (as frozen),35.2,44.8,2299.7997997998027
10,GOLDGUINEA-GOLDPETAL,2022-03-31,,2022-02-22,2022-03-04,short a/long b,,,10,540.5405405404963,983.1478054054054,-442.6072648649091,test2,A (as frozen),54.5,26.4,8498.49849849852
10,GOLDGUINEA-GOLDPETAL,2022-03-31,,2022-03-07,2022-03-10,long a/short b,,,3,1106.1061061061264,1017.6569955955954,88.449110510531,test2,A (as frozen),45.6,97.9,-728.2282282282176
10,GOLDGUINEA-GOLDPETAL,2022-03-31,,2022-03-11,2022-03-16,short a/long b,,,5,1016.016016016074,996.1081195195196,19.907896496554372,test2,A (as frozen),96.8,50.2,-6594.0940940940345
0,GOLDGUINEA-GOLDPETAL,2022-04-29,,2022-03-07,2022-03-10,long a/short b,,,3,525.5255255255179,167.8428214214214,357.6827041040965,test2,A (as frozen),32.8,57.5,-778.2782782783033
0,GOLDGUINEA-GOLDPETAL,2022-04-29,,2022-03-25,2022-03-30,long a/short b,,,5,115.11511511514982,165.60727747747748,-50.49216236232766,test2,A (as frozen),37.0,43.0,-1984.4844844844556
0,GOLDGUINEA-GOLDPETAL,2022-04-29,,2022-04-01,2022-04-08,long a/short b,,,7,35.035035034998145,165.3313083083083,-130.29627327331016,test2,A (as frozen),36.3,37.7,1258.7587587588132
0,GOLDGUINEA-GOLDPETAL,2022-04-29,,2022-04-21,2022-04-25,short a/long b,,,4,-70.07007006999629,165.345604004004,-235.4156740740003,test2,A (as frozen),63.2,67.8,-3768.768768768714
5,GOLDGUINEA-GOLDPETAL,2022-04-29,,2022-03-07,2022-03-10,long a/short b,,,3,525.5255255255179,594.912390990991,-69.38686546547308,test2,A (as frozen),32.8,57.5,-778.2782782783033
5,GOLDGUINEA-GOLDPETAL,2022-04-29,,2022-03-25,2022-03-30,long a/short b,,,5,115.11511511514982,579.7689391391391,-464.6538240239893,test2,A (as frozen),37.0,43.0,-1984.4844844844556
5,GOLDGUINEA-GOLDPETAL,2022-04-29,,2022-04-01,2022-04-08,long a/short b,,,7,35.035035034998145,577.9063833833834,-542.8713483483853,test2,A (as frozen),36.3,37.7,1258.7587587588132
5,GOLDGUINEA-GOLDPETAL,2022-04-29,,2022-04-21,2022-04-25,short a/long b,,,4,-70.07007006999629,578.0282866866868,-648.0983567566831,test2,A (as frozen),63.2,67.8,-3768.768768768714
10,GOLDGUINEA-GOLDPETAL,2022-04-29,,2022-03-07,2022-03-10,long a/short b,,,3,525.5255255255179,1021.9819605605605,-496.45643503504266,test2,A (as frozen),32.8,57.5,-778.2782782783033
10,GOLDGUINEA-GOLDPETAL,2022-04-29,,2022-03-25,2022-03-30,long a/short b,,,5,115.11511511514982,993.9306008008007,-878.8154856856509,test2,A (as frozen),37.0,43.0,-1984.4844844844556
10,GOLDGUINEA-GOLDPETAL,2022-04-29,,2022-04-01,2022-04-08,long a/short b,,,7,35.035035034998145,990.4814584584585,-955.4464234234604,test2,A (as frozen),36.3,37.7,1258.7587587588132
10,GOLDGUINEA-GOLDPETAL,2022-04-29,,2022-04-21,2022-04-25,short a/long b,,,4,-70.07007006999629,990.7109693693695,-1060.781039439366,test2,A (as frozen),63.2,67.8,-3768.768768768714
0,GOLDGUINEA-GOLDPETAL,2022-05-31,,2022-04-13,2022-04-21,long a/short b,,,8,235.23523523519543,166.7582156156156,68.47701961957983,test2,A (as frozen),27.0,38.5,-2004.5045045044753
0,GOLDGUINEA-GOLDPETAL,2022-05-31,,2022-04-28,2022-05-02,short a/long b,,,4,-50.0500500500857,164.72429189189188,-214.77434194197758,test2,A (as frozen),42.4,45.3,-2057.057057057027
0,GOLDGUINEA-GOLDPETAL,2022-05-31,,2022-05-12,2022-05-26,long a/short b,,,14,-645.6456456456363,163.87141441441443,-809.5170600600507,test2,A (as frozen),21.8,-10.1,998.498498498484
5,GOLDGUINEA-GOLDPETAL,2022-05-31,,2022-04-13,2022-04-21,long a/short b,,,8,235.23523523519543,587.586543943944,-352.35130870874855,test2,A (as frozen),27.0,38.5,-2004.5045045044753
5,GOLDGUINEA-GOLDPETAL,2022-05-31,,2022-04-28,2022-05-02,short a/long b,,,4,-50.0500500500857,573.7883559559559,-623.8384060060416,test2,A (as frozen),42.4,45.3,-2057.057057057027
5,GOLDGUINEA-GOLDPETAL,2022-05-31,,2022-05-12,2022-05-26,long a/short b,,,14,-645.6456456456363,568.1131561561562,-1213.7588018017923,test2,A (as frozen),21.8,-10.1,998.498498498484
10,GOLDGUINEA-GOLDPETAL,2022-05-31,,2022-04-13,2022-04-21,long a/short b,,,8,235.23523523519543,1008.4148722722723,-773.1796370370769,test2,A (as frozen),27.0,38.5,-2004.5045045044753
10,GOLDGUINEA-GOLDPETAL,2022-05-31,,2022-04-28,2022-05-02,short a/long b,,,4,-50.0500500500857,982.8524200200201,-1032.9024700701057,test2,A (as frozen),42.4,45.3,-2057.057057057027
10,GOLDGUINEA-GOLDPETAL,2022-05-31,,2022-05-12,2022-05-26,long a/short b,,,14,-645.6456456456363,972.3548978978979,-1618.0005435435341,test2,A (as frozen),21.8,-10.1,998.498498498484
0,GOLDGUINEA-GOLDPETAL,2022-06-30,,2022-05-12,2022-05-17,long a/short b,,,5,355.3553553553502,163.9587797797798,191.39657557557038,test2,A (as frozen),6.7,24.3,-503.0030030029957
0,GOLDGUINEA-GOLDPETAL,2022-06-30,,2022-06-02,2022-06-06,long a/short b,,,4,235.2352352352682,164.62513413413416,70.61010110113403,test2,A (as frozen),16.4,28.0,-1043.5435435435284
0,GOLDGUINEA-GOLDPETAL,2022-06-30,,2022-06-13,2022-06-15,short a/long b,,,2,135.13513513513317,164.02655195195194,-28.891416816818776,test2,A (as frozen),32.8,26.3,-908.4084084083952
5,GOLDGUINEA-GOLDPETAL,2022-06-30,,2022-05-12,2022-05-17,long a/short b,,,5,355.3553553553502,568.4757967967969,-213.1204414414467,test2,A (as frozen),6.7,24.3,-503.0030030029957
5,GOLDGUINEA-GOLDPETAL,2022-06-30,,2022-06-02,2022-06-06,long a/short b,,,4,235.2352352352682,573.0460550550551,-337.81081981978696,test2,A (as frozen),16.4,28.0,-1043.5435435435284
5,GOLDGUINEA-GOLDPETAL,2022-06-30,,2022-06-13,2022-06-15,short a/long b,,,2,135.13513513513317,568.9890144144144,-433.8538792792813,test2,A (as frozen),32.8,26.3,-908.4084084083952
10,GOLDGUINEA-GOLDPETAL,2022-06-30,,2022-05-12,2022-05-17,long a/short b,,,5,355.3553553553502,972.9928138138139,-617.6374584584637,test2,A (as frozen),6.7,24.3,-503.0030030029957
10,GOLDGUINEA-GOLDPETAL,2022-06-30,,2022-06-02,2022-06-06,long a/short b,,,4,235.2352352352682,981.466975975976,-746.2317407407078,test2,A (as frozen),16.4,28.0,-1043.5435435435284
10,GOLDGUINEA-GOLDPETAL,2022-06-30,,2022-06-13,2022-06-15,short a/long b,,,2,135.13513513513317,973.9514768768769,-838.8163417417437,test2,A (as frozen),32.8,26.3,-908.4084084083952
0,GOLDGUINEA-GOLDPETAL,2022-07-29,,2022-06-09,2022-06-16,short a/long b,,,7,-60.060060060095566,164.6765661661662,-224.73662622626176,test2,A (as frozen),26.9,29.9,-330.3303303303255
0,GOLDGUINEA-GOLDPETAL,2022-07-29,,2022-06-22,2022-06-30,long a/short b,,,8,200.2002002001609,164.25158358358357,35.94861661657734,test2,A (as frozen),23.1,33.1,-1341.3413413413582
0,GOLDGUINEA-GOLDPETAL,2022-07-29,,2022-07-04,2022-07-05,long a/short b,,,1,160.16016016015783,165.33674354354355,-5.176583383385719,test2,A (as frozen),27.2,35.4,-2642.6426426426406
0,GOLDGUINEA-GOLDPETAL,2022-07-29,,2022-07-07,2022-07-18,short a/long b,,,11,-230.23023023026326,163.95385625625624,-394.1840864865195,test2,A (as frozen),46.6,58.3,-1126.1261261261097
0,GOLDGUINEA-GOLDPETAL,2022-07-29,,2022-07-21,2022-07-22,short a/long b,,,1,-880.8808808808681,163.75315675675677,-1044.6340376376247,test2,A (as frozen),47.9,91.4,560.5605605605524
5,GOLDGUINEA-GOLDPETAL,2022-07-29,,2022-06-09,2022-06-16,short a/long b,,,7,-60.060060060095566,573.465354954955,-633.5254150150506,test2,A (as frozen),26.9,29.9,-330.3303303303255
5,GOLDGUINEA-GOLDPETAL,2022-07-29,,2022-06-22,2022-06-30,long a/short b,,,8,200.2002002001609,570.5078398398398,-370.3076396396789,test2,A (as frozen),23.1,33.1,-1341.3413413413582
5,GOLDGUINEA-GOLDPETAL,2022-07-29,,2022-07-04,2022-07-05,long a/short b,,,1,160.16016016015783,577.9143211211211,-417.7541609609633,test2,A (as frozen),27.2,35.4,-2642.6426426426406
5,GOLDGUINEA-GOLDPETAL,2022-07-29,,2022-07-07,2022-07-18,short a/long b,,,11,-230.23023023026326,568.5784808808809,-798.8087111111441,test2,A (as frozen),46.6,58.3,-1126.1261261261097
5,GOLDGUINEA-GOLDPETAL,2022-07-29,,2022-07-21,2022-07-22,short a/long b,,,1,-880.8808808808681,567.3617653653654,-1448.2426462462336,test2,A (as frozen),47.9,91.4,560.5605605605524
10,GOLDGUINEA-GOLDPETAL,2022-07-29,,2022-06-09,2022-06-16,short a/long b,,,7,-60.060060060095566,982.2541437437438,-1042.3142038038395,test2,A (as frozen),26.9,29.9,-330.3303303303255
10,GOLDGUINEA-GOLDPETAL,2022-07-29,,2022-06-22,2022-06-30,long a/short b,,,8,200.2002002001609,976.7640960960962,-776.5638958959353,test2,A (as frozen),23.1,33.1,-1341.3413413413582
10,GOLDGUINEA-GOLDPETAL,2022-07-29,,2022-07-04,2022-07-05,long a/short b,,,1,160.16016016015783,990.4918986986987,-830.3317385385409,test2,A (as frozen),27.2,35.4,-2642.6426426426406
10,GOLDGUINEA-GOLDPETAL,2022-07-29,,2022-07-07,2022-07-18,short a/long b,,,11,-230.23023023026326,973.2031055055054,-1203.4333357357687,test2,A (as frozen),46.6,58.3,-1126.1261261261097
10,GOLDGUINEA-GOLDPETAL,2022-07-29,,2022-07-21,2022-07-22,short a/long b,,,1,-880.8808808808681,970.9703739739739,-1851.851254854842,test2,A (as frozen),47.9,91.4,560.5605605605524
0,GOLDGUINEA-GOLDPETAL,2022-08-30,,2022-07-04,2022-07-05,long a/short b,,,1,55.055055055054254,165.61175875875878,-110.55670370370453,test2,A (as frozen),23.1,26.0,-2454.9549549549556
0,GOLDGUINEA-GOLDPETAL,2022-08-30,,2022-07-07,2022-07-19,short a/long b,,,12,-55.055055055017874,164.22459439439442,-219.2796494494123,test2,A (as frozen),37.6,40.5,-1253.7537537537355
0,GOLDGUINEA-GOLDPETAL,2022-08-30,,2022-07-27,2022-07-29,short a/long b,,,2,5.005005005004932,164.60215755755755,-159.59715255255261,test2,A (as frozen),48.1,47.3,2560.060060060059
0,GOLDGUINEA-GOLDPETAL,2022-08-30,,2022-08-05,2022-08-10,short a/long b,,,5,-55.055055055017874,165.62112172172172,-220.6761767767396,test2,A (as frozen),48.5,50.8,1509.0090090090234
0,GOLDGUINEA-GOLDPETAL,2022-08-30,,2022-08-12,2022-08-18,short a/long b,,,6,260.26026026029285,165.58942062062061,94.67083963967224,test2,A (as frozen),60.5,48.7,-2932.932932932963
5,GOLDGUINEA-GOLDPETAL,2022-08-30,,2022-07-04,2022-07-05,long a/short b,,,1,55.055055055054254,579.8134604604604,-524.7584054054062,test2,A (as frozen),23.1,26.0,-2454.9549549549556
5,GOLDGUINEA-GOLDPETAL,2022-08-30,,2022-07-07,2022-07-19,short a/long b,,,12,-55.055055055017874,570.3832530530531,-625.4383081080709,test2,A (as frozen),37.6,40.5,-1253.7537537537355
5,GOLDGUINEA-GOLDPETAL,2022-08-30,,2022-07-27,2022-07-29,short a/long b,,,2,5.005005005004932,572.9429983983983,-567.9379933933934,test2,A (as frozen),48.1,47.3,2560.060060060059
5,GOLDGUINEA-GOLDPETAL,2022-08-30,,2022-08-05,2022-08-10,short a/long b,,,5,-55.055055055017874,579.9029035035035,-634.9579585585213,test2,A (as frozen),48.5,50.8,1509.0090090090234
5,GOLDGUINEA-GOLDPETAL,2022-08-30,,2022-08-12,2022-08-18,short a/long b,,,6,260.26026026029285,579.6134446446447,-319.35318438435183,test2,A (as frozen),60.5,48.7,-2932.932932932963
10,GOLDGUINEA-GOLDPETAL,2022-08-30,,2022-07-04,2022-07-05,long a/short b,,,1,55.055055055054254,994.015162162162,-938.9601071071078,test2,A (as frozen),23.1,26.0,-2454.9549549549556
10,GOLDGUINEA-GOLDPETAL,2022-08-30,,2022-07-07,2022-07-19,short a/long b,,,12,-55.055055055017874,976.5419117117117,-1031.5969667667296,test2,A (as frozen),37.6,40.5,-1253.7537537537355
10,GOLDGUINEA-GOLDPETAL,2022-08-30,,2022-07-27,2022-07-29,short a/long b,,,2,5.005005005004932,981.2838392392391,-976.2788342342342,test2,A (as frozen),48.1,47.3,2560.060060060059
10,GOLDGUINEA-GOLDPETAL,2022-08-30,,2022-08-05,2022-08-10,short a/long b,,,5,-55.055055055017874,994.1846852852852,-1049.2397403403031,test2,A (as frozen),48.5,50.8,1509.0090090090234
10,GOLDGUINEA-GOLDPETAL,2022-08-30,,2022-08-12,2022-08-18,short a/long b,,,6,260.26026026029285,993.6374686686687,-733.3772084083759,test2,A (as frozen),60.5,48.7,-2932.932932932963
0,GOLDGUINEA-GOLDPETAL,2022-09-30,,2022-08-24,2022-08-29,short a/long b,,,5,55.055055055054254,164.8769255255255,-109.82187047047125,test2,A (as frozen),53.9,51.4,-628.128128128119
0,GOLDGUINEA-GOLDPETAL,2022-09-30,,2022-09-14,2022-09-19,short a/long b,,,5,410.4104104104408,163.00113833833834,247.40927207210248,test2,A (as frozen),80.6,61.2,-3248.2482482482374
0,GOLDGUINEA-GOLDPETAL,2022-09-30,,2022-09-23,2022-09-26,long a/short b,,,3,-1371.3713713713514,161.84654734734733,-1533.2179187186987,test2,A (as frozen),73.3,3.8,-2167.167167167172
5,GOLDGUINEA-GOLDPETAL,2022-09-30,,2022-08-24,2022-08-29,short a/long b,,,5,55.055055055054254,574.804352952953,-519.7492978978987,test2,A (as frozen),53.9,51.4,-628.128128128119
5,GOLDGUINEA-GOLDPETAL,2022-09-30,,2022-09-14,2022-09-19,short a/long b,,,5,410.4104104104408,561.9350722722722,-151.52466186183142,test2,A (as frozen),80.6,61.2,-3248.2482482482374
5,GOLDGUINEA-GOLDPETAL,2022-09-30,,2022-09-23,2022-09-26,long a/short b,,,3,-1371.3713713713514,554.47917997998,-1925.8505513513314,test2,A (as frozen),73.3,3.8,-2167.167167167172
10,GOLDGUINEA-GOLDPETAL,2022-09-30,,2022-08-24,2022-08-29,short a/long b,,,5,55.055055055054254,984.7317803803803,-929.6767253253261,test2,A (as frozen),53.9,51.4,-628.128128128119
10,GOLDGUINEA-GOLDPETAL,2022-09-30,,2022-09-14,2022-09-19,short a/long b,,,5,410.4104104104408,960.8690062062062,-550.4585957957654,test2,A (as frozen),80.6,61.2,-3248.2482482482374
10,GOLDGUINEA-GOLDPETAL,2022-09-30,,2022-09-23,2022-09-26,long a/short b,,,3,-1371.3713713713514,947.1118126126128,-2318.4831839839644,test2,A (as frozen),73.3,3.8,-2167.167167167172
0,GOLDGUINEA-GOLDPETAL,2022-10-31,,2022-09-13,2022-09-19,short a/long b,,,6,285.28528528524475,163.3613987987988,121.92388648644595,test2,A (as frozen),65.3,52.1,-3546.046046046067
0,GOLDGUINEA-GOLDPETAL,2022-10-31,,2022-09-23,2022-10-11,long a/short b,,,18,-60.060060060095566,163.43320080080082,-223.49326086089638,test2,A (as frozen),43.6,39.7,4294.294294294305
5,GOLDGUINEA-GOLDPETAL,2022-10-31,,2022-09-13,2022-09-19,short a/long b,,,6,285.28528528524475,564.4199573573574,-279.1346720721126,test2,A (as frozen),65.3,52.1,-3546.046046046067
5,GOLDGUINEA-GOLDPETAL,2022-10-31,,2022-09-23,2022-10-11,long a/short b,,,18,-60.060060060095566,564.9897573573573,-625.0498174174529,test2,A (as frozen),43.6,39.7,4294.294294294305
10,GOLDGUINEA-GOLDPETAL,2022-10-31,,2022-09-13,2022-09-19,short a/long b,,,6,285.28528528524475,965.4785159159159,-680.1932306306711,test2,A (as frozen),65.3,52.1,-3546.046046046067
10,GOLDGUINEA-GOLDPETAL,2022-10-31,,2022-09-23,2022-10-11,long a/short b,,,18,-60.060060060095566,966.546313913914,-1026.6063739740096,test2,A (as frozen),43.6,39.7,4294.294294294305
0,GOLDGUINEA-GOLDPETAL,2022-11-30,,2022-10-04,2022-10-11,long a/short b,,,7,1191.1911911912102,164.82298778778778,1026.3682034034225,test2,A (as frozen),-30.0,28.2,-1646.646646646659
0,GOLDGUINEA-GOLDPETAL,2022-11-30,,2022-10-21,2022-10-26,short a/long b,,,5,240.24024024023674,163.854791991992,76.38544824824476,test2,A (as frozen),42.4,30.5,200.2002002001973
0,GOLDGUINEA-GOLDPETAL,2022-11-30,,2022-11-09,2022-11-17,long a/short b,,,8,1796.796796796807,165.8715901901902,1630.925206606617,test2,A (as frozen),11.5,96.3,6584.084084084061
0,GOLDGUINEA-GOLDPETAL,2022-11-30,,2022-11-18,2022-11-28,short a/long b,,,10,265.265265265225,166.6923009009009,98.57296436432412,test2,A (as frozen),145.8,133.9,-1133.63363363369
5,GOLDGUINEA-GOLDPETAL,2022-11-30,,2022-10-04,2022-10-11,long a/short b,,,7,1191.1911911912102,574.1723371371371,617.0188540540731,test2,A (as frozen),-30.0,28.2,-1646.646646646659
5,GOLDGUINEA-GOLDPETAL,2022-11-30,,2022-10-21,2022-10-26,short a/long b,,,5,240.24024024023674,567.7937309309309,-327.55349069069416,test2,A (as frozen),42.4,30.5,200.2002002001973
5,GOLDGUINEA-GOLDPETAL,2022-11-30,,2022-11-09,2022-11-17,long a/short b,,,8,1796.796796796807,581.179397997998,1215.617398798809,test2,A (as frozen),11.5,96.3,6584.084084084061
5,GOLDGUINEA-GOLDPETAL,2022-11-30,,2022-11-18,2022-11-28,short a/long b,,,10,265.265265265225,587.1302388388389,-321.86497357361384,test2,A (as frozen),145.8,133.9,-1133.63363363369
10,GOLDGUINEA-GOLDPETAL,2022-11-30,,2022-10-04,2022-10-11,long a/short b,,,7,1191.1911911912102,983.5216864864864,207.66950470472386,test2,A (as frozen),-30.0,28.2,-1646.646646646659
10,GOLDGUINEA-GOLDPETAL,2022-11-30,,2022-10-21,2022-10-26,short a/long b,,,5,240.24024024023674,971.7326698698698,-731.4924296296331,test2,A (as frozen),42.4,30.5,200.2002002001973
10,GOLDGUINEA-GOLDPETAL,2022-11-30,,2022-11-09,2022-11-17,long a/short b,,,8,1796.796796796807,996.4872058058058,800.3095909910012,test2,A (as frozen),11.5,96.3,6584.084084084061
10,GOLDGUINEA-GOLDPETAL,2022-11-30,,2022-11-18,2022-11-28,short a/long b,,,10,265.265265265225,1007.5681767767769,-742.3029115115519,test2,A (as frozen),145.8,133.9,-1133.63363363369
0,GOLDGUINEA-GOLDPETAL,2022-12-30,,2022-11-11,2022-11-15,long a/short b,,,4,-150.15015015018434,166.3654882882883,-316.51563843847265,test2,A (as frozen),17.7,10.5,1286.2862862862676
0,GOLDGUINEA-GOLDPETAL,2022-12-30,,2022-11-18,2022-12-09,short a/long b,,,21,-1596.5965965965734,167.69684384384385,-1764.2934404404173,test2,A (as frozen),84.0,156.1,4922.42242242246
0,GOLDGUINEA-GOLDPETAL,2022-12-30,,2022-12-14,2022-12-27,short a/long b,,,13,790.7907907908157,169.5704808808809,621.2203099099347,test2,A (as frozen),180.9,143.5,1646.6466466466227
5,GOLDGUINEA-GOLDPETAL,2022-12-30,,2022-11-11,2022-11-15,long a/short b,,,4,-150.15015015018434,584.9991219219219,-735.1492720721062,test2,A (as frozen),17.7,10.5,1286.2862862862676
5,GOLDGUINEA-GOLDPETAL,2022-12-30,,2022-11-18,2022-12-09,short a/long b,,,21,-1596.5965965965734,594.4110580580582,-2191.0076546546316,test2,A (as frozen),84.0,156.1,4922.42242242246
5,GOLDGUINEA-GOLDPETAL,2022-12-30,,2022-12-14,2022-12-27,short a/long b,,,13,790.7907907908157,606.627537937938,184.1632528528777,test2,A (as frozen),180.9,143.5,1646.6466466466227
10,GOLDGUINEA-GOLDPETAL,2022-12-30,,2022-11-11,2022-11-15,long a/short b,,,4,-150.15015015018434,1003.6327555555556,-1153.78290570574,test2,A (as frozen),17.7,10.5,1286.2862862862676
10,GOLDGUINEA-GOLDPETAL,2022-12-30,,2022-11-18,2022-12-09,short a/long b,,,21,-1596.5965965965734,1021.1252722722725,-2617.721868868846,test2,A (as frozen),84.0,156.1,4922.42242242246
10,GOLDGUINEA-GOLDPETAL,2022-12-30,,2022-12-14,2022-12-27,short a/long b,,,13,790.7907907908157,1043.6845949949952,-252.89380420417956,test2,A (as frozen),180.9,143.5,1646.6466466466227
0,GOLDGUINEA-GOLDPETAL,2023-01-31,,2022-12-16,2022-12-21,short a/long b,,,5,555.5555555555475,169.31368908908908,386.2418664664584,test2,A (as frozen),108.2,81.5,2605.1051051051036
0,GOLDGUINEA-GOLDPETAL,2023-01-31,,2022-12-22,2022-12-23,long a/short b,,,1,-135.13513513513317,169.0864346346346,-304.22156976976777,test2,A (as frozen),101.8,95.6,-27.527527527490747
0,GOLDGUINEA-GOLDPETAL,2023-01-31,,2022-12-28,2023-01-06,long a/short b,,,9,190.1901901902238,169.89150150150152,20.29868868872228,test2,A (as frozen),70.4,77.8,3818.8188188187996
0,GOLDGUINEA-GOLDPETAL,2023-01-31,,2023-01-19,2023-01-27,short a/long b,,,8,-705.7057057056954,172.45984924924926,-878.1655549549447,test2,A (as frozen),164.4,191.2,5357.857857857853
5,GOLDGUINEA-GOLDPETAL,2023-01-31,,2022-12-16,2022-12-21,short a/long b,,,5,555.5555555555475,604.9318072072072,-49.376251651659686,test2,A (as frozen),108.2,81.5,2605.1051051051036
5,GOLDGUINEA-GOLDPETAL,2023-01-31,,2022-12-22,2022-12-23,long a/short b,,,1,-135.13513513513317,603.5433915915917,-738.6785267267248,test2,A (as frozen),101.8,95.6,-27.527527527490747
5,GOLDGUINEA-GOLDPETAL,2023-01-31,,2022-12-28,2023-01-06,long a/short b,,,9,190.1901901902238,608.9555655655656,-418.7653753753418,test2,A (as frozen),70.4,77.8,3818.8188188187996
5,GOLDGUINEA-GOLDPETAL,2023-01-31,,2023-01-19,2023-01-27,short a/long b,,,8,-705.7057057056954,626.671560960961,-1332.3772666666564,test2,A (as frozen),164.4,191.2,5357.857857857853
10,GOLDGUINEA-GOLDPETAL,2023-01-31,,2022-12-16,2022-12-21,short a/long b,,,5,555.5555555555475,1040.5499253253254,-484.9943697697779,test2,A (as frozen),108.2,81.5,2605.1051051051036
10,GOLDGUINEA-GOLDPETAL,2023-01-31,,2022-12-22,2022-12-23,long a/short b,,,1,-135.13513513513317,1038.0003485485486,-1173.1354836836817,test2,A (as frozen),101.8,95.6,-27.527527527490747
10,GOLDGUINEA-GOLDPETAL,2023-01-31,,2022-12-28,2023-01-06,long a/short b,,,9,190.1901901902238,1048.0196296296294,-857.8294394394056,test2,A (as frozen),70.4,77.8,3818.8188188187996
10,GOLDGUINEA-GOLDPETAL,2023-01-31,,2023-01-19,2023-01-27,short a/long b,,,8,-705.7057057056954,1080.8832726726728,-1786.5889783783682,test2,A (as frozen),164.4,191.2,5357.857857857853
0,GOLDGUINEA-GOLDPETAL,2023-02-28,,2023-01-20,2023-02-14,short a/long b,,,25,-55.055055055090634,171.80783243243246,-226.8628874875231,test2,A (as frozen),111.3,114.3,-1093.5935935935777
0,GOLDGUINEA-GOLDPETAL,2023-02-28,,2023-02-15,2023-02-27,long a/short b,,,12,1796.796796796807,170.5946576576577,1626.2021391391493,test2,A (as frozen),109.5,192.9,-3145.6456456456726
5,GOLDGUINEA-GOLDPETAL,2023-02-28,,2023-01-20,2023-02-14,short a/long b,,,25,-55.055055055090634,622.0756002002003,-677.1306552552909,test2,A (as frozen),111.3,114.3,-1093.5935935935777
5,GOLDGUINEA-GOLDPETAL,2023-02-28,,2023-02-15,2023-02-27,long a/short b,,,12,1796.796796796807,613.374937937938,1183.4218588588692,test2,A (as frozen),109.5,192.9,-3145.6456456456726
10,GOLDGUINEA-GOLDPETAL,2023-02-28,,2023-01-20,2023-02-14,short a/long b,,,25,-55.055055055090634,1072.343367967968,-1127.3984230230587,test2,A (as frozen),111.3,114.3,-1093.5935935935777
10,GOLDGUINEA-GOLDPETAL,2023-02-28,,2023-02-15,2023-02-27,long a/short b,,,12,1796.796796796807,1056.1552182182181,740.6415785785889,test2,A (as frozen),109.5,192.9,-3145.6456456456726
0,GOLDGUINEA-GOLDPETAL,2023-03-31,,2023-01-24,2023-02-14,short a/long b,,,21,170.1701701701677,172.2715947947948,-2.1014246246271,test2,A (as frozen),115.7,108.9,-1446.4464464464254
0,GOLDGUINEA-GOLDPETAL,2023-03-31,,2023-02-16,2023-02-28,long a/short b,,,12,420.4204204204143,170.97112352352354,249.44929689689076,test2,A (as frozen),87.3,107.5,-2872.872872872831
0,GOLDGUINEA-GOLDPETAL,2023-03-31,,2023-03-07,2023-03-13,short a/long b,,,6,835.8358358358237,171.17489029029028,664.6609455455334,test2,A (as frozen),109.0,68.6,7550.050050050049
0,GOLDGUINEA-GOLDPETAL,2023-03-31,,2023-03-14,2023-03-22,long a/short b,,,8,1416.4164164163958,173.33205545545547,1243.0843609609403,test2,A (as frozen),66.4,126.0,5312.812812812772
5,GOLDGUINEA-GOLDPETAL,2023-03-31,,2023-01-24,2023-02-14,short a/long b,,,21,170.1701701701677,625.1845077077077,-455.01433753754,test2,A (as frozen),115.7,108.9,-1446.4464464464254
5,GOLDGUINEA-GOLDPETAL,2023-03-31,,2023-02-16,2023-02-28,long a/short b,,,12,420.4204204204143,616.2614138138138,-195.84099339339946,test2,A (as frozen),87.3,107.5,-2872.872872872831
5,GOLDGUINEA-GOLDPETAL,2023-03-31,,2023-03-07,2023-03-13,short a/long b,,,6,835.8358358358237,617.5537691691691,218.2820666666546,test2,A (as frozen),109.0,68.6,7550.050050050049
5,GOLDGUINEA-GOLDPETAL,2023-03-31,,2023-03-14,2023-03-22,long a/short b,,,8,1416.4164164163958,632.1233467467467,784.2930696696491,test2,A (as frozen),66.4,126.0,5312.812812812772
10,GOLDGUINEA-GOLDPETAL,2023-03-31,,2023-01-24,2023-02-14,short a/long b,,,21,170.1701701701677,1078.0974206206206,-907.9272504504529,test2,A (as frozen),115.7,108.9,-1446.4464464464254
10,GOLDGUINEA-GOLDPETAL,2023-03-31,,2023-02-16,2023-02-28,long a/short b,,,12,420.4204204204143,1061.551704104104,-641.1312836836896,test2,A (as frozen),87.3,107.5,-2872.872872872831
10,GOLDGUINEA-GOLDPETAL,2023-03-31,,2023-03-07,2023-03-13,short a/long b,,,6,835.8358358358237,1063.932648048048,-228.09681221222422,test2,A (as frozen),109.0,68.6,7550.050050050049
10,GOLDGUINEA-GOLDPETAL,2023-03-31,,2023-03-14,2023-03-22,long a/short b,,,8,1416.4164164163958,1090.914638038038,325.5017783783578,test2,A (as frozen),66.4,126.0,5312.812812812772
0,GOLDGUINEA-GOLDPETAL,2023-04-28,,2023-03-09,2023-03-14,short a/long b,,,5,595.5955955956233,171.53183683683685,424.06375875878643,test2,A (as frozen),94.4,65.2,7269.769769769773
0,GOLDGUINEA-GOLDPETAL,2023-04-28,,2023-03-16,2023-03-22,long a/short b,,,6,1186.1861861862053,174.08177237237237,1012.1044138138329,test2,A (as frozen),44.9,94.9,3956.4564564564353
0,GOLDGUINEA-GOLDPETAL,2023-04-28,,2023-04-11,2023-04-12,short a/long b,,,1,850.8508508508021,177.10019139139138,673.7506594594107,test2,A (as frozen),82.9,47.1,1336.3363363363533
0,GOLDGUINEA-GOLDPETAL,2023-04-28,,2023-04-13,2023-04-24,long a/short b,,,11,-1271.2712712712528,177.37067667667665,-1448.6419479479293,test2,A (as frozen),19.0,-33.8,-2757.757757757754
5,GOLDGUINEA-GOLDPETAL,2023-04-28,,2023-03-09,2023-03-14,short a/long b,,,5,595.5955955956233,620.0428478478478,-24.44725225222453,test2,A (as frozen),94.4,65.2,7269.769769769773
5,GOLDGUINEA-GOLDPETAL,2023-04-28,,2023-03-16,2023-03-22,long a/short b,,,6,1186.1861861862053,637.2874780780782,548.8987081081272,test2,A (as frozen),44.9,94.9,3956.4564564564353
5,GOLDGUINEA-GOLDPETAL,2023-04-28,,2023-04-11,2023-04-12,short a/long b,,,1,850.8508508508021,657.9410322322323,192.90981861856983,test2,A (as frozen),82.9,47.1,1336.3363363363533
5,GOLDGUINEA-GOLDPETAL,2023-04-28,,2023-04-13,2023-04-24,long a/short b,,,11,-1271.2712712712528,660.2785845845846,-1931.5498558558374,test2,A (as frozen),19.0,-33.8,-2757.757757757754
10,GOLDGUINEA-GOLDPETAL,2023-04-28,,2023-03-09,2023-03-14,short a/long b,,,5,595.5955955956233,1068.5538588588588,-472.9582632632355,test2,A (as frozen),94.4,65.2,7269.769769769773
10,GOLDGUINEA-GOLDPETAL,2023-04-28,,2023-03-16,2023-03-22,long a/short b,,,6,1186.1861861862053,1100.493183783784,85.69300240242137,test2,A (as frozen),44.9,94.9,3956.4564564564353
10,GOLDGUINEA-GOLDPETAL,2023-04-28,,2023-04-11,2023-04-12,short a/long b,,,1,850.8508508508021,1138.781873073073,-287.93102222227094,test2,A (as frozen),82.9,47.1,1336.3363363363533
10,GOLDGUINEA-GOLDPETAL,2023-04-28,,2023-04-13,2023-04-24,long a/short b,,,11,-1271.2712712712528,1143.1864924924926,-2414.4577637637453,test2,A (as frozen),19.0,-33.8,-2757.757757757754
0,GOLDGUINEA-GOLDPETAL,2023-05-31,,2023-03-20,2023-03-22,long a/short b,,,2,1676.6766766766523,175.4772682682683,1501.199408408384,test2,A (as frozen),26.3,97.8,-1483.9839839839988
0,GOLDGUINEA-GOLDPETAL,2023-05-31,,2023-04-11,2023-04-12,short a/long b,,,1,450.4504504504803,177.39652252252253,273.0539279279577,test2,A (as frozen),64.9,45.9,1096.0960960961165
0,GOLDGUINEA-GOLDPETAL,2023-05-31,,2023-04-13,2023-04-24,long a/short b,,,11,-275.27527527530765,177.51076016016017,-452.78603543546785,test2,A (as frozen),45.4,34.6,-3701.2012012011837
0,GOLDGUINEA-GOLDPETAL,2023-05-31,,2023-04-27,2023-05-12,long a/short b,,,15,-95.09509509509371,177.75373353353353,-272.84882862862725,test2,A (as frozen),-15.6,-19.2,4356.856856856866
0,GOLDGUINEA-GOLDPETAL,2023-05-31,,2023-05-17,2023-05-25,short a/long b,,,8,-95.09509509509371,177.18410870870872,-272.27920380380243,test2,A (as frozen),0.8,4.8,-2715.215215215212
5,GOLDGUINEA-GOLDPETAL,2023-05-31,,2023-03-20,2023-03-22,long a/short b,,,2,1676.6766766766523,646.6859769769769,1029.9906996996754,test2,A (as frozen),26.3,97.8,-1483.9839839839988
5,GOLDGUINEA-GOLDPETAL,2023-05-31,,2023-04-11,2023-04-12,short a/long b,,,1,450.4504504504803,660.0541801801803,-209.60372972970004,test2,A (as frozen),64.9,45.9,1096.0960960961165
5,GOLDGUINEA-GOLDPETAL,2023-05-31,,2023-04-13,2023-04-24,long a/short b,,,11,-275.27527527530765,661.0017511511512,-936.2770264264589,test2,A (as frozen),45.4,34.6,-3701.2012012011837
5,GOLDGUINEA-GOLDPETAL,2023-05-31,,2023-04-27,2023-05-12,long a/short b,,,15,-95.09509509509371,662.6160958958959,-757.7111909909896,test2,A (as frozen),-15.6,-19.2,4356.856856856866
5,GOLDGUINEA-GOLDPETAL,2023-05-31,,2023-05-17,2023-05-25,short a/long b,,,8,-95.09509509509371,658.7331577577578,-753.8282528528515,test2,A (as frozen),0.8,4.8,-2715.215215215212
10,GOLDGUINEA-GOLDPETAL,2023-05-31,,2023-03-20,2023-03-22,long a/short b,,,2,1676.6766766766523,1117.8946856856858,558.7819909909665,test2,A (as frozen),26.3,97.8,-1483.9839839839988
10,GOLDGUINEA-GOLDPETAL,2023-05-31,,2023-04-11,2023-04-12,short a/long b,,,1,450.4504504504803,1142.711837837838,-692.2613873873577,test2,A (as frozen),64.9,45.9,1096.0960960961165
10,GOLDGUINEA-GOLDPETAL,2023-05-31,,2023-04-13,2023-04-24,long a/short b,,,11,-275.27527527530765,1144.492742142142,-1419.7680174174498,test2,A (as frozen),45.4,34.6,-3701.2012012011837
10,GOLDGUINEA-GOLDPETAL,2023-05-31,,2023-04-27,2023-05-12,long a/short b,,,15,-95.09509509509371,1147.4784582582583,-1242.573553353352,test2,A (as frozen),-15.6,-19.2,4356.856856856866
10,GOLDGUINEA-GOLDPETAL,2023-05-31,,2023-05-17,2023-05-25,short a/long b,,,8,-95.09509509509371,1140.2822068068067,-1235.3773019019004,test2,A (as frozen),0.8,4.8,-2715.215215215212
0,GOLDGUINEA-GOLDPETAL,2023-06-30,,2023-04-27,2023-05-11,long a/short b,,,14,-375.3753753753699,177.94042822822823,-553.3158036035982,test2,A (as frozen),14.8,-0.8,4296.796796796807
0,GOLDGUINEA-GOLDPETAL,2023-06-30,,2023-05-17,2023-06-27,short a/long b,,,41,-2357.3573573573594,176.32436656656654,-2533.681723923926,test2,A (as frozen),22.3,123.7,-8511.011011011033
5,GOLDGUINEA-GOLDPETAL,2023-06-30,,2023-04-27,2023-05-11,long a/short b,,,14,-375.3753753753699,663.9539417417417,-1039.3293171171117,test2,A (as frozen),14.8,-0.8,4296.796796796807
5,GOLDGUINEA-GOLDPETAL,2023-06-30,,2023-05-17,2023-06-27,short a/long b,,,41,-2357.3573573573594,653.3989411411411,-3010.7562984985007,test2,A (as frozen),22.3,123.7,-8511.011011011033
10,GOLDGUINEA-GOLDPETAL,2023-06-30,,2023-04-27,2023-05-11,long a/short b,,,14,-375.3753753753699,1149.9674552552553,-1525.3428306306253,test2,A (as frozen),14.8,-0.8,4296.796796796807
10,GOLDGUINEA-GOLDPETAL,2023-06-30,,2023-05-17,2023-06-27,short a/long b,,,41,-2357.3573573573594,1130.4735157157156,-3487.830873073075,test2,A (as frozen),22.3,123.7,-8511.011011011033
0,GOLDGUINEA-GOLDPETAL,2023-07-31,,2023-06-06,2023-07-12,short a/long b,,,36,-1951.9519519519235,176.66024384384386,-2128.6121957957675,test2,A (as frozen),48.2,130.9,-3108.108108108063
0,GOLDGUINEA-GOLDPETAL,2023-07-31,,2023-07-14,2023-07-27,short a/long b,,,13,-1726.726726726738,176.247196996997,-1902.973923723735,test2,A (as frozen),135.2,207.9,-177.67767767771147
5,GOLDGUINEA-GOLDPETAL,2023-07-31,,2023-06-06,2023-07-12,short a/long b,,,36,-1951.9519519519235,655.5941777777778,-2607.5461297297015,test2,A (as frozen),48.2,130.9,-3108.108108108063
5,GOLDGUINEA-GOLDPETAL,2023-07-31,,2023-07-14,2023-07-27,short a/long b,,,13,-1726.726726726738,652.726175975976,-2379.452902702714,test2,A (as frozen),135.2,207.9,-177.67767767771147
10,GOLDGUINEA-GOLDPETAL,2023-07-31,,2023-06-06,2023-07-12,short a/long b,,,36,-1951.9519519519235,1134.5281117117117,-3086.4800636636355,test2,A (as frozen),48.2,130.9,-3108.108108108063
10,GOLDGUINEA-GOLDPETAL,2023-07-31,,2023-07-14,2023-07-27,short a/long b,,,13,-1726.726726726738,1129.205154954955,-2855.931881681693,test2,A (as frozen),135.2,207.9,-177.67767767771147
0,GOLDGUINEA-GOLDPETAL,2023-08-31,,2023-07-19,2023-08-22,short a/long b,,,34,185.1851851851461,176.15674414414417,9.02844104100194,test2,A (as frozen),126.7,121.9,-5698.198198198224
0,GOLDGUINEA-GOLDPETAL,2023-08-31,,2023-08-23,2023-08-28,long a/short b,,,5,220.22022022021702,175.5364628628629,44.683757357354125,test2,A (as frozen),128.8,137.6,1031.031031031016
5,GOLDGUINEA-GOLDPETAL,2023-08-31,,2023-07-19,2023-08-22,short a/long b,,,34,185.1851851851461,651.6647521521522,-466.4795669670061,test2,A (as frozen),126.7,121.9,-5698.198198198224
5,GOLDGUINEA-GOLDPETAL,2023-08-31,,2023-08-23,2023-08-28,long a/short b,,,5,220.22022022021702,647.4283547547548,-427.20813453453775,test2,A (as frozen),128.8,137.6,1031.031031031016
10,GOLDGUINEA-GOLDPETAL,2023-08-31,,2023-07-19,2023-08-22,short a/long b,,,34,185.1851851851461,1127.1727601601601,-941.987574975014,test2,A (as frozen),126.7,121.9,-5698.198198198224
10,GOLDGUINEA-GOLDPETAL,2023-08-31,,2023-08-23,2023-08-28,long a/short b,,,5,220.22022022021702,1119.3202466466466,-899.1000264264296,test2,A (as frozen),128.8,137.6,1031.031031031016
0,GOLDGUINEA-GOLDPETAL,2023-09-29,,2023-08-09,2023-08-22,short a/long b,,,13,950.9509509509371,175.94257377377377,775.0083771771633,test2,A (as frozen),150.0,110.8,-1716.7167167166917
0,GOLDGUINEA-GOLDPETAL,2023-09-29,,2023-08-23,2023-09-05,long a/short b,,,13,1046.0460460460308,176.11201621621623,869.9340298298146,test2,A (as frozen),118.8,162.0,1443.9439439439593
0,GOLDGUINEA-GOLDPETAL,2023-09-29,,2023-09-06,2023-09-20,short a/long b,,,14,-75.07507507507398,176.24012392392393,-251.31519899899791,test2,A (as frozen),181.0,183.8,477.977977977971
5,GOLDGUINEA-GOLDPETAL,2023-09-29,,2023-08-09,2023-08-22,short a/long b,,,13,950.9509509509371,650.0266578578578,300.9242930930793,test2,A (as frozen),150.0,110.8,-1716.7167167166917
5,GOLDGUINEA-GOLDPETAL,2023-09-29,,2023-08-23,2023-09-05,long a/short b,,,13,1046.0460460460308,651.1595637637638,394.886482282267,test2,A (as frozen),118.8,162.0,1443.9439439439593
5,GOLDGUINEA-GOLDPETAL,2023-09-29,,2023-09-06,2023-09-20,short a/long b,,,14,-75.07507507507398,652.2936774774776,-727.3687525525515,test2,A (as frozen),181.0,183.8,477.977977977971
10,GOLDGUINEA-GOLDPETAL,2023-09-29,,2023-08-09,2023-08-22,short a/long b,,,13,950.9509509509371,1124.110741941942,-173.1597909910049,test2,A (as frozen),150.0,110.8,-1716.7167167166917
10,GOLDGUINEA-GOLDPETAL,2023-09-29,,2023-08-23,2023-09-05,long a/short b,,,13,1046.0460460460308,1126.207111311311,-80.16106526528029,test2,A (as frozen),118.8,162.0,1443.9439439439593
10,GOLDGUINEA-GOLDPETAL,2023-09-29,,2023-09-06,2023-09-20,short a/long b,,,14,-75.07507507507398,1128.347231031031,-1203.422306106105,test2,A (as frozen),181.0,183.8,477.977977977971
0,GOLDGUINEA-GOLDPETAL,2023-10-31,,2023-09-07,2023-09-21,short a/long b,,,14,-625.6256256256165,176.34803143143142,-801.973657057048,test2,A (as frozen),140.1,166.7,-528.0280280280567
0,GOLDGUINEA-GOLDPETAL,2023-10-31,,2023-09-25,2023-09-29,short a/long b,,,4,2157.157157157162,175.35365105105106,1981.8035061061112,test2,A (as frozen),206.6,118.3,-5002.502502502466
0,GOLDGUINEA-GOLDPETAL,2023-10-31,,2023-10-03,2023-10-09,long a/short b,,,6,-1286.2862862862312,173.7144098098098,-1460.0006960960409,test2,A (as frozen),103.8,47.5,1759.2592592592337
5,GOLDGUINEA-GOLDPETAL,2023-10-31,,2023-09-07,2023-09-21,short a/long b,,,14,-625.6256256256165,653.1573407407408,-1278.7829663663574,test2,A (as frozen),140.1,166.7,-528.0280280280567
5,GOLDGUINEA-GOLDPETAL,2023-10-31,,2023-09-25,2023-09-29,short a/long b,,,4,2157.157157157162,645.7315289289289,1511.425628228233,test2,A (as frozen),206.6,118.3,-5002.502502502466
5,GOLDGUINEA-GOLDPETAL,2023-10-31,,2023-10-03,2023-10-09,long a/short b,,,6,-1286.2862862862312,635.3585539539539,-1921.6448402401852,test2,A (as frozen),103.8,47.5,1759.2592592592337
10,GOLDGUINEA-GOLDPETAL,2023-10-31,,2023-09-07,2023-09-21,short a/long b,,,14,-625.6256256256165,1129.96665005005,-1755.5922756756665,test2,A (as frozen),140.1,166.7,-528.0280280280567
10,GOLDGUINEA-GOLDPETAL,2023-10-31,,2023-09-25,2023-09-29,short a/long b,,,4,2157.157157157162,1116.1094068068069,1041.0477503503553,test2,A (as frozen),206.6,118.3,-5002.502502502466
10,GOLDGUINEA-GOLDPETAL,2023-10-31,,2023-10-03,2023-10-09,long a/short b,,,6,-1286.2862862862312,1097.0026980980979,-2383.288984384329,test2,A (as frozen),103.8,47.5,1759.2592592592337
0,GOLDGUINEA-GOLDPETAL,2023-11-30,,2023-10-05,2023-10-09,long a/short b,,,4,-370.370370370365,173.97347547547545,-544.3438458458404,test2,A (as frozen),51.4,34.8,2977.977977977971
5,GOLDGUINEA-GOLDPETAL,2023-11-30,,2023-10-05,2023-10-09,long a/short b,,,4,-370.370370370365,636.9114134134134,-1007.2817837837783,test2,A (as frozen),51.4,34.8,2977.977977977971
10,GOLDGUINEA-GOLDPETAL,2023-11-30,,2023-10-05,2023-10-09,long a/short b,,,4,-370.370370370365,1099.8493513513513,-1470.2197217217163,test2,A (as frozen),51.4,34.8,2977.977977977971
