date,symbol,expiry_date,open,high,low,close,prev_close,volume_lots,open_interest_lots,value_lakhs,source_file,no_trade,rs_per_g,days_to_expiry
2025-01-01,GOLDGUINEA,2025-04-30,,,,62470.0,62470.0,0,0,0.0,GOLDGUINEA_30APR2025.xls,True,7816.5665665665665,119
2025-01-02,GOLDGUINEA,2025-04-30,,,,63090.0,63090.0,0,0,0.0,GOLDGUINEA_30APR2025.xls,True,7894.144144144144,118
2025-01-03,GOLDGUINEA,2025-04-30,,,,63412.0,63412.0,0,0,0.0,GOLDGUINEA_30APR2025.xls,True,7934.4344344344345,117
2025-01-06,GOLDGUINEA,2025-04-30,,,,63316.0,63316.0,0,0,0.0,GOLDGUINEA_30APR2025.xls,True,7922.422422422423,114
2025-01-07,GOLDGUINEA,2025-04-30,,,,63563.0,63563.0,0,0,0.0,GOLDGUINEA_30APR2025.xls,True,7953.328328328328,113
2025-01-08,GOLDGUINEA,2025-04-30,62002.0,62002.0,62002.0,62002.0,63787.0,1,1,0.62,GOLDGUINEA_30APR2025.xls,False,7758.008008008008,112
2025-01-09,GOLDGUINEA,2025-04-30,63862.0,63862.0,63701.0,63844.0,62002.0,9,9,5.75,GOLDGUINEA_30APR2025.xls,False,7988.488488488489,111
2025-01-10,GOLDGUINEA,2025-04-30,64000.0,64103.0,64000.0,64052.0,63844.0,2,11,1.28,GOLDGUINEA_30APR2025.xls,False,8014.514514514514,110
2025-01-13,GOLDGUINEA,2025-04-30,,,,64052.0,64052.0,0,11,0.0,GOLDGUINEA_30APR2025.xls,True,8014.514514514514,107
2025-01-14,GOLDGUINEA,2025-04-30,,,,64461.0,64461.0,0,11,0.0,GOLDGUINEA_30APR2025.xls,True,8065.690690690691,106
2025-01-15,GOLDGUINEA,2025-04-30,64607.0,64698.0,64607.0,64667.0,64556.0,3,12,1.94,GOLDGUINEA_30APR2025.xls,False,8091.466466466466,105
2025-01-16,GOLDGUINEA,2025-04-30,64850.0,64999.0,64508.0,64864.0,64667.0,9,16,5.84,GOLDGUINEA_30APR2025.xls,False,8116.116116116116,104
2025-01-17,GOLDGUINEA,2025-04-30,64703.0,65055.0,64570.0,64867.0,64864.0,5,18,3.24,GOLDGUINEA_30APR2025.xls,False,8116.491491491492,103
2025-01-20,GOLDGUINEA,2025-04-30,64701.0,64797.0,64701.0,64752.0,64867.0,10,22,6.48,GOLDGUINEA_30APR2025.xls,False,8102.102102102102,100
2025-01-21,GOLDGUINEA,2025-04-30,65189.0,65189.0,64601.0,64970.0,64752.0,4,21,2.6,GOLDGUINEA_30APR2025.xls,False,8129.379379379379,99
2025-01-22,GOLDGUINEA,2025-04-30,64998.0,65100.0,64800.0,64966.0,64970.0,3,22,1.95,GOLDGUINEA_30APR2025.xls,False,8128.878878878879,98
2025-01-23,GOLDGUINEA,2025-04-30,64722.0,64800.0,64722.0,64761.0,64966.0,2,22,1.3,GOLDGUINEA_30APR2025.xls,False,8103.2282282282285,97
2025-01-24,GOLDGUINEA,2025-04-30,65000.0,65394.0,64900.0,65330.0,64761.0,59,40,38.47,GOLDGUINEA_30APR2025.xls,False,8174.424424424425,96
2025-01-27,GOLDGUINEA,2025-04-30,65299.0,65453.0,65133.0,65320.0,65330.0,32,55,20.89,GOLDGUINEA_30APR2025.xls,False,8173.173173173173,93
2025-01-28,GOLDGUINEA,2025-04-30,65320.0,65627.0,65240.0,65387.0,65320.0,34,64,22.23,GOLDGUINEA_30APR2025.xls,False,8181.556556556557,92
2025-01-29,GOLDGUINEA,2025-04-30,65549.0,65650.0,65411.0,65598.0,65387.0,86,84,56.38,GOLDGUINEA_30APR2025.xls,False,8207.957957957959,91
2025-01-30,GOLDGUINEA,2025-04-30,65700.0,66666.0,65660.0,66351.0,65598.0,262,178,173.36,GOLDGUINEA_30APR2025.xls,False,8302.177177177176,90
2025-01-31,GOLDGUINEA,2025-04-30,66501.0,66888.0,66415.0,66605.0,66351.0,239,178,159.29,GOLDGUINEA_30APR2025.xls,False,8333.95895895896,89
2025-02-01,GOLDGUINEA,2025-04-30,66600.0,67599.0,66501.0,66722.0,66605.0,252,291,169.15,GOLDGUINEA_30APR2025.xls,False,8348.598598598599,88
2025-02-03,GOLDGUINEA,2025-04-30,66621.0,67679.0,66400.0,67425.0,66722.0,472,453,317.24,GOLDGUINEA_30APR2025.xls,False,8436.56156156156,86
2025-02-04,GOLDGUINEA,2025-04-30,67450.0,68185.0,67040.0,67769.0,67425.0,843,560,569.86,GOLDGUINEA_30APR2025.xls,False,8479.604604604605,85
2025-02-05,GOLDGUINEA,2025-04-30,67825.0,68832.0,67555.0,68561.0,67769.0,1349,681,921.56,GOLDGUINEA_30APR2025.xls,False,8578.703703703704,84
2025-02-06,GOLDGUINEA,2025-04-30,68561.0,68687.0,68201.0,68403.0,68561.0,522,725,357.32,GOLDGUINEA_30APR2025.xls,False,8558.933933933933,83
2025-02-07,GOLDGUINEA,2025-04-30,68655.0,68952.0,68401.0,68606.0,68403.0,711,810,488.35,GOLDGUINEA_30APR2025.xls,False,8584.334334334335,82
2025-02-10,GOLDGUINEA,2025-04-30,68999.0,69531.0,68831.0,69423.0,68606.0,1034,984,716.01,GOLDGUINEA_30APR2025.xls,False,8686.56156156156,79
2025-02-11,GOLDGUINEA,2025-04-30,69606.0,69989.0,68964.0,69507.0,69423.0,1014,1133,704.71,GOLDGUINEA_30APR2025.xls,False,8697.072072072073,78
2025-02-12,GOLDGUINEA,2025-04-30,69195.0,69567.0,69000.0,69536.0,69507.0,456,1181,315.7,GOLDGUINEA_30APR2025.xls,False,8700.700700700701,77
2025-02-13,GOLDGUINEA,2025-04-30,69790.0,69987.0,69536.0,69783.0,69536.0,719,1252,501.82,GOLDGUINEA_30APR2025.xls,False,8731.606606606607,76
2025-02-14,GOLDGUINEA,2025-04-30,69975.0,70386.0,69274.0,69367.0,69783.0,1106,1289,773.19,GOLDGUINEA_30APR2025.xls,False,8679.554554554554,75
2025-02-17,GOLDGUINEA,2025-04-30,69340.0,69750.0,69212.0,69513.0,69367.0,482,1404,335.16,GOLDGUINEA_30APR2025.xls,False,8697.822822822824,72
2025-02-18,GOLDGUINEA,2025-04-30,69621.0,70103.0,69621.0,70047.0,69513.0,666,1478,465.36,GOLDGUINEA_30APR2025.xls,False,8764.63963963964,71
2025-02-19,GOLDGUINEA,2025-04-30,69972.0,70751.0,69929.0,70064.0,70047.0,1094,1548,768.17,GOLDGUINEA_30APR2025.xls,False,8766.766766766767,70
2025-02-20,GOLDGUINEA,2025-04-30,70412.0,70495.0,70041.0,70311.0,70064.0,896,1717,630.04,GOLDGUINEA_30APR2025.xls,False,8797.672672672672,69
2025-02-21,GOLDGUINEA,2025-04-30,70121.0,70300.0,69950.0,70115.0,70311.0,661,1751,463.4,GOLDGUINEA_30APR2025.xls,False,8773.148148148148,68
2025-02-24,GOLDGUINEA,2025-04-30,70120.0,70311.0,70091.0,70133.0,70115.0,892,1979,626.19,GOLDGUINEA_30APR2025.xls,False,8775.4004004004,65
2025-02-25,GOLDGUINEA,2025-04-30,70245.0,70350.0,69781.0,69924.0,70133.0,1325,2062,928.69,GOLDGUINEA_30APR2025.xls,False,8749.24924924925,64
2025-02-26,GOLDGUINEA,2025-04-30,69900.0,70095.0,69736.0,70057.0,69924.0,503,2167,351.73,GOLDGUINEA_30APR2025.xls,False,8765.89089089089,63
2025-02-27,GOLDGUINEA,2025-04-30,70060.0,70300.0,69580.0,69714.0,70057.0,1128,2326,786.51,GOLDGUINEA_30APR2025.xls,False,8722.972972972973,62
2025-02-28,GOLDGUINEA,2025-04-30,69526.0,69540.0,68940.0,69077.0,69714.0,1711,2332,1184.03,GOLDGUINEA_30APR2025.xls,False,8643.268268268268,61
2025-03-03,GOLDGUINEA,2025-04-30,69481.0,69614.0,69125.0,69591.0,69077.0,1460,2477,1012.84,GOLDGUINEA_30APR2025.xls,False,8707.582582582583,58
2025-03-04,GOLDGUINEA,2025-04-30,69590.0,70300.0,69590.0,70164.0,69591.0,2003,2295,1401.72,GOLDGUINEA_30APR2025.xls,False,8779.279279279279,57
2025-03-05,GOLDGUINEA,2025-04-30,70156.0,70320.0,69812.0,70090.0,70164.0,1497,2437,1049.67,GOLDGUINEA_30APR2025.xls,False,8770.02002002002,56
2025-03-06,GOLDGUINEA,2025-04-30,70191.0,70242.0,69927.0,70150.0,70090.0,1051,2546,736.7,GOLDGUINEA_30APR2025.xls,False,8777.527527527527,55
2025-03-07,GOLDGUINEA,2025-04-30,69970.0,70207.0,69970.0,70132.0,70150.0,951,2520,666.54,GOLDGUINEA_30APR2025.xls,False,8775.275275275275,54
2025-03-10,GOLDGUINEA,2025-04-30,70178.0,70200.0,69600.0,69827.0,70132.0,1121,2616,785.14,GOLDGUINEA_30APR2025.xls,False,8737.112112112112,51
2025-03-11,GOLDGUINEA,2025-04-30,69900.0,70198.0,69862.0,70129.0,69827.0,980,2569,686.36,GOLDGUINEA_30APR2025.xls,False,8774.8998998999,50
2025-03-12,GOLDGUINEA,2025-04-30,70125.0,70444.0,70050.0,70403.0,70129.0,1428,2585,1002.93,GOLDGUINEA_30APR2025.xls,False,8809.184184184183,49
2025-03-13,GOLDGUINEA,2025-04-30,70533.0,71336.0,70380.0,71111.0,70403.0,3634,2866,2571.28,GOLDGUINEA_30APR2025.xls,False,8897.772772772772,48
2025-03-14,GOLDGUINEA,2025-04-30,71264.0,71550.0,71128.0,71355.0,71111.0,1196,3022,853.73,GOLDGUINEA_30APR2025.xls,False,8928.303303303303,47
2025-03-17,GOLDGUINEA,2025-04-30,71419.0,71680.0,71200.0,71524.0,71355.0,2331,3224,1665.48,GOLDGUINEA_30APR2025.xls,False,8949.44944944945,44
2025-03-18,GOLDGUINEA,2025-04-30,71678.0,72200.0,71601.0,72167.0,71524.0,3009,3516,2164.89,GOLDGUINEA_30APR2025.xls,False,9029.904904904904,43
2025-03-19,GOLDGUINEA,2025-04-30,72199.0,72398.0,72010.0,72108.0,72167.0,2399,3491,1732.01,GOLDGUINEA_30APR2025.xls,False,9022.522522522522,42
2025-03-20,GOLDGUINEA,2025-04-30,72369.0,72395.0,71750.0,72093.0,72108.0,2531,3666,1825.45,GOLDGUINEA_30APR2025.xls,False,9020.645645645645,41
2025-03-21,GOLDGUINEA,2025-04-30,72011.0,72011.0,71290.0,71459.0,72093.0,4534,3905,3248.97,GOLDGUINEA_30APR2025.xls,False,8941.316316316317,40
2025-03-24,GOLDGUINEA,2025-04-30,71406.0,71591.0,70940.0,70984.0,71459.0,4515,4622,3215.62,GOLDGUINEA_30APR2025.xls,False,8881.881881881882,37
2025-03-25,GOLDGUINEA,2025-04-30,70979.0,71384.0,70979.0,71196.0,70984.0,3276,5127,2332.18,GOLDGUINEA_30APR2025.xls,False,8908.408408408408,36
2025-03-26,GOLDGUINEA,2025-04-30,71288.0,71382.0,71112.0,71232.0,71196.0,2213,5024,1577.11,GOLDGUINEA_30APR2025.xls,False,8912.912912912912,35
2025-03-27,GOLDGUINEA,2025-04-30,71306.0,71777.0,71301.0,71704.0,71232.0,3795,5249,2715.81,GOLDGUINEA_30APR2025.xls,False,8971.971971971972,34
2025-03-28,GOLDGUINEA,2025-04-30,71777.0,72119.0,71606.0,71878.0,71704.0,4037,5101,2903.74,GOLDGUINEA_30APR2025.xls,False,8993.743743743744,33
2025-03-31,GOLDGUINEA,2025-04-30,72000.0,72575.0,72000.0,72438.0,71878.0,3611,5504,2614.27,GOLDGUINEA_30APR2025.xls,False,9063.813813813815,30
2025-04-01,GOLDGUINEA,2025-04-30,72759.0,73185.0,72540.0,72865.0,72438.0,6635,5296,4837.56,GOLDGUINEA_30APR2025.xls,False,9117.242242242242,29
2025-04-02,GOLDGUINEA,2025-04-30,73099.0,73175.0,72800.0,72944.0,72865.0,3274,5491,2389.34,GOLDGUINEA_30APR2025.xls,False,9127.127127127127,28
2025-04-03,GOLDGUINEA,2025-04-30,73149.0,73289.0,71701.0,72381.0,72944.0,10302,4787,7466.44,GOLDGUINEA_30APR2025.xls,False,9056.68168168168,27
2025-04-04,GOLDGUINEA,2025-04-30,72123.0,72869.0,71000.0,71569.0,72381.0,8708,4126,6262.41,GOLDGUINEA_30APR2025.xls,False,8955.08008008008,26
2025-04-07,GOLDGUINEA,2025-04-30,72068.0,72068.0,70450.0,70551.0,71569.0,6608,3483,4698.67,GOLDGUINEA_30APR2025.xls,False,8827.702702702703,23
2025-04-08,GOLDGUINEA,2025-04-30,71588.0,71588.0,70521.0,70632.0,70551.0,3645,3648,2581.87,GOLDGUINEA_30APR2025.xls,False,8837.837837837838,22
2025-04-09,GOLDGUINEA,2025-04-30,70979.0,72500.0,70871.0,72052.0,70632.0,6898,3652,4954.19,GOLDGUINEA_30APR2025.xls,False,9015.515515515515,21
2025-04-10,GOLDGUINEA,2025-04-30,72500.0,73399.0,72500.0,73136.0,72052.0,4315,3863,3152.41,GOLDGUINEA_30APR2025.xls,False,9151.15115115115,20
2025-04-11,GOLDGUINEA,2025-04-30,73421.0,75133.0,73421.0,74974.0,73136.0,8354,4261,6217.23,GOLDGUINEA_30APR2025.xls,False,9381.131131131131,19
2025-04-14,GOLDGUINEA,2025-04-30,75025.0,75025.0,74433.0,74698.0,74974.0,2475,4196,1847.76,GOLDGUINEA_30APR2025.xls,False,9346.596596596597,16
2025-04-15,GOLDGUINEA,2025-04-30,74988.0,75052.0,74722.0,74965.0,74698.0,1984,4140,1485.92,GOLDGUINEA_30APR2025.xls,False,9380.005005005005,15
2025-04-16,GOLDGUINEA,2025-04-30,75629.0,76798.0,75420.0,76588.0,74965.0,3949,4117,3006.04,GOLDGUINEA_30APR2025.xls,False,9583.083083083084,14
2025-04-17,GOLDGUINEA,2025-04-30,76689.0,77180.0,75712.0,76313.0,76588.0,5051,3454,3859.78,GOLDGUINEA_30APR2025.xls,False,9548.673673673673,13
2025-04-21,GOLDGUINEA,2025-04-30,76988.0,77801.0,76800.0,77742.0,76313.0,3677,3236,2848.57,GOLDGUINEA_30APR2025.xls,False,9727.477477477478,9
2025-04-22,GOLDGUINEA,2025-04-30,78666.0,79498.0,77431.0,78259.0,77742.0,4771,2676,3753.28,GOLDGUINEA_30APR2025.xls,False,9792.167167167167,8
2025-04-23,GOLDGUINEA,2025-04-30,77651.0,77699.0,75616.0,76123.0,78259.0,4960,982,3796.79,GOLDGUINEA_30APR2025.xls,False,9524.8998998999,7
2025-04-24,GOLDGUINEA,2025-04-30,77434.0,77434.0,76021.0,76410.0,76123.0,937,486,717.01,GOLDGUINEA_30APR2025.xls,False,9560.81081081081,6
2025-04-25,GOLDGUINEA,2025-04-30,76800.0,77000.0,75960.0,76119.0,76410.0,270,304,206.54,GOLDGUINEA_30APR2025.xls,False,9524.399399399399,5
2025-04-28,GOLDGUINEA,2025-04-30,76400.0,76980.0,75639.0,76560.0,76119.0,171,203,130.59,GOLDGUINEA_30APR2025.xls,False,9579.57957957958,2
2025-04-29,GOLDGUINEA,2025-04-30,76700.0,76999.0,76310.0,76733.0,76560.0,65,141,49.8,GOLDGUINEA_30APR2025.xls,False,9601.226226226227,1
2025-04-30,GOLDGUINEA,2025-04-30,76733.0,76999.0,75500.0,75527.0,76733.0,85,131,64.7,GOLDGUINEA_30APR2025.xls,False,9450.325325325326,0
2025-02-01,GOLDGUINEA,2025-05-30,67572.0,67572.0,67572.0,67572.0,66807.0,1,1,0.68,GOLDGUINEA_30MAY2025.xls,False,8454.954954954956,118
2025-02-03,GOLDGUINEA,2025-05-30,67523.0,67523.0,67523.0,67523.0,67572.0,1,1,0.68,GOLDGUINEA_30MAY2025.xls,False,8448.823823823825,116
2025-02-04,GOLDGUINEA,2025-05-30,67999.0,68337.0,67620.0,68019.0,67523.0,15,15,10.19,GOLDGUINEA_30MAY2025.xls,False,8510.885885885886,115
2025-02-05,GOLDGUINEA,2025-05-30,68428.0,69111.0,68428.0,68868.0,68019.0,34,31,23.39,GOLDGUINEA_30MAY2025.xls,False,8617.117117117117,114
2025-02-06,GOLDGUINEA,2025-05-30,69053.0,69075.0,68644.0,68862.0,68868.0,22,39,15.16,GOLDGUINEA_30MAY2025.xls,False,8616.366366366366,113
2025-02-07,GOLDGUINEA,2025-05-30,69066.0,69279.0,68885.0,69154.0,68862.0,18,42,12.43,GOLDGUINEA_30MAY2025.xls,False,8652.902902902902,112
2025-02-10,GOLDGUINEA,2025-05-30,69320.0,69898.0,69105.0,69810.0,69154.0,55,47,38.28,GOLDGUINEA_30MAY2025.xls,False,8734.984984984985,109
2025-02-11,GOLDGUINEA,2025-05-30,69954.0,70340.0,69000.0,69873.0,69810.0,99,60,69.19,GOLDGUINEA_30MAY2025.xls,False,8742.867867867868,108
2025-02-12,GOLDGUINEA,2025-05-30,69556.0,69957.0,69420.0,69888.0,69873.0,47,67,32.74,GOLDGUINEA_30MAY2025.xls,False,8744.744744744745,107
2025-02-13,GOLDGUINEA,2025-05-30,70112.0,70488.0,70100.0,70261.0,69888.0,212,197,149.09,GOLDGUINEA_30MAY2025.xls,False,8791.416416416416,106
2025-02-14,GOLDGUINEA,2025-05-30,70441.0,70749.0,69680.0,69750.0,70261.0,333,150,233.88,GOLDGUINEA_30MAY2025.xls,False,8727.477477477478,105
2025-02-17,GOLDGUINEA,2025-05-30,69748.0,70189.0,69630.0,69926.0,69750.0,68,164,47.56,GOLDGUINEA_30MAY2025.xls,False,8749.4994994995,102
2025-02-18,GOLDGUINEA,2025-05-30,70098.0,70599.0,70098.0,70431.0,69926.0,112,185,78.73,GOLDGUINEA_30MAY2025.xls,False,8812.687687687689,101
2025-02-19,GOLDGUINEA,2025-05-30,70372.0,70760.0,70270.0,70374.0,70431.0,179,235,126.22,GOLDGUINEA_30MAY2025.xls,False,8805.555555555555,100
2025-02-20,GOLDGUINEA,2025-05-30,70699.0,70798.0,70426.0,70690.0,70374.0,151,261,106.67,GOLDGUINEA_30MAY2025.xls,False,8845.095095095096,99
2025-02-21,GOLDGUINEA,2025-05-30,70554.0,70626.0,70333.0,70492.0,70690.0,126,291,88.84,GOLDGUINEA_30MAY2025.xls,False,8820.320320320321,98
2025-02-24,GOLDGUINEA,2025-05-30,70500.0,70718.0,70472.0,70547.0,70492.0,144,310,101.61,GOLDGUINEA_30MAY2025.xls,False,8827.202202202203,95
2025-02-25,GOLDGUINEA,2025-05-30,70623.0,70720.0,69700.0,70264.0,70547.0,232,347,163.3,GOLDGUINEA_30MAY2025.xls,False,8791.791791791791,94
2025-02-26,GOLDGUINEA,2025-05-30,70384.0,70420.0,70134.0,70368.0,70264.0,56,351,39.35,GOLDGUINEA_30MAY2025.xls,False,8804.804804804804,93
2025-02-27,GOLDGUINEA,2025-05-30,70420.0,70599.0,69999.0,70079.0,70368.0,224,396,157.03,GOLDGUINEA_30MAY2025.xls,False,8768.643643643643,92
2025-02-28,GOLDGUINEA,2025-05-30,69894.0,69894.0,69369.0,69461.0,70079.0,273,452,190.08,GOLDGUINEA_30MAY2025.xls,False,8691.316316316317,91
2025-03-03,GOLDGUINEA,2025-05-30,69811.0,70055.0,69590.0,70039.0,69461.0,219,502,152.99,GOLDGUINEA_30MAY2025.xls,False,8763.638638638638,88
2025-03-04,GOLDGUINEA,2025-05-30,69999.0,70625.0,69999.0,70512.0,70039.0,388,510,273.04,GOLDGUINEA_30MAY2025.xls,False,8822.822822822824,87
2025-03-05,GOLDGUINEA,2025-05-30,70538.0,70693.0,70282.0,70471.0,70512.0,384,523,270.81,GOLDGUINEA_30MAY2025.xls,False,8817.692692692694,86
2025-03-06,GOLDGUINEA,2025-05-30,70525.0,70577.0,70301.0,70488.0,70471.0,127,539,89.46,GOLDGUINEA_30MAY2025.xls,False,8819.81981981982,85
2025-03-07,GOLDGUINEA,2025-05-30,70352.0,70595.0,70340.0,70468.0,70488.0,240,562,169.13,GOLDGUINEA_30MAY2025.xls,False,8817.317317317318,84
2025-03-10,GOLDGUINEA,2025-05-30,70670.0,70670.0,69884.0,70239.0,70468.0,236,529,166.07,GOLDGUINEA_30MAY2025.xls,False,8788.663663663663,81
2025-03-11,GOLDGUINEA,2025-05-30,70350.0,70547.0,70282.0,70464.0,70239.0,174,580,122.53,GOLDGUINEA_30MAY2025.xls,False,8816.816816816818,80
2025-03-12,GOLDGUINEA,2025-05-30,70530.0,70750.0,70400.0,70707.0,70464.0,280,609,197.61,GOLDGUINEA_30MAY2025.xls,False,8847.222222222223,79
2025-03-13,GOLDGUINEA,2025-05-30,70842.0,71400.0,70724.0,71357.0,70707.0,538,750,382.26,GOLDGUINEA_30MAY2025.xls,False,8928.553553553553,78
2025-03-14,GOLDGUINEA,2025-05-30,71534.0,71854.0,71420.0,71655.0,71357.0,369,823,264.57,GOLDGUINEA_30MAY2025.xls,False,8965.840840840841,77
2025-03-17,GOLDGUINEA,2025-05-30,71749.0,71930.0,71364.0,71813.0,71655.0,528,963,378.6,GOLDGUINEA_30MAY2025.xls,False,8985.61061061061,74
2025-03-18,GOLDGUINEA,2025-05-30,72000.0,72544.0,71820.0,72485.0,71813.0,1214,1151,877.52,GOLDGUINEA_30MAY2025.xls,False,9069.694694694695,73
2025-03-19,GOLDGUINEA,2025-05-30,72562.0,72763.0,72355.0,72416.0,72485.0,730,1289,529.66,GOLDGUINEA_30MAY2025.xls,False,9061.06106106106,72
2025-03-20,GOLDGUINEA,2025-05-30,72739.0,72850.0,72210.0,72438.0,72416.0,420,1359,304.44,GOLDGUINEA_30MAY2025.xls,False,9063.813813813815,71
2025-03-21,GOLDGUINEA,2025-05-30,72380.0,72487.0,71616.0,71798.0,72438.0,965,1493,694.92,GOLDGUINEA_30MAY2025.xls,False,8983.733733733734,70
2025-03-24,GOLDGUINEA,2025-05-30,71872.0,71873.0,71363.0,71404.0,71798.0,929,1733,665.44,GOLDGUINEA_30MAY2025.xls,False,8934.434434434434,67
2025-03-25,GOLDGUINEA,2025-05-30,71472.0,71744.0,71400.0,71615.0,71404.0,615,1778,440.32,GOLDGUINEA_30MAY2025.xls,False,8960.835835835836,66
2025-03-26,GOLDGUINEA,2025-05-30,71601.0,71801.0,71550.0,71632.0,71615.0,454,1851,325.31,GOLDGUINEA_30MAY2025.xls,False,8962.962962962964,65
2025-03-27,GOLDGUINEA,2025-05-30,71771.0,72149.0,71715.0,72089.0,71632.0,811,1863,583.72,GOLDGUINEA_30MAY2025.xls,False,9020.145145145145,64
2025-03-28,GOLDGUINEA,2025-05-30,72181.0,72488.0,72016.0,72250.0,72089.0,1167,1903,843.8,GOLDGUINEA_30MAY2025.xls,False,9040.29029029029,63
2025-03-31,GOLDGUINEA,2025-05-30,72481.0,72939.0,72312.0,72751.0,72250.0,1700,2007,1236.36,GOLDGUINEA_30MAY2025.xls,False,9102.977977977978,60
2025-04-01,GOLDGUINEA,2025-05-30,72986.0,73449.0,72950.0,73139.0,72751.0,2723,2428,1993.69,GOLDGUINEA_30MAY2025.xls,False,9151.526526526526,59
2025-04-02,GOLDGUINEA,2025-05-30,73399.0,73453.0,73040.0,73214.0,73139.0,1335,2607,978.22,GOLDGUINEA_30MAY2025.xls,False,9160.91091091091,58
2025-04-03,GOLDGUINEA,2025-05-30,73438.0,73529.0,72055.0,72677.0,73214.0,3362,2562,2448.09,GOLDGUINEA_30MAY2025.xls,False,9093.71871871872,57
2025-04-04,GOLDGUINEA,2025-05-30,72413.0,73100.0,71600.0,71842.0,72677.0,3456,2485,2496.82,GOLDGUINEA_30MAY2025.xls,False,8989.23923923924,56
2025-04-07,GOLDGUINEA,2025-05-30,72393.0,73000.0,70722.0,70839.0,71842.0,2941,2501,2100.06,GOLDGUINEA_30MAY2025.xls,False,8863.738738738739,53
2025-04-08,GOLDGUINEA,2025-05-30,71494.0,71541.0,70800.0,70870.0,70839.0,2295,2701,1632.29,GOLDGUINEA_30MAY2025.xls,False,8867.617617617618,52
2025-04-09,GOLDGUINEA,2025-05-30,71088.0,72839.0,71088.0,72348.0,70870.0,4518,2550,3260.78,GOLDGUINEA_30MAY2025.xls,False,9052.552552552552,51
2025-04-10,GOLDGUINEA,2025-05-30,72799.0,73961.0,72799.0,73557.0,72348.0,2389,2978,1753.26,GOLDGUINEA_30MAY2025.xls,False,9203.82882882883,50
2025-04-11,GOLDGUINEA,2025-05-30,73876.0,75375.0,73876.0,75208.0,73557.0,5331,3555,3987.52,GOLDGUINEA_30MAY2025.xls,False,9410.41041041041,49
2025-04-14,GOLDGUINEA,2025-05-30,75186.0,75186.0,74736.0,74890.0,75208.0,1087,3593,814.13,GOLDGUINEA_30MAY2025.xls,False,9370.62062062062,46
2025-04-15,GOLDGUINEA,2025-05-30,75234.0,75238.0,74955.0,75166.0,74890.0,1415,3769,1062.55,GOLDGUINEA_30MAY2025.xls,False,9405.155155155155,45
2025-04-16,GOLDGUINEA,2025-05-30,75716.0,76940.0,75312.0,76751.0,75166.0,4848,4531,3697.08,GOLDGUINEA_30MAY2025.xls,False,9603.478478478479,44
2025-04-17,GOLDGUINEA,2025-05-30,76206.0,77300.0,76141.0,76688.0,76751.0,4295,4716,3295.88,GOLDGUINEA_30MAY2025.xls,False,9595.595595595596,43
2025-04-21,GOLDGUINEA,2025-05-30,77212.0,78200.0,77212.0,78137.0,76688.0,4331,5400,3372.36,GOLDGUINEA_30MAY2025.xls,False,9776.901901901902,39
2025-04-22,GOLDGUINEA,2025-05-30,78482.0,79780.0,78145.0,78742.0,78137.0,9994,6360,7907.45,GOLDGUINEA_30MAY2025.xls,False,9852.602602602603,38
2025-04-23,GOLDGUINEA,2025-05-30,77402.0,78189.0,76000.0,76583.0,78742.0,14748,5957,11365.15,GOLDGUINEA_30MAY2025.xls,False,9582.457457457458,37
2025-04-24,GOLDGUINEA,2025-05-30,77198.0,77711.0,76706.0,77198.0,76583.0,7483,6431,5774.21,GOLDGUINEA_30MAY2025.xls,False,9659.409409409409,36
2025-04-25,GOLDGUINEA,2025-05-30,77350.0,77578.0,76359.0,76675.0,77198.0,7487,6656,5744.12,GOLDGUINEA_30MAY2025.xls,False,9593.96896896897,35
2025-04-28,GOLDGUINEA,2025-05-30,76674.0,77346.0,75933.0,77235.0,76675.0,8257,6462,6323.89,GOLDGUINEA_30MAY2025.xls,False,9664.039039039038,32
2025-04-29,GOLDGUINEA,2025-05-30,77000.0,77115.0,76533.0,77024.0,77235.0,5088,6551,3911.01,GOLDGUINEA_30MAY2025.xls,False,9637.637637637637,31
2025-04-30,GOLDGUINEA,2025-05-30,76821.0,76989.0,75725.0,76320.0,77024.0,8486,6456,6468.54,GOLDGUINEA_30MAY2025.xls,False,9549.549549549549,30
2025-05-01,GOLDGUINEA,2025-05-30,75512.0,75714.0,74377.0,74685.0,76320.0,7500,7129,5604.13,GOLDGUINEA_30MAY2025.xls,False,9344.96996996997,29
2025-05-02,GOLDGUINEA,2025-05-30,75019.0,75430.0,74657.0,74835.0,74685.0,8305,6618,6226.91,GOLDGUINEA_30MAY2025.xls,False,9363.738738738739,28
2025-05-05,GOLDGUINEA,2025-05-30,75427.0,76190.0,74925.0,76087.0,74835.0,7677,6947,5815.85,GOLDGUINEA_30MAY2025.xls,False,9520.395395395395,25
2025-05-06,GOLDGUINEA,2025-05-30,76498.0,78350.0,76498.0,78286.0,76087.0,10655,5541,8260.97,GOLDGUINEA_30MAY2025.xls,False,9795.545545545545,24
2025-05-07,GOLDGUINEA,2025-05-30,78286.0,78286.0,77511.0,77978.0,78286.0,6614,4984,5153.38,GOLDGUINEA_30MAY2025.xls,False,9757.007007007007,23
2025-05-08,GOLDGUINEA,2025-05-30,78355.0,78598.0,76705.0,77471.0,77978.0,10280,4831,7975.15,GOLDGUINEA_30MAY2025.xls,False,9693.56856856857,22
2025-05-09,GOLDGUINEA,2025-05-30,77723.0,77980.0,77126.0,77657.0,77471.0,5366,4954,4160.67,GOLDGUINEA_30MAY2025.xls,False,9716.841841841842,21
2025-05-12,GOLDGUINEA,2025-05-30,76655.0,76655.0,74444.0,75040.0,77657.0,13842,6238,10428.23,GOLDGUINEA_30MAY2025.xls,False,9389.38938938939,18
2025-05-13,GOLDGUINEA,2025-05-30,75398.0,75750.0,75004.0,75453.0,75040.0,6993,5822,5275.91,GOLDGUINEA_30MAY2025.xls,False,9441.066066066067,17
2025-05-14,GOLDGUINEA,2025-05-30,75320.0,75479.0,74329.0,74507.0,75453.0,7620,6577,5705.7,GOLDGUINEA_30MAY2025.xls,False,9322.697697697698,16
2025-05-15,GOLDGUINEA,2025-05-30,74112.0,75199.0,73630.0,74954.0,74507.0,8419,6476,6260.81,GOLDGUINEA_30MAY2025.xls,False,9378.628628628629,15
2025-05-16,GOLDGUINEA,2025-05-30,74525.0,75194.0,74125.0,74615.0,74954.0,6848,6486,5111.93,GOLDGUINEA_30MAY2025.xls,False,9336.211211211212,14
2025-05-19,GOLDGUINEA,2025-05-30,74988.0,75699.0,74811.0,75034.0,74615.0,4870,6187,3657.63,GOLDGUINEA_30MAY2025.xls,False,9388.638638638638,11
2025-05-20,GOLDGUINEA,2025-05-30,74948.0,76086.0,74550.0,76032.0,75034.0,8508,4510,6418.68,GOLDGUINEA_30MAY2025.xls,False,9513.513513513513,10
2025-05-21,GOLDGUINEA,2025-05-30,76212.0,76871.0,76151.0,76640.0,76032.0,5833,3941,4467.37,GOLDGUINEA_30MAY2025.xls,False,9589.58958958959,9
2025-05-22,GOLDGUINEA,2025-05-30,77050.0,77192.0,76351.0,76544.0,76640.0,5348,3417,4105.45,GOLDGUINEA_30MAY2025.xls,False,9577.577577577578,8
2025-05-23,GOLDGUINEA,2025-05-30,76681.0,77195.0,76401.0,76865.0,76544.0,4804,1090,3688.54,GOLDGUINEA_30MAY2025.xls,False,9617.742742742743,7
2025-05-26,GOLDGUINEA,2025-05-30,76652.0,76899.0,76332.0,76610.0,76865.0,1361,614,1042.35,GOLDGUINEA_30MAY2025.xls,False,9585.835835835836,4
2025-05-27,GOLDGUINEA,2025-05-30,76966.0,77199.0,76536.0,76756.0,76610.0,279,426,214.5,GOLDGUINEA_30MAY2025.xls,False,9604.104104104104,3
2025-05-28,GOLDGUINEA,2025-05-30,76832.0,77198.0,76651.0,76743.0,76756.0,56,258,43.04,GOLDGUINEA_30MAY2025.xls,False,9602.477477477478,2
2025-05-29,GOLDGUINEA,2025-05-30,76732.0,77510.0,76306.0,76798.0,76743.0,149,157,114.33,GOLDGUINEA_30MAY2025.xls,False,9609.35935935936,1
2025-05-30,GOLDGUINEA,2025-05-30,76396.0,77387.0,76350.0,76660.0,76798.0,132,64,101.27,GOLDGUINEA_30MAY2025.xls,False,9592.092092092093,0
2025-03-03,GOLDGUINEA,2025-06-30,70100.0,70197.0,70100.0,70166.0,69600.0,5,3,3.51,GOLDGUINEA_30JUN2025.xls,False,8779.52952952953,119
2025-03-04,GOLDGUINEA,2025-06-30,70834.0,70862.0,70800.0,70836.0,70166.0,4,4,2.83,GOLDGUINEA_30JUN2025.xls,False,8863.363363363364,118
2025-03-05,GOLDGUINEA,2025-06-30,70949.0,70949.0,70187.0,70626.0,70836.0,15,13,10.6,GOLDGUINEA_30JUN2025.xls,False,8837.087087087088,117
2025-03-06,GOLDGUINEA,2025-06-30,70850.0,70875.0,70850.0,70863.0,70626.0,2,15,1.42,GOLDGUINEA_30JUN2025.xls,False,8866.741741741742,116
2025-03-07,GOLDGUINEA,2025-06-30,70780.0,71000.0,70668.0,70899.0,70863.0,17,9,12.04,GOLDGUINEA_30JUN2025.xls,False,8871.246246246246,115
2025-03-10,GOLDGUINEA,2025-06-30,70882.0,70882.0,70550.0,70780.0,70899.0,7,14,4.95,GOLDGUINEA_30JUN2025.xls,False,8856.356356356357,112
2025-03-11,GOLDGUINEA,2025-06-30,70719.0,70900.0,70719.0,70780.0,70780.0,3,15,2.12,GOLDGUINEA_30JUN2025.xls,False,8856.356356356357,111
2025-03-12,GOLDGUINEA,2025-06-30,70813.0,71088.0,70700.0,70856.0,70780.0,11,12,7.79,GOLDGUINEA_30JUN2025.xls,False,8865.865865865866,110
2025-03-13,GOLDGUINEA,2025-06-30,71245.0,71796.0,71097.0,71658.0,70856.0,21,20,15.01,GOLDGUINEA_30JUN2025.xls,False,8966.216216216217,109
2025-03-14,GOLDGUINEA,2025-06-30,72119.0,72119.0,71738.0,71957.0,71658.0,6,23,4.32,GOLDGUINEA_30JUN2025.xls,False,9003.628628628629,108
2025-03-17,GOLDGUINEA,2025-06-30,71957.0,72250.0,71921.0,72129.0,71957.0,40,40,28.84,GOLDGUINEA_30JUN2025.xls,False,9025.15015015015,105
2025-03-18,GOLDGUINEA,2025-06-30,72427.0,73335.0,72320.0,72938.0,72129.0,316,244,230.54,GOLDGUINEA_30JUN2025.xls,False,9126.376376376376,104
2025-03-19,GOLDGUINEA,2025-06-30,73065.0,73389.0,72451.0,72816.0,72938.0,441,184,321.26,GOLDGUINEA_30JUN2025.xls,False,9111.111111111111,103
2025-03-20,GOLDGUINEA,2025-06-30,73033.0,73058.0,72532.0,72645.0,72816.0,113,232,82.22,GOLDGUINEA_30JUN2025.xls,False,9089.714714714715,102
2025-03-21,GOLDGUINEA,2025-06-30,72687.0,72816.0,71964.0,72175.0,72645.0,218,278,157.76,GOLDGUINEA_30JUN2025.xls,False,9030.905905905905,101
2025-03-24,GOLDGUINEA,2025-06-30,72221.0,72221.0,71725.0,71763.0,72175.0,162,289,116.59,GOLDGUINEA_30JUN2025.xls,False,8979.354354354355,98
2025-03-25,GOLDGUINEA,2025-06-30,71829.0,72092.0,71800.0,71964.0,71763.0,88,311,63.31,GOLDGUINEA_30JUN2025.xls,False,9004.504504504504,97
2025-03-26,GOLDGUINEA,2025-06-30,71926.0,72150.0,71903.0,72033.0,71964.0,70,313,50.45,GOLDGUINEA_30JUN2025.xls,False,9013.138138138138,96
2025-03-27,GOLDGUINEA,2025-06-30,72175.0,72548.0,72154.0,72506.0,72033.0,153,332,110.72,GOLDGUINEA_30JUN2025.xls,False,9072.322322322323,95
2025-03-28,GOLDGUINEA,2025-06-30,72609.0,72989.0,72559.0,72706.0,72506.0,330,421,240.08,GOLDGUINEA_30JUN2025.xls,False,9097.347347347348,94
2025-03-31,GOLDGUINEA,2025-06-30,72972.0,73339.0,72818.0,73173.0,72706.0,374,437,273.66,GOLDGUINEA_30JUN2025.xls,False,9155.78078078078,91
2025-04-01,GOLDGUINEA,2025-06-30,73386.0,73714.0,73273.0,73469.0,73173.0,574,460,421.96,GOLDGUINEA_30JUN2025.xls,False,9192.817817817819,90
2025-04-02,GOLDGUINEA,2025-06-30,73818.0,73869.0,73451.0,73588.0,73469.0,368,518,270.93,GOLDGUINEA_30JUN2025.xls,False,9207.707707707708,89
2025-04-03,GOLDGUINEA,2025-06-30,73807.0,73977.0,72455.0,73110.0,73588.0,882,603,646.04,GOLDGUINEA_30JUN2025.xls,False,9147.897897897898,88
2025-04-04,GOLDGUINEA,2025-06-30,72921.0,73480.0,71601.0,72315.0,73110.0,673,725,489.27,GOLDGUINEA_30JUN2025.xls,False,9048.423423423423,87
2025-04-07,GOLDGUINEA,2025-06-30,72859.0,72859.0,71125.0,71453.0,72315.0,834,853,599.04,GOLDGUINEA_30JUN2025.xls,False,8940.565565565566,84
2025-04-08,GOLDGUINEA,2025-06-30,71636.0,72021.0,71300.0,71348.0,71453.0,453,919,324.38,GOLDGUINEA_30JUN2025.xls,False,8927.427427427427,83
2025-04-09,GOLDGUINEA,2025-06-30,71700.0,73160.0,71676.0,72614.0,71348.0,953,966,691.3,GOLDGUINEA_30JUN2025.xls,False,9085.835835835836,82
2025-04-10,GOLDGUINEA,2025-06-30,73250.0,74021.0,73160.0,73825.0,72614.0,872,1038,642.33,GOLDGUINEA_30JUN2025.xls,False,9237.362362362363,81
2025-04-11,GOLDGUINEA,2025-06-30,74648.0,75589.0,74201.0,75457.0,73825.0,1718,1310,1289.17,GOLDGUINEA_30JUN2025.xls,False,9441.566566566567,80
2025-04-14,GOLDGUINEA,2025-06-30,75265.0,75487.0,74960.0,75097.0,75457.0,375,1301,281.67,GOLDGUINEA_30JUN2025.xls,False,9396.521521521521,77
2025-04-15,GOLDGUINEA,2025-06-30,75360.0,75465.0,75220.0,75358.0,75097.0,490,1380,369.22,GOLDGUINEA_30JUN2025.xls,False,9429.179179179178,76
2025-04-16,GOLDGUINEA,2025-06-30,75991.0,77000.0,75732.0,76922.0,75358.0,2199,1793,1680.63,GOLDGUINEA_30JUN2025.xls,False,9624.874874874875,75
2025-04-17,GOLDGUINEA,2025-06-30,76999.0,77480.0,76196.0,76935.0,76922.0,1658,1959,1276.32,GOLDGUINEA_30JUN2025.xls,False,9626.501501501501,74
2025-04-21,GOLDGUINEA,2025-06-30,77649.0,78401.0,77439.0,78298.0,76935.0,1928,2256,1504.7,GOLDGUINEA_30JUN2025.xls,False,9797.047047047046,70
2025-04-22,GOLDGUINEA,2025-06-30,79102.0,79989.0,78308.0,78959.0,78298.0,2783,2541,2207.65,GOLDGUINEA_30JUN2025.xls,False,9879.754754754755,69
2025-04-23,GOLDGUINEA,2025-06-30,78404.0,78425.0,76591.0,77034.0,78959.0,3903,2271,3020.75,GOLDGUINEA_30JUN2025.xls,False,9638.888888888889,68
2025-04-24,GOLDGUINEA,2025-06-30,77685.0,77890.0,77100.0,77524.0,77034.0,1491,2394,1155.51,GOLDGUINEA_30JUN2025.xls,False,9700.200200200201,67
2025-04-25,GOLDGUINEA,2025-06-30,77750.0,77750.0,76700.0,77083.0,77524.0,1996,2566,1538.36,GOLDGUINEA_30JUN2025.xls,False,9645.02002002002,66
2025-04-28,GOLDGUINEA,2025-06-30,77056.0,77650.0,76255.0,77571.0,77083.0,2676,2593,2058.31,GOLDGUINEA_30JUN2025.xls,False,9706.081081081082,63
2025-04-29,GOLDGUINEA,2025-06-30,77345.0,77400.0,76886.0,77327.0,77571.0,1386,2711,1069.66,GOLDGUINEA_30JUN2025.xls,False,9675.55055055055,62
2025-04-30,GOLDGUINEA,2025-06-30,77198.0,77248.0,76001.0,76586.0,77327.0,2877,3021,2202.03,GOLDGUINEA_30JUN2025.xls,False,9582.832832832833,61
2025-05-01,GOLDGUINEA,2025-06-30,75779.0,75899.0,74750.0,75093.0,76586.0,2392,3194,1796.86,GOLDGUINEA_30JUN2025.xls,False,9396.02102102102,60
2025-05-02,GOLDGUINEA,2025-06-30,75544.0,75887.0,75000.0,75235.0,75093.0,2442,3366,1839.47,GOLDGUINEA_30JUN2025.xls,False,9413.788788788788,59
2025-05-05,GOLDGUINEA,2025-06-30,75895.0,76520.0,75341.0,76427.0,75235.0,2651,3390,2016.13,GOLDGUINEA_30JUN2025.xls,False,9562.937937937939,56
2025-05-06,GOLDGUINEA,2025-06-30,76600.0,78588.0,76600.0,78483.0,76427.0,4905,3171,3815.06,GOLDGUINEA_30JUN2025.xls,False,9820.195195195196,55
2025-05-07,GOLDGUINEA,2025-06-30,78101.0,78450.0,77760.0,78175.0,78483.0,2858,3083,2232.62,GOLDGUINEA_30JUN2025.xls,False,9781.656656656656,54
2025-05-08,GOLDGUINEA,2025-06-30,78498.0,78499.0,77096.0,77757.0,78175.0,4444,3136,3459.88,GOLDGUINEA_30JUN2025.xls,False,9729.354354354355,53
2025-05-09,GOLDGUINEA,2025-06-30,78056.0,78095.0,77426.0,77911.0,77757.0,2175,3247,1691.79,GOLDGUINEA_30JUN2025.xls,False,9748.623623623624,52
2025-05-12,GOLDGUINEA,2025-06-30,77380.0,77380.0,74900.0,75352.0,77911.0,8251,4958,6250.83,GOLDGUINEA_30JUN2025.xls,False,9428.428428428428,49
2025-05-13,GOLDGUINEA,2025-06-30,75648.0,76089.0,75292.0,75782.0,75352.0,3753,4979,2842.78,GOLDGUINEA_30JUN2025.xls,False,9482.232232232232,48
2025-05-14,GOLDGUINEA,2025-06-30,75615.0,75750.0,74621.0,74844.0,75782.0,4012,5775,3014.79,GOLDGUINEA_30JUN2025.xls,False,9364.864864864865,47
2025-05-15,GOLDGUINEA,2025-06-30,74511.0,75500.0,73855.0,75309.0,74844.0,6260,6322,4670.88,GOLDGUINEA_30JUN2025.xls,False,9423.048048048047,46
2025-05-16,GOLDGUINEA,2025-06-30,74907.0,75555.0,74450.0,74958.0,75309.0,4571,6453,3426.6,GOLDGUINEA_30JUN2025.xls,False,9379.129129129129,45
2025-05-19,GOLDGUINEA,2025-06-30,75298.0,75638.0,75151.0,75370.0,74958.0,3159,6589,2382.91,GOLDGUINEA_30JUN2025.xls,False,9430.68068068068,42
2025-05-20,GOLDGUINEA,2025-06-30,75160.0,76400.0,75013.0,76375.0,75370.0,6850,5877,5194.32,GOLDGUINEA_30JUN2025.xls,False,9556.43143143143,41
2025-05-21,GOLDGUINEA,2025-06-30,76623.0,77487.0,76505.0,76998.0,76375.0,5307,5485,4083.61,GOLDGUINEA_30JUN2025.xls,False,9634.384384384384,40
2025-05-22,GOLDGUINEA,2025-06-30,77423.0,77635.0,76805.0,76973.0,76998.0,6282,5215,4853.33,GOLDGUINEA_30JUN2025.xls,False,9631.256256256256,39
2025-05-23,GOLDGUINEA,2025-06-30,77099.0,77750.0,77012.0,77507.0,76973.0,8901,6073,6887.68,GOLDGUINEA_30JUN2025.xls,False,9698.073073073074,38
2025-05-26,GOLDGUINEA,2025-06-30,77250.0,77460.0,77005.0,77252.0,77507.0,5580,6385,4309.95,GOLDGUINEA_30JUN2025.xls,False,9666.166166166166,35
2025-05-27,GOLDGUINEA,2025-06-30,77319.0,77389.0,76825.0,77025.0,77252.0,5855,6338,4510.33,GOLDGUINEA_30JUN2025.xls,False,9637.762762762763,34
2025-05-28,GOLDGUINEA,2025-06-30,76952.0,77320.0,76855.0,77012.0,77025.0,4920,6429,3795.48,GOLDGUINEA_30JUN2025.xls,False,9636.136136136136,33
2025-05-29,GOLDGUINEA,2025-06-30,76778.0,77190.0,76541.0,77040.0,77012.0,7353,6776,5649.96,GOLDGUINEA_30JUN2025.xls,False,9639.63963963964,32
2025-05-30,GOLDGUINEA,2025-06-30,76769.0,77200.0,76632.0,76860.0,77040.0,5315,6708,4084.02,GOLDGUINEA_30JUN2025.xls,False,9617.117117117117,31
2025-06-02,GOLDGUINEA,2025-06-30,77194.0,78198.0,76952.0,78139.0,76860.0,11283,5620,8765.25,GOLDGUINEA_30JUN2025.xls,False,9777.152152152152,28
2025-06-03,GOLDGUINEA,2025-06-30,78144.0,78158.0,77710.0,78035.0,78139.0,4697,5512,3663.74,GOLDGUINEA_30JUN2025.xls,False,9764.139139139139,27
2025-06-04,GOLDGUINEA,2025-06-30,78208.0,78634.0,78061.0,78559.0,78035.0,6029,5825,4724.23,GOLDGUINEA_30JUN2025.xls,False,9829.704704704705,26
2025-06-05,GOLDGUINEA,2025-06-30,78544.0,79110.0,78147.0,78314.0,78559.0,8071,5517,6347.0,GOLDGUINEA_30JUN2025.xls,False,9799.049049049048,25
2025-06-06,GOLDGUINEA,2025-06-30,78399.0,78729.0,77819.0,77925.0,78314.0,5805,5419,4542.94,GOLDGUINEA_30JUN2025.xls,False,9750.375375375375,24
2025-06-09,GOLDGUINEA,2025-06-30,77739.0,78150.0,77524.0,78052.0,77925.0,4775,5636,3715.8,GOLDGUINEA_30JUN2025.xls,False,9766.266266266266,21
2025-06-10,GOLDGUINEA,2025-06-30,77776.0,78050.0,77450.0,77727.0,78052.0,6532,5009,5076.14,GOLDGUINEA_30JUN2025.xls,False,9725.600600600601,20
2025-06-11,GOLDGUINEA,2025-06-30,77916.0,78089.0,77610.0,77651.0,77727.0,3844,4972,2992.21,GOLDGUINEA_30JUN2025.xls,False,9716.091091091092,19
2025-06-12,GOLDGUINEA,2025-06-30,77944.0,78787.0,77944.0,78582.0,77651.0,7727,4766,6058.07,GOLDGUINEA_30JUN2025.xls,False,9832.582582582583,18
2025-06-13,GOLDGUINEA,2025-06-30,78974.0,80150.0,78974.0,79926.0,78582.0,7283,4732,5808.94,GOLDGUINEA_30JUN2025.xls,False,10000.75075075075,17
2025-06-16,GOLDGUINEA,2025-06-30,80108.0,80199.0,79111.0,79402.0,79926.0,4869,4564,3879.28,GOLDGUINEA_30JUN2025.xls,False,9935.185185185184,14
2025-06-17,GOLDGUINEA,2025-06-30,79224.0,79800.0,79112.0,79660.0,79402.0,4948,4428,3932.98,GOLDGUINEA_30JUN2025.xls,False,9967.467467467468,13
2025-06-18,GOLDGUINEA,2025-06-30,79335.0,79887.0,78625.0,79680.0,79660.0,3268,4314,2603.31,GOLDGUINEA_30JUN2025.xls,False,9969.96996996997,12
2025-06-19,GOLDGUINEA,2025-06-30,79480.0,79760.0,79255.0,79666.0,79680.0,3847,4015,3059.71,GOLDGUINEA_30JUN2025.xls,False,9968.218218218219,11
2025-06-20,GOLDGUINEA,2025-06-30,79469.0,79490.0,79108.0,79422.0,79666.0,2934,3721,2326.77,GOLDGUINEA_30JUN2025.xls,False,9937.687687687689,10
2025-06-23,GOLDGUINEA,2025-06-30,79126.0,80200.0,79126.0,79870.0,79422.0,4319,1800,3439.41,GOLDGUINEA_30JUN2025.xls,False,9993.743743743744,7
2025-06-24,GOLDGUINEA,2025-06-30,79270.0,79500.0,77085.0,77438.0,79870.0,3137,297,2456.29,GOLDGUINEA_30JUN2025.xls,False,9689.43943943944,6
2025-06-25,GOLDGUINEA,2025-06-30,77849.0,78681.0,77720.0,78601.0,77438.0,210,211,163.96,GOLDGUINEA_30JUN2025.xls,False,9834.95995995996,5
2025-06-26,GOLDGUINEA,2025-06-30,78512.0,78769.0,77701.0,77926.0,78601.0,136,152,106.4,GOLDGUINEA_30JUN2025.xls,False,9750.5005005005,4
2025-06-27,GOLDGUINEA,2025-06-30,77319.0,79969.0,76699.0,77656.0,77926.0,104,125,80.58,GOLDGUINEA_30JUN2025.xls,False,9716.716716716717,3
2025-06-30,GOLDGUINEA,2025-06-30,76750.0,78048.0,76750.0,77703.0,77656.0,29,6,22.52,GOLDGUINEA_30JUN2025.xls,False,9722.597597597598,0
2025-04-01,GOLDGUINEA,2025-07-31,73803.0,73938.0,73757.0,73846.0,73169.0,4,2,2.95,GOLDGUINEA_31JUL2025.xls,False,9239.98998998999,121
2025-04-02,GOLDGUINEA,2025-07-31,73973.0,73973.0,73850.0,73885.0,73846.0,4,5,2.96,GOLDGUINEA_31JUL2025.xls,False,9244.86986986987,120
2025-04-03,GOLDGUINEA,2025-07-31,73777.0,73810.0,72757.0,73253.0,73885.0,23,5,16.9,GOLDGUINEA_31JUL2025.xls,False,9165.79079079079,119
2025-04-04,GOLDGUINEA,2025-07-31,73000.0,73603.0,72447.0,72689.0,73253.0,34,7,24.82,GOLDGUINEA_31JUL2025.xls,False,9095.22022022022,118
2025-04-07,GOLDGUINEA,2025-07-31,72591.0,72591.0,71333.0,71581.0,72689.0,71,36,51.05,GOLDGUINEA_31JUL2025.xls,False,8956.581581581582,115
2025-04-08,GOLDGUINEA,2025-07-31,71901.0,72252.0,71594.0,72023.0,71581.0,39,35,28.06,GOLDGUINEA_31JUL2025.xls,False,9011.886886886887,114
2025-04-09,GOLDGUINEA,2025-07-31,71976.0,73300.0,71976.0,72999.0,72023.0,131,32,95.32,GOLDGUINEA_31JUL2025.xls,False,9134.009009009009,113
2025-04-10,GOLDGUINEA,2025-07-31,73651.0,74299.0,73583.0,74228.0,72999.0,37,40,27.38,GOLDGUINEA_31JUL2025.xls,False,9287.787787787787,112
2025-04-11,GOLDGUINEA,2025-07-31,74751.0,76300.0,74500.0,75770.0,74228.0,121,57,91.03,GOLDGUINEA_31JUL2025.xls,False,9480.730730730731,111
2025-04-14,GOLDGUINEA,2025-07-31,75513.0,75719.0,75219.0,75373.0,75770.0,63,63,47.54,GOLDGUINEA_31JUL2025.xls,False,9431.056056056055,108
2025-04-15,GOLDGUINEA,2025-07-31,75703.0,75703.0,75476.0,75554.0,75373.0,50,69,37.8,GOLDGUINEA_31JUL2025.xls,False,9453.703703703704,107
2025-04-16,GOLDGUINEA,2025-07-31,76315.0,77554.0,75511.0,77143.0,75554.0,257,163,197.19,GOLDGUINEA_31JUL2025.xls,False,9652.527527527527,106
2025-04-17,GOLDGUINEA,2025-07-31,77213.0,77686.0,76668.0,77230.0,77143.0,275,207,212.44,GOLDGUINEA_31JUL2025.xls,False,9663.413413413413,105
2025-04-21,GOLDGUINEA,2025-07-31,77884.0,78620.0,77251.0,78508.0,77230.0,256,257,200.38,GOLDGUINEA_31JUL2025.xls,False,9823.323323323324,101
2025-04-22,GOLDGUINEA,2025-07-31,79511.0,80448.0,78622.0,79265.0,78508.0,546,367,435.09,GOLDGUINEA_31JUL2025.xls,False,9918.043043043042,100
2025-04-23,GOLDGUINEA,2025-07-31,78948.0,78948.0,76888.0,77487.0,79265.0,898,694,699.92,GOLDGUINEA_31JUL2025.xls,False,9695.570570570571,99
2025-04-24,GOLDGUINEA,2025-07-31,78107.0,78170.0,77405.0,77916.0,77487.0,514,823,400.08,GOLDGUINEA_31JUL2025.xls,False,9749.24924924925,98
2025-04-25,GOLDGUINEA,2025-07-31,78146.0,78146.0,77150.0,77514.0,77916.0,442,874,342.51,GOLDGUINEA_31JUL2025.xls,False,9698.94894894895,97
2025-04-28,GOLDGUINEA,2025-07-31,77500.0,77950.0,76681.0,77877.0,77514.0,564,884,435.77,GOLDGUINEA_31JUL2025.xls,False,9744.36936936937,94
2025-04-29,GOLDGUINEA,2025-07-31,77477.0,77744.0,77251.0,77680.0,77877.0,163,907,126.38,GOLDGUINEA_31JUL2025.xls,False,9719.71971971972,93
2025-04-30,GOLDGUINEA,2025-07-31,77460.0,77599.0,76450.0,77003.0,77680.0,553,1044,425.14,GOLDGUINEA_31JUL2025.xls,False,9635.01001001001,92
2025-05-01,GOLDGUINEA,2025-07-31,76000.0,76678.0,75121.0,75527.0,77003.0,561,1198,423.91,GOLDGUINEA_31JUL2025.xls,False,9450.325325325326,91
2025-05-02,GOLDGUINEA,2025-07-31,76042.0,76087.0,75263.0,75650.0,75527.0,902,1328,682.91,GOLDGUINEA_31JUL2025.xls,False,9465.715715715716,90
2025-05-05,GOLDGUINEA,2025-07-31,76004.0,76999.0,75601.0,76851.0,75650.0,889,1199,679.36,GOLDGUINEA_31JUL2025.xls,False,9615.990990990991,87
2025-05-06,GOLDGUINEA,2025-07-31,77309.0,78776.0,77309.0,78685.0,76851.0,1798,1584,1404.28,GOLDGUINEA_31JUL2025.xls,False,9845.47047047047,86
2025-05-07,GOLDGUINEA,2025-07-31,78505.0,78675.0,78000.0,78437.0,78685.0,899,1536,704.19,GOLDGUINEA_31JUL2025.xls,False,9814.43943943944,85
2025-05-08,GOLDGUINEA,2025-07-31,78735.0,78735.0,77350.0,78071.0,78437.0,1142,1535,891.81,GOLDGUINEA_31JUL2025.xls,False,9768.643643643643,84
2025-05-09,GOLDGUINEA,2025-07-31,77955.0,78370.0,77658.0,78230.0,78071.0,766,1581,598.05,GOLDGUINEA_31JUL2025.xls,False,9788.538538538538,83
2025-05-12,GOLDGUINEA,2025-07-31,77722.0,77722.0,75400.0,75854.0,78230.0,2770,2242,2110.47,GOLDGUINEA_31JUL2025.xls,False,9491.241241241241,80
2025-05-13,GOLDGUINEA,2025-07-31,75902.0,76450.0,75751.0,76242.0,75854.0,1196,2291,911.1,GOLDGUINEA_31JUL2025.xls,False,9539.78978978979,79
2025-05-14,GOLDGUINEA,2025-07-31,76030.0,76177.0,75153.0,75347.0,76242.0,1267,2651,958.01,GOLDGUINEA_31JUL2025.xls,False,9427.802802802802,78
2025-05-15,GOLDGUINEA,2025-07-31,74047.0,75860.0,74047.0,75699.0,75347.0,2150,2793,1613.86,GOLDGUINEA_31JUL2025.xls,False,9471.846846846847,77
2025-05-16,GOLDGUINEA,2025-07-31,75500.0,75932.0,74902.0,75332.0,75699.0,1469,2947,1107.13,GOLDGUINEA_31JUL2025.xls,False,9425.925925925925,76
2025-05-19,GOLDGUINEA,2025-07-31,75784.0,75992.0,75576.0,75715.0,75332.0,982,3002,744.23,GOLDGUINEA_31JUL2025.xls,False,9473.84884884885,73
2025-05-20,GOLDGUINEA,2025-07-31,75408.0,76650.0,75400.0,76555.0,75715.0,2052,2957,1562.64,GOLDGUINEA_31JUL2025.xls,False,9578.953953953955,72
2025-05-21,GOLDGUINEA,2025-07-31,76755.0,77529.0,76711.0,77270.0,76555.0,2250,2440,1737.71,GOLDGUINEA_31JUL2025.xls,False,9668.418418418418,71
2025-05-22,GOLDGUINEA,2025-07-31,77776.0,77910.0,77209.0,77369.0,77270.0,2241,2358,1739.55,GOLDGUINEA_31JUL2025.xls,False,9680.805805805805,70
2025-05-23,GOLDGUINEA,2025-07-31,77460.0,77900.0,77316.0,77805.0,77369.0,2244,2551,1743.19,GOLDGUINEA_31JUL2025.xls,False,9735.36036036036,69
2025-05-26,GOLDGUINEA,2025-07-31,77581.0,77800.0,77355.0,77638.0,77805.0,1087,2675,843.63,GOLDGUINEA_31JUL2025.xls,False,9714.464464464465,66
2025-05-27,GOLDGUINEA,2025-07-31,77684.0,77750.0,77205.0,77365.0,77638.0,1665,2849,1288.36,GOLDGUINEA_31JUL2025.xls,False,9680.305305305305,65
2025-05-28,GOLDGUINEA,2025-07-31,77256.0,77656.0,77189.0,77361.0,77365.0,1290,2884,999.35,GOLDGUINEA_31JUL2025.xls,False,9679.804804804804,64
2025-05-29,GOLDGUINEA,2025-07-31,77070.0,77484.0,76850.0,77320.0,77361.0,2805,3197,2163.56,GOLDGUINEA_31JUL2025.xls,False,9674.674674674674,63
2025-05-30,GOLDGUINEA,2025-07-31,77069.0,77350.0,76950.0,77133.0,77320.0,1619,3292,1248.25,GOLDGUINEA_31JUL2025.xls,False,9651.276276276276,62
2025-06-02,GOLDGUINEA,2025-07-31,77344.0,78500.0,77222.0,78452.0,77133.0,4990,3414,3891.94,GOLDGUINEA_31JUL2025.xls,False,9816.316316316317,59
2025-06-03,GOLDGUINEA,2025-07-31,78252.0,78495.0,78116.0,78400.0,78452.0,1760,3467,1378.91,GOLDGUINEA_31JUL2025.xls,False,9809.809809809809,58
2025-06-04,GOLDGUINEA,2025-07-31,78534.0,79014.0,78416.0,78952.0,78400.0,2955,4017,2326.49,GOLDGUINEA_31JUL2025.xls,False,9878.878878878879,57
2025-06-05,GOLDGUINEA,2025-07-31,78888.0,79499.0,78518.0,78670.0,78952.0,3930,4304,3106.13,GOLDGUINEA_31JUL2025.xls,False,9843.593593593594,56
2025-06-06,GOLDGUINEA,2025-07-31,78802.0,79100.0,78178.0,78297.0,78670.0,2642,4310,2077.08,GOLDGUINEA_31JUL2025.xls,False,9796.921921921921,55
2025-06-09,GOLDGUINEA,2025-07-31,78133.0,78450.0,77871.0,78400.0,78297.0,2972,4305,2322.64,GOLDGUINEA_31JUL2025.xls,False,9809.809809809809,52
2025-06-10,GOLDGUINEA,2025-07-31,78155.0,78350.0,77750.0,78085.0,78400.0,3671,3766,2863.67,GOLDGUINEA_31JUL2025.xls,False,9770.395395395395,51
2025-06-11,GOLDGUINEA,2025-07-31,78223.0,78482.0,77989.0,78019.0,78085.0,2565,3805,2005.96,GOLDGUINEA_31JUL2025.xls,False,9762.137137137137,50
2025-06-12,GOLDGUINEA,2025-07-31,78348.0,79080.0,78262.0,78939.0,78019.0,4925,4192,3878.32,GOLDGUINEA_31JUL2025.xls,False,9877.252252252252,49
2025-06-13,GOLDGUINEA,2025-07-31,79586.0,80600.0,79500.0,80352.0,78939.0,6255,4963,5018.23,GOLDGUINEA_31JUL2025.xls,False,10054.054054054053,48
2025-06-16,GOLDGUINEA,2025-07-31,80550.0,80670.0,79707.0,79914.0,80352.0,3723,5344,2984.5,GOLDGUINEA_31JUL2025.xls,False,9999.24924924925,45
2025-06-17,GOLDGUINEA,2025-07-31,79604.0,80265.0,79603.0,80147.0,79914.0,3729,5542,2983.28,GOLDGUINEA_31JUL2025.xls,False,10028.403403403403,44
2025-06-18,GOLDGUINEA,2025-07-31,80011.0,80350.0,79400.0,80169.0,80147.0,2520,5410,2020.27,GOLDGUINEA_31JUL2025.xls,False,10031.156156156156,43
2025-06-19,GOLDGUINEA,2025-07-31,80045.0,80206.0,79680.0,80094.0,80169.0,3279,5642,2622.9,GOLDGUINEA_31JUL2025.xls,False,10021.771771771771,42
2025-06-20,GOLDGUINEA,2025-07-31,79822.0,79945.0,79466.0,79886.0,80094.0,3804,5572,3032.36,GOLDGUINEA_31JUL2025.xls,False,9995.745745745746,41
2025-06-23,GOLDGUINEA,2025-07-31,79889.0,80280.0,79701.0,80135.0,79886.0,6401,6173,5124.54,GOLDGUINEA_31JUL2025.xls,False,10026.901901901902,38
2025-06-24,GOLDGUINEA,2025-07-31,79776.0,79878.0,77962.0,78243.0,80135.0,16260,7418,12790.82,GOLDGUINEA_31JUL2025.xls,False,9790.165165165165,37
2025-06-25,GOLDGUINEA,2025-07-31,78624.0,78624.0,78300.0,78518.0,78243.0,3842,7607,3013.38,GOLDGUINEA_31JUL2025.xls,False,9824.574574574575,36
2025-06-26,GOLDGUINEA,2025-07-31,78626.0,78699.0,78070.0,78314.0,78518.0,5047,8090,3954.81,GOLDGUINEA_31JUL2025.xls,False,9799.049049049048,35
2025-06-27,GOLDGUINEA,2025-07-31,78215.0,78215.0,76911.0,77236.0,78314.0,8588,9470,6648.98,GOLDGUINEA_31JUL2025.xls,False,9664.164164164164,34
2025-06-30,GOLDGUINEA,2025-07-31,77252.0,77580.0,77051.0,77518.0,77236.0,4220,9361,3266.88,GOLDGUINEA_31JUL2025.xls,False,9699.44944944945,31
2025-07-01,GOLDGUINEA,2025-07-31,77779.0,78400.0,77753.0,78177.0,77518.0,7379,9200,5764.49,GOLDGUINEA_31JUL2025.xls,False,9781.906906906906,30
2025-07-02,GOLDGUINEA,2025-07-31,78140.0,78333.0,78001.0,78264.0,78177.0,4748,9243,3712.89,GOLDGUINEA_31JUL2025.xls,False,9792.792792792792,29
2025-07-03,GOLDGUINEA,2025-07-31,78369.0,78580.0,77750.0,77976.0,78264.0,6676,9235,5216.89,GOLDGUINEA_31JUL2025.xls,False,9756.756756756757,28
2025-07-04,GOLDGUINEA,2025-07-31,77951.0,78199.0,77921.0,78091.0,77976.0,2499,9089,1951.22,GOLDGUINEA_31JUL2025.xls,False,9771.146146146146,27
2025-07-07,GOLDGUINEA,2025-07-31,77852.0,78270.0,77650.0,78236.0,78091.0,3680,9124,2867.94,GOLDGUINEA_31JUL2025.xls,False,9789.289289289289,24
2025-07-08,GOLDGUINEA,2025-07-31,78127.0,78229.0,77455.0,77760.0,78236.0,4763,9725,3708.46,GOLDGUINEA_31JUL2025.xls,False,9729.72972972973,23
2025-07-09,GOLDGUINEA,2025-07-31,77577.0,77850.0,77368.0,77749.0,77760.0,4625,9630,3588.98,GOLDGUINEA_31JUL2025.xls,False,9728.353353353354,22
2025-07-10,GOLDGUINEA,2025-07-31,77832.0,78100.0,77750.0,77854.0,77749.0,3630,9152,2828.5,GOLDGUINEA_31JUL2025.xls,False,9741.491491491492,21
2025-07-11,GOLDGUINEA,2025-07-31,78199.0,78670.0,78060.0,78506.0,77854.0,5962,7873,4674.99,GOLDGUINEA_31JUL2025.xls,False,9823.073073073074,20
2025-07-14,GOLDGUINEA,2025-07-31,78694.0,78966.0,78250.0,78478.0,78506.0,5412,7186,4255.99,GOLDGUINEA_31JUL2025.xls,False,9819.56956956957,17
2025-07-15,GOLDGUINEA,2025-07-31,78506.0,78728.0,77936.0,78086.0,78478.0,4831,7284,3785.74,GOLDGUINEA_31JUL2025.xls,False,9770.52052052052,16
2025-07-16,GOLDGUINEA,2025-07-31,78252.0,78900.0,77985.0,78469.0,78086.0,5493,6859,4306.24,GOLDGUINEA_31JUL2025.xls,False,9818.443443443444,15
2025-07-17,GOLDGUINEA,2025-07-31,78269.0,78386.0,77800.0,78295.0,78469.0,5355,6728,4183.12,GOLDGUINEA_31JUL2025.xls,False,9796.671671671671,14
2025-07-18,GOLDGUINEA,2025-07-31,78024.0,78728.0,78024.0,78672.0,78295.0,3683,5531,2892.77,GOLDGUINEA_31JUL2025.xls,False,9843.843843843844,13
2025-07-21,GOLDGUINEA,2025-07-31,78835.0,79510.0,78650.0,79367.0,78672.0,5421,3872,4290.39,GOLDGUINEA_31JUL2025.xls,False,9930.805805805805,10
2025-07-22,GOLDGUINEA,2025-07-31,79127.0,80080.0,79127.0,79941.0,79367.0,4503,2676,3585.97,GOLDGUINEA_31JUL2025.xls,False,10002.627627627628,9
2025-07-23,GOLDGUINEA,2025-07-31,79513.0,80588.0,79512.0,79622.0,79941.0,3258,1956,2606.02,GOLDGUINEA_31JUL2025.xls,False,9962.712712712713,8
2025-07-24,GOLDGUINEA,2025-07-31,79223.0,79578.0,79050.0,79270.0,79622.0,2669,777,2115.46,GOLDGUINEA_31JUL2025.xls,False,9918.668668668668,7
2025-07-25,GOLDGUINEA,2025-07-31,79011.0,79343.0,78501.0,78709.0,79270.0,926,351,730.64,GOLDGUINEA_31JUL2025.xls,False,9848.473473473474,6
2025-07-28,GOLDGUINEA,2025-07-31,79153.0,79496.0,78500.0,78699.0,78709.0,184,240,145.55,GOLDGUINEA_31JUL2025.xls,False,9847.222222222223,3
2025-07-29,GOLDGUINEA,2025-07-31,78772.0,79898.0,78714.0,79119.0,78699.0,157,139,124.1,GOLDGUINEA_31JUL2025.xls,False,9899.774774774774,2
2025-07-30,GOLDGUINEA,2025-07-31,79788.0,79947.0,79004.0,79117.0,79119.0,64,85,50.74,GOLDGUINEA_31JUL2025.xls,False,9899.524524524524,1
2025-07-31,GOLDGUINEA,2025-07-31,79439.0,79576.0,77718.0,79135.0,79117.0,34,62,26.88,GOLDGUINEA_31JUL2025.xls,False,9901.776776776776,0
2026-07-01,GOLDGUINEA,2026-12-31,120640.0,124062.0,120640.0,123501.0,120939.0,55,27,67.34,GOLDGUINEA_31DEC2026.xls,False,15453.078078078079,183
2026-07-02,GOLDGUINEA,2026-12-31,123396.0,124975.0,123396.0,124692.0,123501.0,16,32,19.92,GOLDGUINEA_31DEC2026.xls,False,15602.102102102102,182
2026-07-03,GOLDGUINEA,2026-12-31,125765.0,126420.0,125721.0,125926.0,124692.0,92,72,115.96,GOLDGUINEA_31DEC2026.xls,False,15756.506506506506,181
2026-07-06,GOLDGUINEA,2026-12-31,125964.0,126072.0,125153.0,125724.0,125926.0,10,74,12.57,GOLDGUINEA_31DEC2026.xls,False,15731.231231231232,178
2026-07-07,GOLDGUINEA,2026-12-31,125035.0,125035.0,124221.0,124586.0,125724.0,12,77,14.96,GOLDGUINEA_31DEC2026.xls,False,15588.83883883884,177
2026-07-08,GOLDGUINEA,2026-12-31,124246.0,124304.0,122218.0,122826.0,124586.0,152,104,186.95,GOLDGUINEA_31DEC2026.xls,False,15368.618618618619,176
2026-07-09,GOLDGUINEA,2026-12-31,122554.0,124299.0,122408.0,124187.0,122826.0,129,138,159.55,GOLDGUINEA_31DEC2026.xls,False,15538.913913913913,175
2026-07-10,GOLDGUINEA,2026-12-31,124040.0,124040.0,122168.0,122335.0,124187.0,110,158,135.49,GOLDGUINEA_31DEC2026.xls,False,15307.182182182181,174
2026-07-13,GOLDGUINEA,2026-12-31,122000.0,122000.0,119500.0,119683.0,122335.0,260,265,314.16,GOLDGUINEA_31DEC2026.xls,False,14975.35035035035,171
2026-07-14,GOLDGUINEA,2026-12-31,120267.0,120797.0,119502.0,119967.0,119683.0,165,319,198.19,GOLDGUINEA_31DEC2026.xls,False,15010.885885885886,170
2026-07-15,GOLDGUINEA,2026-12-31,118768.0,119995.0,118768.0,119501.0,119967.0,193,317,230.61,GOLDGUINEA_31DEC2026.xls,False,14952.577577577578,169
2026-07-16,GOLDGUINEA,2026-12-31,119612.0,119613.0,116705.0,116969.0,119501.0,294,346,348.02,GOLDGUINEA_31DEC2026.xls,False,14635.76076076076,168
2026-07-17,GOLDGUINEA,2026-12-31,117216.0,117818.0,116353.0,117496.0,116969.0,179,334,209.76,GOLDGUINEA_31DEC2026.xls,False,14701.701701701702,167
2026-07-20,GOLDGUINEA,2026-12-31,117520.0,118200.0,117484.0,117732.0,117496.0,61,337,71.87,GOLDGUINEA_31DEC2026.xls,False,14731.231231231232,164
2026-07-21,GOLDGUINEA,2026-12-31,118618.0,119000.0,117900.0,118838.0,117732.0,77,340,91.35,GOLDGUINEA_31DEC2026.xls,False,14869.61961961962,163
2026-07-22,GOLDGUINEA,2026-12-31,120000.0,121759.0,119726.0,121320.0,118838.0,113,341,136.36,GOLDGUINEA_31DEC2026.xls,False,15180.18018018018,162
2026-07-23,GOLDGUINEA,2026-12-31,121099.0,121099.0,119215.0,119911.0,121320.0,144,379,172.8,GOLDGUINEA_31DEC2026.xls,False,15003.878878878879,161
2026-07-24,GOLDGUINEA,2026-12-31,119069.0,120274.0,118650.0,119992.0,119911.0,105,429,125.56,GOLDGUINEA_31DEC2026.xls,False,15014.014014014014,160
2026-07-27,GOLDGUINEA,2026-12-31,120590.0,120748.0,119600.0,119700.0,119992.0,72,432,86.6,GOLDGUINEA_31DEC2026.xls,False,14977.477477477478,157
2026-07-28,GOLDGUINEA,2026-12-31,119639.0,119639.0,118800.0,119078.0,119700.0,122,469,145.26,GOLDGUINEA_31DEC2026.xls,False,14899.64964964965,156
2026-07-29,GOLDGUINEA,2026-12-31,119387.0,119499.0,117562.0,118638.0,119078.0,280,546,332.26,GOLDGUINEA_31DEC2026.xls,False,14844.594594594595,155
2026-07-30,GOLDGUINEA,2026-12-31,118583.0,119499.0,118389.0,119272.0,118638.0,151,569,179.67,GOLDGUINEA_31DEC2026.xls,False,14923.923923923923,154
2026-07-31,GOLDGUINEA,2026-12-31,119000.0,119299.0,118600.0,118914.0,119272.0,102,583,121.25,GOLDGUINEA_31DEC2026.xls,False,14879.129129129129,153
2026-08-03,GOLDGUINEA,2026-12-31,118812.0,119492.0,118450.0,118601.0,118914.0,91,600,108.19,GOLDGUINEA_31DEC2026.xls,False,14839.964964964965,150
2026-08-04,GOLDGUINEA,2026-12-31,118823.0,119205.0,118610.0,119113.0,118601.0,97,631,115.42,GOLDGUINEA_31DEC2026.xls,False,14904.029029029029,149
2026-08-05,GOLDGUINEA,2026-12-31,119500.0,121800.0,119320.0,121571.0,119113.0,430,581,519.03,GOLDGUINEA_31DEC2026.xls,False,15211.586586586587,148
2026-08-06,GOLDGUINEA,2026-12-31,122453.0,122928.0,121606.0,122037.0,121571.0,338,571,413.52,GOLDGUINEA_31DEC2026.xls,False,15269.894894894895,147
2026-08-07,GOLDGUINEA,2026-12-31,122625.0,125024.0,122481.0,124796.0,122037.0,435,661,538.83,GOLDGUINEA_31DEC2026.xls,False,15615.115115115115,146
2026-08-10,GOLDGUINEA,2026-12-31,125793.0,125955.0,124369.0,125783.0,124796.0,456,773,572.19,GOLDGUINEA_31DEC2026.xls,False,15738.613613613614,143
2026-08-11,GOLDGUINEA,2026-12-31,126750.0,127265.0,126191.0,126840.0,125783.0,479,816,607.38,GOLDGUINEA_31DEC2026.xls,False,15870.870870870871,142
2026-08-12,GOLDGUINEA,2026-12-31,127393.0,128099.0,127047.0,127837.0,126840.0,498,834,635.54,GOLDGUINEA_31DEC2026.xls,False,15995.62062062062,141
2026-08-13,GOLDGUINEA,2026-12-31,127765.0,127765.0,126500.0,126980.0,127837.0,323,866,410.44,GOLDGUINEA_31DEC2026.xls,False,15888.388388388388,140
2026-08-14,GOLDGUINEA,2026-12-31,126051.0,127595.0,125628.0,127368.0,126980.0,266,911,337.55,GOLDGUINEA_31DEC2026.xls,False,15936.936936936938,139
2026-08-17,GOLDGUINEA,2026-12-31,127615.0,128410.0,127355.0,128273.0,127368.0,493,890,631.08,GOLDGUINEA_31DEC2026.xls,False,16050.175175175174,136
2026-08-18,GOLDGUINEA,2026-12-31,127704.0,128232.0,127201.0,127441.0,128273.0,270,864,344.67,GOLDGUINEA_31DEC2026.xls,False,15946.071071071072,135
2026-08-19,GOLDGUINEA,2026-12-31,127696.0,130199.0,126536.0,129967.0,127441.0,742,896,956.98,GOLDGUINEA_31DEC2026.xls,False,16262.137137137137,134
2026-08-20,GOLDGUINEA,2026-12-31,130972.0,131600.0,129450.0,131333.0,129967.0,1038,1015,1357.66,GOLDGUINEA_31DEC2026.xls,False,16433.058058058057,133
2026-08-21,GOLDGUINEA,2026-12-31,131477.0,133949.0,131476.0,133786.0,131333.0,1205,1174,1602.62,GOLDGUINEA_31DEC2026.xls,False,16739.98998998999,132
2026-08-24,GOLDGUINEA,2026-12-31,134618.0,136641.0,133252.0,134855.0,133786.0,1535,1441,2076.94,GOLDGUINEA_31DEC2026.xls,False,16873.74874874875,129
2026-08-25,GOLDGUINEA,2026-12-31,134854.0,135514.0,132855.0,134286.0,134855.0,1680,1665,2258.53,GOLDGUINEA_31DEC2026.xls,False,16802.55255255255,128
2026-08-26,GOLDGUINEA,2026-12-31,134751.0,134983.0,131057.0,131675.0,134286.0,664,1716,884.68,GOLDGUINEA_31DEC2026.xls,False,16475.85085085085,127
2026-08-27,GOLDGUINEA,2026-12-31,132710.0,132778.0,129067.0,130828.0,131675.0,773,1767,1010.36,GOLDGUINEA_31DEC2026.xls,False,16369.86986986987,126
2026-08-28,GOLDGUINEA,2026-12-31,130625.0,131500.0,128881.0,129131.0,130828.0,528,1829,685.69,GOLDGUINEA_31DEC2026.xls,False,16157.532532532532,125
2026-08-31,GOLDGUINEA,2026-12-31,127417.0,128789.0,126529.0,126993.0,129131.0,798,1873,1014.73,GOLDGUINEA_31DEC2026.xls,False,15890.015015015015,122
2026-09-01,GOLDGUINEA,2026-12-31,126919.0,127386.0,125000.0,125186.0,126993.0,775,1897,974.66,GOLDGUINEA_31DEC2026.xls,False,15663.913913913913,121
2026-09-02,GOLDGUINEA,2026-12-31,123935.0,125899.0,123401.0,125737.0,125186.0,845,1984,1053.4,GOLDGUINEA_31DEC2026.xls,False,15732.857857857858,120
2026-09-03,GOLDGUINEA,2026-12-31,126593.0,128596.0,126454.0,128299.0,125737.0,1088,1973,1386.7,GOLDGUINEA_31DEC2026.xls,False,16053.428428428428,119
2026-09-04,GOLDGUINEA,2026-12-31,127700.0,128302.0,125087.0,126008.0,128299.0,1267,2018,1604.96,GOLDGUINEA_31DEC2026.xls,False,15766.766766766767,118
2026-09-07,GOLDGUINEA,2026-12-31,125301.0,126245.0,125300.0,125814.0,126008.0,500,2074,628.55,GOLDGUINEA_31DEC2026.xls,False,15742.492492492493,115
2026-09-08,GOLDGUINEA,2026-12-31,126199.0,126832.0,124626.0,125790.0,125814.0,790,2129,995.66,GOLDGUINEA_31DEC2026.xls,False,15739.48948948949,114
2026-09-09,GOLDGUINEA,2026-12-31,125689.0,126700.0,125504.0,126387.0,125790.0,534,2141,674.0,GOLDGUINEA_31DEC2026.xls,False,15814.18918918919,113
2026-09-10,GOLDGUINEA,2026-12-31,126555.0,127068.0,124922.0,125528.0,126387.0,673,2232,849.05,GOLDGUINEA_31DEC2026.xls,False,15706.706706706707,112
2026-09-11,GOLDGUINEA,2026-12-31,125139.0,126456.0,124055.0,125752.0,125528.0,1400,2125,1753.33,GOLDGUINEA_31DEC2026.xls,False,15734.734734734735,111
2026-09-14,GOLDGUINEA,2026-12-31,124499.0,124859.0,123626.0,124694.0,125752.0,707,2205,879.15,GOLDGUINEA_31DEC2026.xls,False,15602.352352352353,108
2026-09-15,GOLDGUINEA,2026-12-31,124794.0,124880.0,123842.0,124123.0,124694.0,500,2266,620.98,GOLDGUINEA_31DEC2026.xls,False,15530.905905905905,107
2026-09-16,GOLDGUINEA,2026-12-31,124200.0,125658.0,124200.0,125290.0,124123.0,585,2106,731.69,GOLDGUINEA_31DEC2026.xls,False,15676.926926926926,106
2026-09-17,GOLDGUINEA,2026-12-31,124556.0,126017.0,123849.0,125870.0,125290.0,536,2106,670.97,GOLDGUINEA_31DEC2026.xls,False,15749.4994994995,105
2026-09-18,GOLDGUINEA,2026-12-31,125500.0,127049.0,125500.0,126877.0,125870.0,758,2111,959.77,GOLDGUINEA_31DEC2026.xls,False,15875.5005005005,104
2026-09-21,GOLDGUINEA,2026-12-31,126308.0,126935.0,126140.0,126441.0,126877.0,547,2195,692.12,GOLDGUINEA_31DEC2026.xls,False,15820.945945945947,101
2026-09-22,GOLDGUINEA,2026-12-31,126567.0,126636.0,125501.0,126212.0,126441.0,808,2359,1017.9,GOLDGUINEA_31DEC2026.xls,False,15792.292292292292,100
2026-09-23,GOLDGUINEA,2026-12-31,126036.0,126462.0,125001.0,125129.0,126212.0,1063,2567,1334.84,GOLDGUINEA_31DEC2026.xls,False,15656.781781781781,99
2026-09-24,GOLDGUINEA,2026-12-31,125085.0,125293.0,124300.0,124662.0,125129.0,996,2627,1242.47,GOLDGUINEA_31DEC2026.xls,False,15598.348348348349,98
2026-09-25,GOLDGUINEA,2026-12-31,124739.0,125589.0,124430.0,124972.0,124662.0,964,2840,1205.08,GOLDGUINEA_31DEC2026.xls,False,15637.137137137137,97
2026-08-03,GOLDGUINEA,2027-01-29,120292.0,120292.0,120292.0,120292.0,119071.0,1,1,1.2,GOLDGUINEA_29JAN2027.xls,False,15051.55155155155,179
2026-08-04,GOLDGUINEA,2027-01-29,,,,120292.0,120292.0,0,1,0.0,GOLDGUINEA_29JAN2027.xls,True,15051.55155155155,178
2026-08-05,GOLDGUINEA,2027-01-29,120344.0,123017.0,120344.0,121852.0,119923.0,7,4,8.53,GOLDGUINEA_29JAN2027.xls,False,15246.746746746747,177
2026-08-06,GOLDGUINEA,2027-01-29,123374.0,123374.0,123000.0,123185.0,121852.0,5,6,6.16,GOLDGUINEA_29JAN2027.xls,False,15413.538538538538,176
2026-08-07,GOLDGUINEA,2027-01-29,124000.0,125984.0,124000.0,125263.0,123185.0,14,7,17.49,GOLDGUINEA_29JAN2027.xls,False,15673.548548548548,175
2026-08-10,GOLDGUINEA,2027-01-29,125999.0,127489.0,125999.0,126927.0,125263.0,34,25,43.04,GOLDGUINEA_29JAN2027.xls,False,15881.756756756757,172
2026-08-11,GOLDGUINEA,2027-01-29,128424.0,128558.0,127435.0,128058.0,126927.0,95,67,121.67,GOLDGUINEA_29JAN2027.xls,False,16023.273273273273,171
2026-08-12,GOLDGUINEA,2027-01-29,128336.0,129519.0,128292.0,129165.0,128058.0,127,107,163.69,GOLDGUINEA_29JAN2027.xls,False,16161.786786786786,170
2026-08-13,GOLDGUINEA,2027-01-29,129185.0,129185.0,127745.0,128174.0,129165.0,80,130,102.69,GOLDGUINEA_29JAN2027.xls,False,16037.787787787787,169
2026-08-14,GOLDGUINEA,2027-01-29,127230.0,128699.0,127130.0,128516.0,128174.0,62,113,79.3,GOLDGUINEA_29JAN2027.xls,False,16080.580580580581,168
2026-08-17,GOLDGUINEA,2027-01-29,129067.0,129508.0,128913.0,129397.0,128516.0,147,148,189.79,GOLDGUINEA_29JAN2027.xls,False,16190.815815815817,165
2026-08-18,GOLDGUINEA,2027-01-29,129063.0,129412.0,128500.0,128783.0,129397.0,73,198,94.17,GOLDGUINEA_29JAN2027.xls,False,16113.98898898899,164
2026-08-19,GOLDGUINEA,2027-01-29,128500.0,131254.0,127901.0,131050.0,128783.0,315,230,409.89,GOLDGUINEA_29JAN2027.xls,False,16397.64764764765,163
2026-08-20,GOLDGUINEA,2027-01-29,131500.0,133000.0,130650.0,132802.0,131050.0,472,261,624.09,GOLDGUINEA_29JAN2027.xls,False,16616.866866866865,162
2026-08-21,GOLDGUINEA,2027-01-29,133194.0,135130.0,133000.0,134931.0,132802.0,484,280,649.76,GOLDGUINEA_29JAN2027.xls,False,16883.258258258258,161
2026-08-24,GOLDGUINEA,2027-01-29,135250.0,137032.0,134962.0,136352.0,134931.0,521,400,711.01,GOLDGUINEA_29JAN2027.xls,False,17061.06106106106,158
2026-08-25,GOLDGUINEA,2027-01-29,136340.0,136695.0,135000.0,135876.0,136352.0,436,522,591.94,GOLDGUINEA_29JAN2027.xls,False,17001.5015015015,157
2026-08-26,GOLDGUINEA,2027-01-29,136244.0,136340.0,132485.0,132919.0,135876.0,425,621,571.22,GOLDGUINEA_29JAN2027.xls,False,16631.506506506506,156
2026-08-27,GOLDGUINEA,2027-01-29,133208.0,133880.0,130353.0,131926.0,132919.0,446,710,588.64,GOLDGUINEA_29JAN2027.xls,False,16507.257257257257,155
2026-08-28,GOLDGUINEA,2027-01-29,131348.0,132549.0,130001.0,130294.0,131926.0,337,754,441.41,GOLDGUINEA_29JAN2027.xls,False,16303.053053053052,154
2026-08-31,GOLDGUINEA,2027-01-29,128487.0,129200.0,127891.0,128173.0,130294.0,344,854,441.95,GOLDGUINEA_29JAN2027.xls,False,16037.662662662662,151
2026-09-01,GOLDGUINEA,2027-01-29,128434.0,128484.0,126126.0,126242.0,128173.0,347,870,440.15,GOLDGUINEA_29JAN2027.xls,False,15796.046046046045,150
2026-09-02,GOLDGUINEA,2027-01-29,124797.0,127050.0,124600.0,126834.0,126242.0,260,880,326.86,GOLDGUINEA_29JAN2027.xls,False,15870.12012012012,149
2026-09-03,GOLDGUINEA,2027-01-29,128103.0,129686.0,127431.0,129385.0,126834.0,689,904,884.07,GOLDGUINEA_29JAN2027.xls,False,16189.314314314315,148
2026-09-04,GOLDGUINEA,2027-01-29,129599.0,129599.0,126170.0,127230.0,129385.0,394,948,503.18,GOLDGUINEA_29JAN2027.xls,False,15919.669669669669,147
2026-09-07,GOLDGUINEA,2027-01-29,127221.0,127354.0,126500.0,126956.0,127230.0,133,980,168.69,GOLDGUINEA_29JAN2027.xls,False,15885.385385385385,144
2026-09-08,GOLDGUINEA,2027-01-29,127299.0,127899.0,126540.0,126958.0,126956.0,326,1024,414.76,GOLDGUINEA_29JAN2027.xls,False,15885.635635635635,143
2026-09-09,GOLDGUINEA,2027-01-29,126803.0,127902.0,126803.0,127682.0,126958.0,167,1067,213.02,GOLDGUINEA_29JAN2027.xls,False,15976.226226226227,142
2026-09-10,GOLDGUINEA,2027-01-29,127546.0,128318.0,126126.0,126923.0,127682.0,237,1136,302.14,GOLDGUINEA_29JAN2027.xls,False,15881.256256256256,141
2026-09-11,GOLDGUINEA,2027-01-29,126000.0,127681.0,125474.0,126870.0,126923.0,498,1081,630.43,GOLDGUINEA_29JAN2027.xls,False,15874.624624624625,140
2026-09-14,GOLDGUINEA,2027-01-29,125602.0,125989.0,124900.0,125682.0,126870.0,217,1105,272.37,GOLDGUINEA_29JAN2027.xls,False,15725.975975975976,137
2026-09-15,GOLDGUINEA,2027-01-29,125993.0,125998.0,124813.0,125322.0,125682.0,312,1078,390.95,GOLDGUINEA_29JAN2027.xls,False,15680.93093093093,136
2026-09-16,GOLDGUINEA,2027-01-29,125681.0,126660.0,125681.0,126355.0,125322.0,167,1070,210.79,GOLDGUINEA_29JAN2027.xls,False,15810.185185185184,135
2026-09-17,GOLDGUINEA,2027-01-29,124989.0,127111.0,124989.0,126846.0,126355.0,177,1083,223.74,GOLDGUINEA_29JAN2027.xls,False,15871.621621621622,134
2026-09-18,GOLDGUINEA,2027-01-29,126439.0,128077.0,126439.0,127973.0,126846.0,291,1052,371.33,GOLDGUINEA_29JAN2027.xls,False,16012.637637637637,133
2026-09-21,GOLDGUINEA,2027-01-29,127215.0,128176.0,127215.0,127647.0,127973.0,281,1103,358.76,GOLDGUINEA_29JAN2027.xls,False,15971.846846846847,130
2026-09-22,GOLDGUINEA,2027-01-29,127647.0,127721.0,126814.0,127353.0,127647.0,256,1158,325.8,GOLDGUINEA_29JAN2027.xls,False,15935.06006006006,129
2026-09-23,GOLDGUINEA,2027-01-29,127373.0,127591.0,126500.0,126544.0,127353.0,317,1315,402.17,GOLDGUINEA_29JAN2027.xls,False,15833.833833833834,128
2026-09-24,GOLDGUINEA,2027-01-29,126401.0,126584.0,124979.0,125971.0,126544.0,659,1325,830.21,GOLDGUINEA_29JAN2027.xls,False,15762.137137137137,127
2026-09-25,GOLDGUINEA,2027-01-29,126317.0,127300.0,125900.0,126382.0,125971.0,431,1425,544.69,GOLDGUINEA_29JAN2027.xls,False,15813.563563563564,126
2026-09-01,GOLDGUINEA,2027-02-26,129065.0,129065.0,127004.0,127426.0,128045.0,15,5,19.16,GOLDGUINEA_26FEB2027.xls,False,15944.194194194195,178
2026-09-02,GOLDGUINEA,2027-02-26,125711.0,127899.0,125711.0,127585.0,127426.0,38,23,48.25,GOLDGUINEA_26FEB2027.xls,False,15964.08908908909,177
2026-09-03,GOLDGUINEA,2027-02-26,128607.0,130670.0,128607.0,130318.0,127585.0,86,39,111.34,GOLDGUINEA_26FEB2027.xls,False,16306.056056056055,176
2026-09-04,GOLDGUINEA,2027-02-26,129679.0,130323.0,127417.0,128353.0,130318.0,119,72,153.14,GOLDGUINEA_26FEB2027.xls,False,16060.185185185184,175
2026-09-07,GOLDGUINEA,2027-02-26,127600.0,128349.0,127458.0,128090.0,128353.0,29,82,37.06,GOLDGUINEA_26FEB2027.xls,False,16027.277277277277,172
2026-09-08,GOLDGUINEA,2027-02-26,128299.0,128772.0,127908.0,128307.0,128090.0,71,107,91.13,GOLDGUINEA_26FEB2027.xls,False,16054.429429429429,171
2026-09-09,GOLDGUINEA,2027-02-26,127785.0,128999.0,127785.0,128781.0,128307.0,42,123,53.93,GOLDGUINEA_26FEB2027.xls,False,16113.738738738739,170
2026-09-10,GOLDGUINEA,2027-02-26,128700.0,129232.0,127357.0,127797.0,128781.0,68,125,87.15,GOLDGUINEA_26FEB2027.xls,False,15990.615615615616,169
2026-09-11,GOLDGUINEA,2027-02-26,127011.0,128612.0,126700.0,127945.0,127797.0,139,152,177.64,GOLDGUINEA_26FEB2027.xls,False,16009.134134134134,168
2026-09-14,GOLDGUINEA,2027-02-26,127000.0,127100.0,125506.0,126675.0,127945.0,102,176,128.88,GOLDGUINEA_26FEB2027.xls,False,15850.225225225226,165
2026-09-15,GOLDGUINEA,2027-02-26,126999.0,127469.0,126125.0,126476.0,126675.0,111,184,140.6,GOLDGUINEA_26FEB2027.xls,False,15825.325325325326,164
2026-09-16,GOLDGUINEA,2027-02-26,127000.0,127500.0,126660.0,127296.0,126476.0,61,186,77.51,GOLDGUINEA_26FEB2027.xls,False,15927.927927927927,163
2026-09-17,GOLDGUINEA,2027-02-26,125779.0,128200.0,125779.0,127930.0,127296.0,62,199,78.96,GOLDGUINEA_26FEB2027.xls,False,16007.257257257257,162
2026-09-18,GOLDGUINEA,2027-02-26,128066.0,129177.0,127888.0,128866.0,127930.0,87,196,111.88,GOLDGUINEA_26FEB2027.xls,False,16124.374374374374,161
2026-09-21,GOLDGUINEA,2027-02-26,128890.0,129111.0,128387.0,128750.0,128866.0,44,205,56.65,GOLDGUINEA_26FEB2027.xls,False,16109.85985985986,158
2026-09-22,GOLDGUINEA,2027-02-26,128750.0,128750.0,127802.0,128532.0,128750.0,82,232,105.19,GOLDGUINEA_26FEB2027.xls,False,16082.582582582583,157
2026-09-23,GOLDGUINEA,2027-02-26,128267.0,128688.0,127487.0,127968.0,128532.0,69,243,88.26,GOLDGUINEA_26FEB2027.xls,False,16012.012012012012,156
2026-09-24,GOLDGUINEA,2027-02-26,127800.0,127949.0,126763.0,127217.0,127968.0,233,306,296.63,GOLDGUINEA_26FEB2027.xls,False,15918.043043043042,155
2026-09-25,GOLDGUINEA,2027-02-26,127145.0,128100.0,127053.0,127364.0,127217.0,69,307,88.03,GOLDGUINEA_26FEB2027.xls,False,15936.436436436436,154
2025-01-06,GOLDM,2025-04-04,77943.0,78399.0,77664.0,78069.0,77971.0,124,49,967.3,GOLDM_04APR2025.xls,False,7846.130653266331,88
2025-01-07,GOLDM,2025-04-04,78156.0,78730.0,78073.0,78545.0,78069.0,248,135,1944.72,GOLDM_04APR2025.xls,False,7893.969849246231,87
2025-01-08,GOLDM,2025-04-04,78408.0,79121.0,78303.0,78851.0,78545.0,435,233,3426.96,GOLDM_04APR2025.xls,False,7924.723618090453,86
2025-01-09,GOLDM,2025-04-04,78980.0,79290.0,78860.0,79096.0,78851.0,372,322,2942.19,GOLDM_04APR2025.xls,False,7949.3467336683425,85
2025-01-10,GOLDM,2025-04-04,79313.0,80070.0,79255.0,79740.0,79096.0,801,477,6381.57,GOLDM_04APR2025.xls,False,8014.0703517587945,84
2025-01-13,GOLDM,2025-04-04,79602.0,80100.0,79399.0,79446.0,79740.0,918,765,7325.66,GOLDM_04APR2025.xls,False,7984.522613065327,81
2025-01-14,GOLDM,2025-04-04,79460.0,79595.0,79165.0,79331.0,79446.0,441,896,3501.25,GOLDM_04APR2025.xls,False,7972.964824120603,80
2025-01-15,GOLDM,2025-04-04,79445.0,79931.0,79422.0,79892.0,79331.0,928,1280,7401.54,GOLDM_04APR2025.xls,False,8029.346733668342,79
2025-01-16,GOLDM,2025-04-04,79956.0,80443.0,79940.0,80361.0,79892.0,1244,1771,9978.89,GOLDM_04APR2025.xls,False,8076.482412060302,78
2025-01-17,GOLDM,2025-04-04,80354.0,80366.0,79723.0,79954.0,80361.0,1281,2104,10245.51,GOLDM_04APR2025.xls,False,8035.577889447236,77
2025-01-20,GOLDM,2025-04-04,79807.0,80083.0,79308.0,79439.0,79954.0,1290,2224,10275.63,GOLDM_04APR2025.xls,False,7983.819095477386,74
2025-01-21,GOLDM,2025-04-04,79673.0,80100.0,79645.0,80005.0,79439.0,1745,2745,13945.02,GOLDM_04APR2025.xls,False,8040.70351758794,73
2025-01-22,GOLDM,2025-04-04,80051.0,80401.0,80005.0,80171.0,80005.0,1994,3623,15992.99,GOLDM_04APR2025.xls,False,8057.386934673367,72
2025-01-23,GOLDM,2025-04-04,80046.0,80380.0,79900.0,80313.0,80171.0,1701,4031,13631.72,GOLDM_04APR2025.xls,False,8071.658291457286,71
2025-01-24,GOLDM,2025-04-04,80443.0,80878.0,80443.0,80635.0,80313.0,2412,4579,19455.98,GOLDM_04APR2025.xls,False,8104.020100502513,70
2025-01-27,GOLDM,2025-04-04,80490.0,80733.0,80052.0,80136.0,80635.0,3075,4697,24727.22,GOLDM_04APR2025.xls,False,8053.869346733669,67
2025-01-28,GOLDM,2025-04-04,80247.0,80877.0,80215.0,80848.0,80136.0,3051,5570,24566.26,GOLDM_04APR2025.xls,False,8125.427135678392,66
2025-01-29,GOLDM,2025-04-04,80960.0,81055.0,80720.0,80819.0,80848.0,3200,6184,25887.76,GOLDM_04APR2025.xls,False,8122.51256281407,65
2025-01-30,GOLDM,2025-04-04,80887.0,81999.0,80770.0,81934.0,80819.0,5804,7767,47283.67,GOLDM_04APR2025.xls,False,8234.572864321608,64
2025-01-31,GOLDM,2025-04-04,82004.0,82488.0,81941.0,82159.0,81934.0,4615,7969,37948.46,GOLDM_04APR2025.xls,False,8257.185929648242,63
2025-02-01,GOLDM,2025-04-04,81814.0,83255.0,81644.0,82236.0,82159.0,5103,8419,42034.09,GOLDM_04APR2025.xls,False,8264.924623115578,62
2025-02-03,GOLDM,2025-04-04,81844.0,83650.0,81844.0,83208.0,82236.0,8847,8774,73356.78,GOLDM_04APR2025.xls,False,8362.613065326632,60
2025-02-04,GOLDM,2025-04-04,83207.0,83757.0,82860.0,83722.0,83208.0,9248,9507,77024.67,GOLDM_04APR2025.xls,False,8414.27135678392,59
2025-02-05,GOLDM,2025-04-04,83862.0,84807.0,83862.0,84501.0,83722.0,8371,10472,70678.68,GOLDM_04APR2025.xls,False,8492.562814070352,58
2025-02-06,GOLDM,2025-04-04,84500.0,84770.0,83880.0,84375.0,84501.0,7722,10648,65165.26,GOLDM_04APR2025.xls,False,8479.899497487437,57
2025-02-07,GOLDM,2025-04-04,84602.0,85191.0,84400.0,84822.0,84375.0,9947,11509,84315.95,GOLDM_04APR2025.xls,False,8524.824120603016,56
2025-02-10,GOLDM,2025-04-04,85012.0,85874.0,84979.0,85749.0,84822.0,8346,12741,71440.98,GOLDM_04APR2025.xls,False,8617.989949748744,53
2025-02-11,GOLDM,2025-04-04,85900.0,86287.0,84803.0,85468.0,85749.0,13196,11937,112834.89,GOLDM_04APR2025.xls,False,8589.748743718592,52
2025-02-12,GOLDM,2025-04-04,85151.0,85610.0,84551.0,85421.0,85468.0,11413,12040,97011.31,GOLDM_04APR2025.xls,False,8585.02512562814,51
2025-02-13,GOLDM,2025-04-04,85677.0,85992.0,85625.0,85774.0,85421.0,7222,12607,61960.1,GOLDM_04APR2025.xls,False,8620.502512562814,50
2025-02-14,GOLDM,2025-04-04,85934.0,86285.0,84600.0,84644.0,85774.0,14517,11071,124073.19,GOLDM_04APR2025.xls,False,8506.934673366834,49
2025-02-17,GOLDM,2025-04-04,85218.0,86000.0,84685.0,85025.0,84644.0,5454,11678,46353.37,GOLDM_04APR2025.xls,False,8545.226130653265,46
2025-02-18,GOLDM,2025-04-04,85192.0,86075.0,85192.0,86057.0,85025.0,9616,13154,82372.29,GOLDM_04APR2025.xls,False,8648.944723618091,45
2025-02-19,GOLDM,2025-04-04,86043.0,86567.0,85861.0,85915.0,86057.0,11294,13681,97361.17,GOLDM_04APR2025.xls,False,8634.673366834171,44
2025-02-20,GOLDM,2025-04-04,86369.0,86535.0,85625.0,86015.0,85915.0,11128,13832,95860.86,GOLDM_04APR2025.xls,False,8644.723618090453,43
2025-02-21,GOLDM,2025-04-04,85888.0,85994.0,85500.0,85956.0,86015.0,10031,14313,86021.36,GOLDM_04APR2025.xls,False,8638.793969849246,42
2025-02-24,GOLDM,2025-04-04,85998.0,86450.0,85890.0,86131.0,85956.0,16089,16261,138611.1,GOLDM_04APR2025.xls,False,8656.38190954774,39
2025-02-25,GOLDM,2025-04-04,86299.0,86521.0,85235.0,85650.0,86131.0,30821,17860,265142.24,GOLDM_04APR2025.xls,False,8608.040201005026,38
2025-02-26,GOLDM,2025-04-04,85713.0,85880.0,85252.0,85850.0,85650.0,13911,18640,119114.25,GOLDM_04APR2025.xls,False,8628.140703517587,37
2025-02-27,GOLDM,2025-04-04,85671.0,85799.0,84892.0,85210.0,85850.0,30804,20394,262642.38,GOLDM_04APR2025.xls,False,8563.819095477387,36
2025-02-28,GOLDM,2025-04-04,84960.0,85000.0,84083.0,84269.0,85210.0,30763,20158,259984.71,GOLDM_04APR2025.xls,False,8469.24623115578,35
2025-03-03,GOLDM,2025-04-04,84470.0,85399.0,84470.0,85355.0,84269.0,22181,18899,188431.58,GOLDM_04APR2025.xls,False,8578.391959798995,32
2025-03-04,GOLDM,2025-04-04,85391.0,86286.0,85346.0,86007.0,85355.0,27305,19120,234578.94,GOLDM_04APR2025.xls,False,8643.91959798995,31
2025-03-05,GOLDM,2025-04-04,86250.0,86250.0,85450.0,85848.0,86007.0,26706,18881,229401.41,GOLDM_04APR2025.xls,False,8627.939698492462,30
2025-03-06,GOLDM,2025-04-04,86089.0,86148.0,85400.0,86002.0,85848.0,24359,19070,208998.87,GOLDM_04APR2025.xls,False,8643.417085427136,29
2025-03-07,GOLDM,2025-04-04,85799.0,86315.0,85703.0,85896.0,86002.0,26919,19417,231429.8,GOLDM_04APR2025.xls,False,8632.763819095479,28
2025-03-10,GOLDM,2025-04-04,85850.0,86110.0,85352.0,85460.0,85896.0,23266,20296,199709.54,GOLDM_04APR2025.xls,False,8588.944723618091,25
2025-03-11,GOLDM,2025-04-04,85656.0,86171.0,85520.0,86113.0,85460.0,18913,19867,162491.77,GOLDM_04APR2025.xls,False,8654.572864321608,24
2025-03-12,GOLDM,2025-04-04,86197.0,86700.0,85845.0,86661.0,86113.0,26010,20670,224313.49,GOLDM_04APR2025.xls,False,8709.64824120603,23
2025-03-13,GOLDM,2025-04-04,86746.0,87796.0,86530.0,87694.0,86661.0,26749,22272,233067.52,GOLDM_04APR2025.xls,False,8813.467336683416,22
2025-03-14,GOLDM,2025-04-04,87909.0,88248.0,87627.0,87924.0,87694.0,12655,21737,111324.34,GOLDM_04APR2025.xls,False,8836.582914572864,21
2025-03-17,GOLDM,2025-04-04,87701.0,88125.0,87679.0,87976.0,87924.0,17635,21256,154996.8,GOLDM_04APR2025.xls,False,8841.809045226131,18
2025-03-18,GOLDM,2025-04-04,88299.0,88775.0,88241.0,88660.0,87976.0,22231,21524,196819.42,GOLDM_04APR2025.xls,False,8910.552763819096,17
2025-03-19,GOLDM,2025-04-04,88776.0,88968.0,88405.0,88564.0,88660.0,19141,20291,169688.6,GOLDM_04APR2025.xls,False,8900.904522613066,16
2025-03-20,GOLDM,2025-04-04,88850.0,89000.0,88320.0,88646.0,88564.0,18484,19739,163874.52,GOLDM_04APR2025.xls,False,8909.145728643216,15
2025-03-21,GOLDM,2025-04-04,88450.0,88483.0,87355.0,87785.0,88646.0,26283,17008,231097.68,GOLDM_04APR2025.xls,False,8822.613065326634,14
2025-03-24,GOLDM,2025-04-04,87879.0,87930.0,87191.0,87313.0,87785.0,17733,14868,155286.21,GOLDM_04APR2025.xls,False,8775.175879396984,11
2025-03-25,GOLDM,2025-04-04,86802.0,87949.0,86802.0,87566.0,87313.0,16920,12622,148299.62,GOLDM_04APR2025.xls,False,8800.603015075378,10
2025-03-26,GOLDM,2025-04-04,87552.0,87844.0,87341.0,87506.0,87566.0,17163,11438,150315.87,GOLDM_04APR2025.xls,False,8794.572864321608,9
2025-03-27,GOLDM,2025-04-04,87666.0,88375.0,87665.0,88213.0,87506.0,19889,9589,175055.06,GOLDM_04APR2025.xls,False,8865.628140703517,8
2025-03-28,GOLDM,2025-04-04,88280.0,88850.0,88280.0,88759.0,88213.0,16479,5478,146149.2,GOLDM_04APR2025.xls,False,8920.502512562814,7
2025-03-31,GOLDM,2025-04-04,88887.0,90298.0,88887.0,90138.0,88759.0,3264,3841,29355.53,GOLDM_04APR2025.xls,False,9059.095477386934,4
2025-04-01,GOLDM,2025-04-04,90788.0,91082.0,90090.0,90553.0,90138.0,1678,2644,15232.79,GOLDM_04APR2025.xls,False,9100.804020100502,3
2025-04-02,GOLDM,2025-04-04,90715.0,91050.0,90405.0,90543.0,90553.0,490,523,4443.73,GOLDM_04APR2025.xls,False,9099.798994974873,2
2025-04-03,GOLDM,2025-04-04,91095.0,91435.0,89100.0,90459.0,90543.0,536,242,4840.37,GOLDM_04APR2025.xls,False,9091.356783919598,1
2025-04-04,GOLDM,2025-04-04,90599.0,90980.0,88250.0,88354.0,90459.0,243,113,2181.72,GOLDM_04APR2025.xls,False,8879.798994974873,0
2025-02-06,GOLDM,2025-05-05,84234.0,85214.0,84219.0,84785.0,84691.0,364,91,3087.16,GOLDM_05MAY2025.xls,False,8521.10552763819,88
2025-02-07,GOLDM,2025-05-05,85092.0,85575.0,84841.0,85254.0,84785.0,634,262,5400.11,GOLDM_05MAY2025.xls,False,8568.24120603015,87
2025-02-10,GOLDM,2025-05-05,85388.0,86278.0,85388.0,86145.0,85254.0,1154,581,9926.99,GOLDM_05MAY2025.xls,False,8657.788944723618,84
2025-02-11,GOLDM,2025-05-05,86546.0,86675.0,85350.0,85942.0,86145.0,1501,739,12899.99,GOLDM_05MAY2025.xls,False,8637.386934673368,83
2025-02-12,GOLDM,2025-05-05,85400.0,86027.0,85085.0,85871.0,85942.0,959,773,8202.39,GOLDM_05MAY2025.xls,False,8630.251256281408,82
2025-02-13,GOLDM,2025-05-05,86050.0,86387.0,86030.0,86188.0,85871.0,681,869,5871.54,GOLDM_05MAY2025.xls,False,8662.11055276382,81
2025-02-14,GOLDM,2025-05-05,86450.0,86666.0,85120.0,85174.0,86188.0,1510,1106,12982.16,GOLDM_05MAY2025.xls,False,8560.201005025125,80
2025-02-17,GOLDM,2025-05-05,85419.0,85650.0,85190.0,85442.0,85174.0,645,1161,5511.03,GOLDM_05MAY2025.xls,False,8587.13567839196,77
2025-02-18,GOLDM,2025-05-05,85685.0,86450.0,85685.0,86429.0,85442.0,1163,1407,10012.24,GOLDM_05MAY2025.xls,False,8686.331658291458,76
2025-02-19,GOLDM,2025-05-05,86351.0,86880.0,86260.0,86316.0,86429.0,1250,1497,10820.92,GOLDM_05MAY2025.xls,False,8674.97487437186,75
2025-02-20,GOLDM,2025-05-05,86735.0,86860.0,86088.0,86425.0,86316.0,1288,1566,11148.72,GOLDM_05MAY2025.xls,False,8685.929648241206,74
2025-02-21,GOLDM,2025-05-05,86399.0,86399.0,85970.0,86338.0,86425.0,973,1741,8384.5,GOLDM_05MAY2025.xls,False,8677.18592964824,73
2025-02-24,GOLDM,2025-05-05,86112.0,86801.0,86103.0,86464.0,86338.0,1541,1978,13332.37,GOLDM_05MAY2025.xls,False,8689.849246231155,70
2025-02-25,GOLDM,2025-05-05,86720.0,86808.0,85625.0,86036.0,86464.0,3150,2130,27189.45,GOLDM_05MAY2025.xls,False,8646.834170854272,69
2025-02-26,GOLDM,2025-05-05,86173.0,86198.0,85625.0,86140.0,86036.0,1542,2530,13254.85,GOLDM_05MAY2025.xls,False,8657.286432160805,68
2025-02-27,GOLDM,2025-05-05,86003.0,86046.0,85258.0,85543.0,86140.0,3749,2763,32093.09,GOLDM_05MAY2025.xls,False,8597.286432160803,67
2025-02-28,GOLDM,2025-05-05,84851.0,85278.0,84510.0,84683.0,85543.0,3753,3210,31860.63,GOLDM_05MAY2025.xls,False,8510.854271356784,66
2025-03-03,GOLDM,2025-05-05,84928.0,85750.0,84899.0,85700.0,84683.0,2975,3335,25384.23,GOLDM_05MAY2025.xls,False,8613.065326633166,63
2025-03-04,GOLDM,2025-05-05,85813.0,86655.0,85706.0,86332.0,85700.0,5251,3905,45307.28,GOLDM_05MAY2025.xls,False,8676.582914572866,62
2025-03-05,GOLDM,2025-05-05,86300.0,86556.0,85786.0,86189.0,86332.0,4439,4050,38285.51,GOLDM_05MAY2025.xls,False,8662.211055276382,61
2025-03-06,GOLDM,2025-05-05,86348.0,86475.0,85786.0,86389.0,86189.0,4585,4371,39506.05,GOLDM_05MAY2025.xls,False,8682.311557788944,60
2025-03-07,GOLDM,2025-05-05,86171.0,86693.0,86064.0,86284.0,86389.0,4663,4679,40274.54,GOLDM_05MAY2025.xls,False,8671.75879396985,59
2025-03-10,GOLDM,2025-05-05,86399.0,86496.0,85750.0,85850.0,86284.0,4514,4893,38915.79,GOLDM_05MAY2025.xls,False,8628.140703517587,56
2025-03-11,GOLDM,2025-05-05,86072.0,86566.0,85904.0,86508.0,85850.0,3743,5396,32307.08,GOLDM_05MAY2025.xls,False,8694.271356783918,55
2025-03-12,GOLDM,2025-05-05,86500.0,87066.0,86231.0,87024.0,86508.0,4991,6045,43244.79,GOLDM_05MAY2025.xls,False,8746.130653266331,54
2025-03-13,GOLDM,2025-05-05,87219.0,88180.0,86926.0,88101.0,87024.0,6974,7192,61051.2,GOLDM_05MAY2025.xls,False,8854.371859296483,53
2025-03-14,GOLDM,2025-05-05,88405.0,88670.0,88050.0,88377.0,88101.0,2887,7459,25526.53,GOLDM_05MAY2025.xls,False,8882.11055276382,52
2025-03-17,GOLDM,2025-05-05,88328.0,88550.0,88086.0,88374.0,88377.0,4030,7881,35580.64,GOLDM_05MAY2025.xls,False,8881.80904522613,49
2025-03-18,GOLDM,2025-05-05,88622.0,89180.0,88622.0,89078.0,88374.0,6619,9013,58862.64,GOLDM_05MAY2025.xls,False,8952.56281407035,48
2025-03-19,GOLDM,2025-05-05,89114.0,89381.0,88838.0,88988.0,89078.0,6107,10534,54412.52,GOLDM_05MAY2025.xls,False,8943.517587939697,47
2025-03-20,GOLDM,2025-05-05,89181.0,89437.0,88752.0,89031.0,88988.0,6775,10960,60360.39,GOLDM_05MAY2025.xls,False,8947.8391959799,46
2025-03-21,GOLDM,2025-05-05,88892.0,88892.0,87673.0,88058.0,89031.0,11069,9960,97706.8,GOLDM_05MAY2025.xls,False,8850.05025125628,45
2025-03-24,GOLDM,2025-05-05,88158.0,88300.0,87555.0,87618.0,88058.0,7859,10487,69067.12,GOLDM_05MAY2025.xls,False,8805.829145728643,42
2025-03-25,GOLDM,2025-05-05,87591.0,88300.0,87591.0,87943.0,87618.0,8611,11559,75761.76,GOLDM_05MAY2025.xls,False,8838.492462311557,41
2025-03-26,GOLDM,2025-05-05,88089.0,88220.0,87767.0,87970.0,87943.0,9230,12815,81217.13,GOLDM_05MAY2025.xls,False,8841.206030150754,40
2025-03-27,GOLDM,2025-05-05,88146.0,88940.0,88146.0,88816.0,87970.0,20190,15290,178877.7,GOLDM_05MAY2025.xls,False,8926.231155778894,39
2025-03-28,GOLDM,2025-05-05,88999.0,89449.0,88999.0,89215.0,88816.0,22625,17186,201849.78,GOLDM_05MAY2025.xls,False,8966.331658291458,38
2025-03-31,GOLDM,2025-05-05,89449.0,90433.0,89449.0,90216.0,89215.0,20169,20406,181755.07,GOLDM_05MAY2025.xls,False,9066.934673366835,35
2025-04-01,GOLDM,2025-05-05,90360.0,90920.0,90011.0,90409.0,90216.0,28184,20729,255289.38,GOLDM_05MAY2025.xls,False,9086.331658291458,34
2025-04-02,GOLDM,2025-05-05,90710.0,90749.0,90128.0,90364.0,90409.0,24651,21762,222980.51,GOLDM_05MAY2025.xls,False,9081.80904522613,33
2025-04-03,GOLDM,2025-05-05,90630.0,90937.0,88512.0,89763.0,90364.0,76839,20372,689846.39,GOLDM_05MAY2025.xls,False,9021.407035175878,32
2025-04-04,GOLDM,2025-05-05,89237.0,90407.0,87773.0,87940.0,89763.0,74078,17498,659027.1,GOLDM_05MAY2025.xls,False,8838.190954773869,31
2025-04-07,GOLDM,2025-05-05,88001.0,88569.0,86651.0,86819.0,87940.0,53976,17603,473581.41,GOLDM_05MAY2025.xls,False,8725.527638190955,28
2025-04-08,GOLDM,2025-05-05,87148.0,88145.0,87148.0,87449.0,86819.0,34767,15680,304791.38,GOLDM_05MAY2025.xls,False,8788.844221105528,27
2025-04-09,GOLDM,2025-05-05,87650.0,90439.0,87650.0,89489.0,87449.0,67769,18561,605596.05,GOLDM_05MAY2025.xls,False,8993.869346733669,26
2025-04-10,GOLDM,2025-05-05,90439.0,91948.0,90240.0,91646.0,89489.0,34870,22748,318244.7,GOLDM_05MAY2025.xls,False,9210.65326633166,25
2025-04-11,GOLDM,2025-05-05,91999.0,93484.0,91999.0,93280.0,91646.0,48636,23578,452480.3,GOLDM_05MAY2025.xls,False,9374.874371859296,24
2025-04-14,GOLDM,2025-05-05,93549.0,93549.0,92334.0,92835.0,93280.0,24038,23344,222860.96,GOLDM_05MAY2025.xls,False,9330.150753768845,21
2025-04-15,GOLDM,2025-05-05,92835.0,93165.0,92625.0,93071.0,92835.0,22481,22666,208861.54,GOLDM_05MAY2025.xls,False,9353.869346733669,20
2025-04-16,GOLDM,2025-05-05,93550.0,95268.0,93550.0,95163.0,93071.0,46672,25111,441513.6,GOLDM_05MAY2025.xls,False,9564.120603015075,19
2025-04-17,GOLDM,2025-05-05,95345.0,95476.0,93856.0,94784.0,95163.0,49630,24406,469903.29,GOLDM_05MAY2025.xls,False,9526.030150753768,18
2025-04-21,GOLDM,2025-05-05,95550.0,96900.0,94037.0,96800.0,94784.0,35929,26891,346276.31,GOLDM_05MAY2025.xls,False,9728.643216080402,14
2025-04-22,GOLDM,2025-05-05,96964.0,99704.0,96303.0,97057.0,96800.0,80406,23318,786304.2,GOLDM_05MAY2025.xls,False,9754.472361809047,13
2025-04-23,GOLDM,2025-05-05,96000.0,96000.0,93896.0,94530.0,97057.0,68188,18402,647774.96,GOLDM_05MAY2025.xls,False,9500.502512562814,12
2025-04-24,GOLDM,2025-05-05,95200.0,95997.0,95050.0,95807.0,94530.0,42952,17738,410533.35,GOLDM_05MAY2025.xls,False,9628.844221105528,11
2025-04-25,GOLDM,2025-05-05,95977.0,96101.0,94268.0,95071.0,95807.0,36140,15106,343364.77,GOLDM_05MAY2025.xls,False,9554.874371859298,10
2025-04-28,GOLDM,2025-05-05,94809.0,96262.0,94300.0,96159.0,95071.0,27164,10116,258188.87,GOLDM_05MAY2025.xls,False,9664.221105527638,7
2025-04-29,GOLDM,2025-05-05,95303.0,95856.0,95097.0,95559.0,96159.0,5766,7133,55047.26,GOLDM_05MAY2025.xls,False,9603.919597989949,6
2025-04-30,GOLDM,2025-05-05,95283.0,95456.0,93570.0,94565.0,95559.0,1811,1368,17146.91,GOLDM_05MAY2025.xls,False,9504.020100502512,5
2025-05-01,GOLDM,2025-05-05,92850.0,93101.0,92380.0,92710.0,94565.0,487,1036,4515.14,GOLDM_05MAY2025.xls,False,9317.587939698493,4
2025-05-02,GOLDM,2025-05-05,93506.0,93681.0,92800.0,93126.0,92710.0,462,518,4309.84,GOLDM_05MAY2025.xls,False,9359.396984924624,3
2025-05-05,GOLDM,2025-05-05,93666.0,95699.0,93232.0,94889.0,93126.0,358,291,3385.06,GOLDM_05MAY2025.xls,False,9536.582914572864,0
2025-03-06,GOLDM,2025-06-05,86612.0,86840.0,86188.0,86735.0,86744.0,295,124,2554.41,GOLDM_05JUN2025.xls,False,8717.085427135678,91
2025-03-07,GOLDM,2025-06-05,86439.0,87084.0,86439.0,86675.0,86735.0,417,218,3617.15,GOLDM_05JUN2025.xls,False,8711.055276381909,90
2025-03-10,GOLDM,2025-06-05,86838.0,86875.0,86160.0,86267.0,86675.0,505,285,4372.88,GOLDM_05JUN2025.xls,False,8670.050251256282,87
2025-03-11,GOLDM,2025-06-05,86468.0,86950.0,86343.0,86893.0,86267.0,540,368,4682.77,GOLDM_05JUN2025.xls,False,8732.964824120603,86
2025-03-12,GOLDM,2025-06-05,86906.0,87900.0,86700.0,87568.0,86893.0,841,594,7329.86,GOLDM_05JUN2025.xls,False,8800.804020100502,85
2025-03-13,GOLDM,2025-06-05,87499.0,88588.0,87330.0,88494.0,87568.0,1334,952,11737.92,GOLDM_05JUN2025.xls,False,8893.869346733669,84
2025-03-14,GOLDM,2025-06-05,88830.0,89073.0,88462.0,88742.0,88494.0,754,1024,6696.96,GOLDM_05JUN2025.xls,False,8918.793969849246,83
2025-03-17,GOLDM,2025-06-05,88660.0,88920.0,88497.0,88739.0,88742.0,959,1366,8504.97,GOLDM_05JUN2025.xls,False,8918.492462311557,80
2025-03-18,GOLDM,2025-06-05,88998.0,89598.0,88897.0,89469.0,88739.0,2695,2783,24062.1,GOLDM_05JUN2025.xls,False,8991.859296482411,79
2025-03-19,GOLDM,2025-06-05,89470.0,89782.0,89256.0,89395.0,89469.0,1545,3035,13832.7,GOLDM_05JUN2025.xls,False,8984.422110552763,78
2025-03-20,GOLDM,2025-06-05,89499.0,89900.0,89163.0,89448.0,89395.0,1740,3270,15577.74,GOLDM_05JUN2025.xls,False,8989.748743718592,77
2025-03-21,GOLDM,2025-06-05,89208.0,89240.0,88062.0,88474.0,89448.0,2675,3068,23731.04,GOLDM_05JUN2025.xls,False,8891.859296482411,76
2025-03-24,GOLDM,2025-06-05,88596.0,88630.0,87900.0,87975.0,88474.0,2339,3676,20644.03,GOLDM_05JUN2025.xls,False,8841.708542713568,73
2025-03-25,GOLDM,2025-06-05,88128.0,88700.0,88030.0,88318.0,87975.0,1622,3989,14333.36,GOLDM_05JUN2025.xls,False,8876.180904522613,72
2025-03-26,GOLDM,2025-06-05,88285.0,88590.0,88166.0,88347.0,88318.0,2164,4679,19126.57,GOLDM_05JUN2025.xls,False,8879.095477386936,71
2025-03-27,GOLDM,2025-06-05,88580.0,89400.0,88580.0,89244.0,88347.0,5290,5755,47105.59,GOLDM_05JUN2025.xls,False,8969.24623115578,70
2025-03-28,GOLDM,2025-06-05,89480.0,89844.0,89364.0,89620.0,89244.0,5466,6722,48980.38,GOLDM_05JUN2025.xls,False,9007.035175879397,69
2025-03-31,GOLDM,2025-06-05,89989.0,90772.0,89989.0,90641.0,89620.0,5538,7964,50139.82,GOLDM_05JUN2025.xls,False,9109.64824120603,66
2025-04-01,GOLDM,2025-06-05,90987.0,91303.0,90377.0,90813.0,90641.0,7908,8411,71942.02,GOLDM_05JUN2025.xls,False,9126.934673366834,65
2025-04-02,GOLDM,2025-06-05,91162.0,91162.0,90504.0,90679.0,90813.0,6764,8833,61430.1,GOLDM_05JUN2025.xls,False,9113.467336683416,64
2025-04-03,GOLDM,2025-06-05,90977.0,91340.0,88737.0,90031.0,90679.0,22645,9163,204072.98,GOLDM_05JUN2025.xls,False,9048.341708542714,63
2025-04-04,GOLDM,2025-06-05,89699.0,90740.0,87951.0,88115.0,90031.0,23512,9045,209613.14,GOLDM_05JUN2025.xls,False,8855.778894472362,62
2025-04-07,GOLDM,2025-06-05,88193.0,88737.0,86767.0,86968.0,88115.0,16849,9463,148127.96,GOLDM_05JUN2025.xls,False,8740.502512562813,59
2025-04-08,GOLDM,2025-06-05,87399.0,88453.0,87350.0,87639.0,86968.0,12286,9257,107967.71,GOLDM_05JUN2025.xls,False,8807.939698492462,58
2025-04-09,GOLDM,2025-06-05,88318.0,90780.0,88148.0,89790.0,87639.0,25169,10820,225644.47,GOLDM_05JUN2025.xls,False,9024.120603015075,57
2025-04-10,GOLDM,2025-06-05,90677.0,92300.0,90677.0,91990.0,89790.0,12973,12871,118825.85,GOLDM_05JUN2025.xls,False,9245.226130653265,56
2025-04-11,GOLDM,2025-06-05,92200.0,93848.0,92200.0,93688.0,91990.0,18102,14567,169046.38,GOLDM_05JUN2025.xls,False,9415.879396984925,55
2025-04-14,GOLDM,2025-06-05,93252.0,93549.0,92700.0,93185.0,93688.0,7866,14143,73202.13,GOLDM_05JUN2025.xls,False,9365.326633165829,52
2025-04-15,GOLDM,2025-06-05,93323.0,93450.0,92981.0,93373.0,93185.0,6632,14721,61828.0,GOLDM_05JUN2025.xls,False,9384.221105527637,51
2025-04-16,GOLDM,2025-06-05,93850.0,95648.0,93850.0,95557.0,93373.0,19963,17792,189552.66,GOLDM_05JUN2025.xls,False,9603.718592964826,50
2025-04-17,GOLDM,2025-06-05,96172.0,96173.0,94217.0,95179.0,95557.0,16999,17394,161639.31,GOLDM_05JUN2025.xls,False,9565.72864321608,49
2025-04-21,GOLDM,2025-06-05,95300.0,97300.0,94900.0,97186.0,95179.0,19982,20902,193399.4,GOLDM_05JUN2025.xls,False,9767.437185929648,45
2025-04-22,GOLDM,2025-06-05,97414.0,99231.0,96511.0,97257.0,97186.0,44031,20916,431582.82,GOLDM_05JUN2025.xls,False,9774.572864321608,44
2025-04-23,GOLDM,2025-06-05,96650.0,96650.0,94140.0,94729.0,97257.0,50828,18766,483846.04,GOLDM_05JUN2025.xls,False,9520.502512562814,43
2025-04-24,GOLDM,2025-06-05,95195.0,96099.0,95195.0,95896.0,94729.0,30206,21324,289221.83,GOLDM_05JUN2025.xls,False,9637.78894472362,42
2025-04-25,GOLDM,2025-06-05,96196.0,96199.0,94300.0,94988.0,95896.0,35118,22798,333714.36,GOLDM_05JUN2025.xls,False,9546.532663316582,41
2025-04-28,GOLDM,2025-06-05,94740.0,96085.0,94160.0,96009.0,94988.0,46656,25093,443402.07,GOLDM_05JUN2025.xls,False,9649.145728643216,38
2025-04-29,GOLDM,2025-06-05,95401.0,95770.0,95052.0,95596.0,96009.0,40647,26864,387772.72,GOLDM_05JUN2025.xls,False,9607.638190954774,37
2025-04-30,GOLDM,2025-06-05,95350.0,95373.0,93707.0,94718.0,95596.0,61401,25920,580219.74,GOLDM_05JUN2025.xls,False,9519.396984924622,36
2025-05-01,GOLDM,2025-06-05,94002.0,95155.0,91880.0,92382.0,94718.0,38519,28230,356122.95,GOLDM_05JUN2025.xls,False,9284.62311557789,35
2025-05-02,GOLDM,2025-06-05,92948.0,93446.0,92425.0,92692.0,92382.0,52253,27619,485608.1,GOLDM_05JUN2025.xls,False,9315.778894472363,34
2025-05-05,GOLDM,2025-06-05,93311.0,94842.0,92956.0,94667.0,92692.0,41560,26837,391231.62,GOLDM_05JUN2025.xls,False,9514.27135678392,31
2025-05-06,GOLDM,2025-06-05,94978.0,97500.0,94978.0,97460.0,94667.0,49584,28279,478920.5,GOLDM_05JUN2025.xls,False,9794.97487437186,30
2025-05-07,GOLDM,2025-06-05,96666.0,97375.0,96518.0,97065.0,97460.0,37216,27201,360939.31,GOLDM_05JUN2025.xls,False,9755.276381909547,29
2025-05-08,GOLDM,2025-06-05,97200.0,97299.0,95364.0,96153.0,97065.0,71860,25087,693131.66,GOLDM_05JUN2025.xls,False,9663.61809045226,28
2025-05-09,GOLDM,2025-06-05,96081.0,96733.0,95831.0,96490.0,96153.0,36158,25199,348101.54,GOLDM_05JUN2025.xls,False,9697.48743718593,27
2025-05-12,GOLDM,2025-06-05,95840.0,95840.0,92460.0,92948.0,96490.0,68480,25793,639036.7,GOLDM_05JUN2025.xls,False,9341.507537688442,24
2025-05-13,GOLDM,2025-06-05,93000.0,94163.0,92910.0,93659.0,92948.0,42601,23395,399170.69,GOLDM_05JUN2025.xls,False,9412.964824120603,23
2025-05-14,GOLDM,2025-06-05,93439.0,93650.0,92076.0,92305.0,93659.0,50124,28028,465248.96,GOLDM_05JUN2025.xls,False,9276.884422110554,22
2025-05-15,GOLDM,2025-06-05,91960.0,93417.0,90970.0,93155.0,92305.0,64255,24900,591981.17,GOLDM_05JUN2025.xls,False,9362.311557788944,21
2025-05-16,GOLDM,2025-06-05,92889.0,93549.0,91668.0,92443.0,93155.0,61604,24548,569889.15,GOLDM_05JUN2025.xls,False,9290.75376884422,20
2025-05-19,GOLDM,2025-06-05,92871.0,93790.0,92871.0,93314.0,92443.0,39790,21817,371662.31,GOLDM_05JUN2025.xls,False,9378.291457286432,17
2025-05-20,GOLDM,2025-06-05,93010.0,94800.0,92800.0,94761.0,93314.0,48431,22787,454513.75,GOLDM_05JUN2025.xls,False,9523.718592964824,16
2025-05-21,GOLDM,2025-06-05,95000.0,95640.0,94922.0,95473.0,94761.0,37674,21049,359291.23,GOLDM_05JUN2025.xls,False,9595.276381909547,15
2025-05-22,GOLDM,2025-06-05,95900.0,96243.0,95120.0,95461.0,95473.0,47922,18780,458642.84,GOLDM_05JUN2025.xls,False,9594.070351758794,14
2025-05-23,GOLDM,2025-06-05,95529.0,96359.0,95440.0,96210.0,95461.0,36730,18997,352433.49,GOLDM_05JUN2025.xls,False,9669.346733668342,13
2025-05-26,GOLDM,2025-06-05,95867.0,95991.0,95390.0,95814.0,96210.0,23656,18149,226269.62,GOLDM_05JUN2025.xls,False,9629.547738693467,10
2025-05-27,GOLDM,2025-06-05,95782.0,96004.0,94905.0,95055.0,95814.0,29463,15367,280596.64,GOLDM_05JUN2025.xls,False,9553.266331658291,9
2025-05-28,GOLDM,2025-06-05,94941.0,95750.0,94940.0,95177.0,95055.0,19680,11952,187693.04,GOLDM_05JUN2025.xls,False,9565.527638190955,8
2025-05-29,GOLDM,2025-06-05,94940.0,95600.0,94451.0,95295.0,95177.0,25080,6519,238293.35,GOLDM_05JUN2025.xls,False,9577.386934673366,7
2025-05-30,GOLDM,2025-06-05,94820.0,95190.0,94418.0,94712.0,95295.0,7692,3234,72921.5,GOLDM_05JUN2025.xls,False,9518.793969849246,6
2025-06-02,GOLDM,2025-06-05,95096.0,96980.0,95096.0,96882.0,94712.0,734,1056,7040.9,GOLDM_05JUN2025.xls,False,9736.884422110554,3
2025-06-03,GOLDM,2025-06-05,96834.0,96995.0,96300.0,96788.0,96882.0,338,700,3269.99,GOLDM_05JUN2025.xls,False,9727.437185929648,2
2025-06-04,GOLDM,2025-06-05,97118.0,97599.0,96561.0,97361.0,96788.0,223,411,2163.03,GOLDM_05JUN2025.xls,False,9785.02512562814,1
2025-06-05,GOLDM,2025-06-05,97499.0,98794.0,96612.0,97490.0,97361.0,317,271,3094.15,GOLDM_05JUN2025.xls,False,9797.989949748744,0
2025-04-07,GOLDM,2025-07-04,89230.0,91000.0,87166.0,87369.0,88534.0,810,279,7145.73,GOLDM_04JUL2025.xls,False,8780.804020100502,88
2025-04-08,GOLDM,2025-07-04,87800.0,88719.0,87713.0,87944.0,87369.0,708,347,6242.41,GOLDM_04JUL2025.xls,False,8838.59296482412,87
2025-04-09,GOLDM,2025-07-04,88558.0,91059.0,88111.0,90110.0,87944.0,2443,891,21982.93,GOLDM_04JUL2025.xls,False,9056.281407035176,86
2025-04-10,GOLDM,2025-07-04,91169.0,92600.0,90512.0,92308.0,90110.0,1805,1350,16593.74,GOLDM_04JUL2025.xls,False,9277.18592964824,85
2025-04-11,GOLDM,2025-07-04,93770.0,94140.0,92960.0,94001.0,92308.0,2687,1906,25182.18,GOLDM_04JUL2025.xls,False,9447.336683417087,84
2025-04-14,GOLDM,2025-07-04,93899.0,93899.0,93081.0,93549.0,94001.0,1056,1973,9864.87,GOLDM_04JUL2025.xls,False,9401.909547738693,81
2025-04-15,GOLDM,2025-07-04,93666.0,93789.0,93304.0,93707.0,93549.0,1038,2125,9713.77,GOLDM_04JUL2025.xls,False,9417.78894472362,80
2025-04-16,GOLDM,2025-07-04,94052.0,96000.0,94052.0,95939.0,93707.0,3785,3118,36063.05,GOLDM_04JUL2025.xls,False,9642.11055276382,79
2025-04-17,GOLDM,2025-07-04,96114.0,96170.0,94600.0,95522.0,95939.0,4017,3090,38348.85,GOLDM_04JUL2025.xls,False,9600.201005025127,78
2025-04-21,GOLDM,2025-07-04,96450.0,97679.0,96450.0,97541.0,95522.0,4679,4177,45441.61,GOLDM_04JUL2025.xls,False,9803.115577889448,74
2025-04-22,GOLDM,2025-07-04,98005.0,99586.0,96851.0,97610.0,97541.0,7993,4412,78716.89,GOLDM_04JUL2025.xls,False,9810.050251256282,73
2025-04-23,GOLDM,2025-07-04,96401.0,96490.0,94526.0,95121.0,97610.0,8436,3865,80697.31,GOLDM_04JUL2025.xls,False,9559.899497487437,72
2025-04-24,GOLDM,2025-07-04,96200.0,96499.0,95500.0,96217.0,95121.0,3850,4004,36995.39,GOLDM_04JUL2025.xls,False,9670.050251256282,71
2025-04-25,GOLDM,2025-07-04,96444.0,96500.0,94681.0,95321.0,96217.0,4674,4288,44584.18,GOLDM_04JUL2025.xls,False,9580.0,70
2025-04-28,GOLDM,2025-07-04,95321.0,96413.0,94550.0,96343.0,95321.0,6236,5145,59494.95,GOLDM_04JUL2025.xls,False,9682.713567839195,67
2025-04-29,GOLDM,2025-07-04,95615.0,96050.0,95401.0,95910.0,96343.0,5514,5581,52777.1,GOLDM_04JUL2025.xls,False,9639.195979899498,66
2025-04-30,GOLDM,2025-07-04,95649.0,95702.0,94091.0,95064.0,95910.0,9991,6124,94759.8,GOLDM_04JUL2025.xls,False,9554.170854271357,65
2025-05-01,GOLDM,2025-07-04,94000.0,94004.0,92521.0,92760.0,95064.0,7689,7008,71384.78,GOLDM_04JUL2025.xls,False,9322.613065326634,64
2025-05-02,GOLDM,2025-07-04,93383.0,93770.0,92772.0,93050.0,92760.0,9449,7137,88116.61,GOLDM_04JUL2025.xls,False,9351.75879396985,63
2025-05-05,GOLDM,2025-07-04,93606.0,95132.0,93288.0,95018.0,93050.0,7801,7223,73658.12,GOLDM_04JUL2025.xls,False,9549.547738693467,60
2025-05-06,GOLDM,2025-07-04,95800.0,97859.0,95211.0,97792.0,95018.0,12098,8551,117237.9,GOLDM_04JUL2025.xls,False,9828.341708542714,59
2025-05-07,GOLDM,2025-07-04,97097.0,97700.0,96872.0,97410.0,97792.0,6902,8665,67167.69,GOLDM_04JUL2025.xls,False,9789.949748743718,58
2025-05-08,GOLDM,2025-07-04,97570.0,97641.0,95798.0,96562.0,97410.0,14525,8727,140565.88,GOLDM_04JUL2025.xls,False,9704.723618090453,57
2025-05-09,GOLDM,2025-07-04,96467.0,97100.0,96220.0,96846.0,96562.0,6252,8739,60408.26,GOLDM_04JUL2025.xls,False,9733.266331658291,56
2025-05-12,GOLDM,2025-07-04,96142.0,96142.0,92801.0,93309.0,96846.0,20824,10054,195136.96,GOLDM_04JUL2025.xls,False,9377.788944723618,53
2025-05-13,GOLDM,2025-07-04,93281.0,94530.0,93281.0,94030.0,93309.0,10251,9974,96420.25,GOLDM_04JUL2025.xls,False,9450.251256281406,52
2025-05-14,GOLDM,2025-07-04,93538.0,94040.0,92459.0,92707.0,94030.0,13450,12523,125296.94,GOLDM_04JUL2025.xls,False,9317.286432160805,51
2025-05-15,GOLDM,2025-07-04,92300.0,93890.0,91370.0,93626.0,92707.0,16817,12117,155724.47,GOLDM_04JUL2025.xls,False,9409.64824120603,50
2025-05-16,GOLDM,2025-07-04,93333.0,93991.0,92224.0,92964.0,93626.0,14338,12597,133342.62,GOLDM_04JUL2025.xls,False,9343.115577889446,49
2025-05-19,GOLDM,2025-07-04,93499.0,94265.0,93468.0,93782.0,92964.0,11783,11790,110643.14,GOLDM_04JUL2025.xls,False,9425.32663316583,46
2025-05-20,GOLDM,2025-07-04,93550.0,95350.0,93336.0,95290.0,93782.0,19365,11492,183071.05,GOLDM_04JUL2025.xls,False,9576.884422110554,45
2025-05-21,GOLDM,2025-07-04,95582.0,96176.0,95476.0,96012.0,95290.0,15997,12934,153434.47,GOLDM_04JUL2025.xls,False,9649.447236180906,44
2025-05-22,GOLDM,2025-07-04,96128.0,96826.0,95640.0,95929.0,96012.0,21424,14547,206218.51,GOLDM_04JUL2025.xls,False,9641.10552763819,43
2025-05-23,GOLDM,2025-07-04,96121.0,96950.0,95930.0,96781.0,95929.0,19807,16930,191138.27,GOLDM_04JUL2025.xls,False,9726.733668341709,42
2025-05-26,GOLDM,2025-07-04,96632.0,96632.0,95920.0,96297.0,96781.0,13193,16969,126895.58,GOLDM_04JUL2025.xls,False,9678.090452261307,39
2025-05-27,GOLDM,2025-07-04,96362.0,96487.0,95303.0,95549.0,96297.0,23325,16870,223212.57,GOLDM_04JUL2025.xls,False,9602.914572864322,38
2025-05-28,GOLDM,2025-07-04,95469.0,96200.0,95396.0,95558.0,95549.0,20870,18184,199918.52,GOLDM_04JUL2025.xls,False,9603.819095477385,37
2025-05-29,GOLDM,2025-07-04,95100.0,96150.0,94900.0,95978.0,95558.0,40149,22444,383703.61,GOLDM_04JUL2025.xls,False,9646.030150753768,36
2025-05-30,GOLDM,2025-07-04,95990.0,95990.0,95050.0,95447.0,95978.0,47160,22611,450035.22,GOLDM_04JUL2025.xls,False,9592.663316582915,35
2025-06-02,GOLDM,2025-07-04,95673.0,97478.0,95660.0,97393.0,95447.0,51925,28575,502418.64,GOLDM_04JUL2025.xls,False,9788.24120603015,32
2025-06-03,GOLDM,2025-07-04,97250.0,97429.0,96760.0,97208.0,97393.0,29688,28114,288413.77,GOLDM_04JUL2025.xls,False,9769.648241206029,31
2025-06-04,GOLDM,2025-07-04,97397.0,98052.0,97150.0,97973.0,97208.0,39705,30936,387510.63,GOLDM_04JUL2025.xls,False,9846.532663316582,30
2025-06-05,GOLDM,2025-07-04,97870.0,98658.0,97120.0,97415.0,97973.0,55501,27225,543472.77,GOLDM_04JUL2025.xls,False,9790.452261306533,29
2025-06-06,GOLDM,2025-07-04,97597.0,98076.0,96460.0,96645.0,97415.0,46210,25732,449162.1,GOLDM_04JUL2025.xls,False,9713.065326633166,28
2025-06-09,GOLDM,2025-07-04,96408.0,96827.0,95856.0,96703.0,96645.0,33278,25984,320710.19,GOLDM_04JUL2025.xls,False,9718.894472361808,25
2025-06-10,GOLDM,2025-07-04,96477.0,96950.0,95877.0,96442.0,96703.0,39304,26649,379187.84,GOLDM_04JUL2025.xls,False,9692.663316582915,24
2025-06-11,GOLDM,2025-07-04,96668.0,97091.0,96190.0,96267.0,96442.0,41023,27146,396479.25,GOLDM_04JUL2025.xls,False,9675.075376884422,23
2025-06-12,GOLDM,2025-07-04,96789.0,98000.0,96789.0,97786.0,96267.0,58023,30717,565851.25,GOLDM_04JUL2025.xls,False,9827.738693467338,22
2025-06-13,GOLDM,2025-07-04,98190.0,99890.0,98190.0,99555.0,97786.0,56997,31998,566781.92,GOLDM_04JUL2025.xls,False,10005.527638190955,21
2025-06-16,GOLDM,2025-07-04,99818.0,99929.0,98251.0,98594.0,99555.0,43351,28710,429083.71,GOLDM_04JUL2025.xls,False,9908.94472361809,18
2025-06-17,GOLDM,2025-07-04,98440.0,99090.0,98260.0,98911.0,98594.0,38156,27147,376532.01,GOLDM_04JUL2025.xls,False,9940.804020100502,17
2025-06-18,GOLDM,2025-07-04,98905.0,99250.0,98617.0,99045.0,98911.0,34285,26412,339302.69,GOLDM_04JUL2025.xls,False,9954.27135678392,16
2025-06-19,GOLDM,2025-07-04,98800.0,99040.0,98254.0,98868.0,99045.0,33811,24222,333764.21,GOLDM_04JUL2025.xls,False,9936.4824120603,15
2025-06-20,GOLDM,2025-07-04,98680.0,98680.0,98017.0,98574.0,98868.0,32491,24246,319562.2,GOLDM_04JUL2025.xls,False,9906.934673366834,14
2025-06-23,GOLDM,2025-07-04,98573.0,99231.0,98350.0,98852.0,98574.0,37025,22870,365913.06,GOLDM_04JUL2025.xls,False,9934.874371859298,11
2025-06-24,GOLDM,2025-07-04,98111.0,98294.0,96265.0,96521.0,98852.0,46784,21424,453519.48,GOLDM_04JUL2025.xls,False,9700.603015075378,10
2025-06-25,GOLDM,2025-07-04,96926.0,96999.0,96483.0,96760.0,96521.0,25767,19382,249254.46,GOLDM_04JUL2025.xls,False,9724.62311557789,9
2025-06-26,GOLDM,2025-07-04,97010.0,97079.0,96028.0,96452.0,96760.0,20511,17388,197972.98,GOLDM_04JUL2025.xls,False,9693.668341708544,8
2025-06-27,GOLDM,2025-07-04,95910.0,95910.0,94518.0,94908.0,96452.0,27196,12564,258787.18,GOLDM_04JUL2025.xls,False,9538.492462311557,7
2025-06-30,GOLDM,2025-07-04,95100.0,95765.0,94778.0,95678.0,94908.0,9095,10325,86682.36,GOLDM_04JUL2025.xls,False,9615.879396984925,4
2025-07-01,GOLDM,2025-07-04,96379.0,97242.0,96201.0,96860.0,95678.0,1251,2879,12076.69,GOLDM_04JUL2025.xls,False,9734.673366834171,3
2025-07-02,GOLDM,2025-07-04,96830.0,97130.0,96700.0,96997.0,96860.0,1152,1518,11163.24,GOLDM_04JUL2025.xls,False,9748.442211055277,2
2025-07-03,GOLDM,2025-07-04,97125.0,97406.0,96250.0,96533.0,96997.0,324,1130,3136.3,GOLDM_04JUL2025.xls,False,9701.80904522613,1
2025-07-04,GOLDM,2025-07-04,97097.0,97200.0,96602.0,96944.0,96533.0,99,261,958.63,GOLDM_04JUL2025.xls,False,9743.115577889446,0
2025-05-06,GOLDM,2025-08-05,96500.0,98190.0,96443.0,98135.0,96560.0,747,273,7265.08,GOLDM_05AUG2025.xls,False,9862.814070351758,91
2025-05-07,GOLDM,2025-08-05,97287.0,98030.0,97265.0,97773.0,98135.0,557,370,5440.14,GOLDM_05AUG2025.xls,False,9826.432160804019,90
2025-05-08,GOLDM,2025-08-05,97930.0,97953.0,96160.0,96972.0,97773.0,1302,542,12651.61,GOLDM_05AUG2025.xls,False,9745.929648241206,89
2025-05-09,GOLDM,2025-08-05,96841.0,97470.0,96613.0,97225.0,96972.0,623,598,6045.19,GOLDM_05AUG2025.xls,False,9771.356783919598,88
2025-05-12,GOLDM,2025-08-05,96370.0,96372.0,93205.0,93668.0,97225.0,2776,1398,26125.15,GOLDM_05AUG2025.xls,False,9413.869346733667,85
2025-05-13,GOLDM,2025-08-05,93651.0,94950.0,93651.0,94406.0,93668.0,1994,1398,18839.21,GOLDM_05AUG2025.xls,False,9488.040201005026,84
2025-05-14,GOLDM,2025-08-05,93995.0,94425.0,92816.0,93059.0,94406.0,2968,2316,27757.05,GOLDM_05AUG2025.xls,False,9352.663316582913,83
2025-05-15,GOLDM,2025-08-05,92380.0,94238.0,91700.0,93928.0,93059.0,5118,2703,47512.61,GOLDM_05AUG2025.xls,False,9440.0,82
2025-05-16,GOLDM,2025-08-05,93602.0,94329.0,92518.0,93276.0,93928.0,4408,3324,41171.21,GOLDM_05AUG2025.xls,False,9374.472361809045,81
2025-05-19,GOLDM,2025-08-05,93830.0,94600.0,93780.0,94139.0,93276.0,3204,3205,30193.69,GOLDM_05AUG2025.xls,False,9461.206030150754,78
2025-05-20,GOLDM,2025-08-05,93793.0,95800.0,93700.0,95718.0,94139.0,6171,4214,58543.76,GOLDM_05AUG2025.xls,False,9619.899497487437,77
2025-05-21,GOLDM,2025-08-05,95959.0,96651.0,95941.0,96511.0,95718.0,5001,4896,48200.0,GOLDM_05AUG2025.xls,False,9699.597989949749,76
2025-05-22,GOLDM,2025-08-05,96655.0,97310.0,96090.0,96400.0,96511.0,5726,5245,55397.42,GOLDM_05AUG2025.xls,False,9688.442211055277,75
2025-05-23,GOLDM,2025-08-05,96356.0,97448.0,96356.0,97277.0,96400.0,5338,6101,51780.87,GOLDM_05AUG2025.xls,False,9776.582914572866,74
2025-05-26,GOLDM,2025-08-05,97000.0,97000.0,96360.0,96724.0,97277.0,3505,6022,33873.66,GOLDM_05AUG2025.xls,False,9721.005025125627,71
2025-05-27,GOLDM,2025-08-05,96673.0,96937.0,95700.0,95941.0,96724.0,6322,6041,60770.0,GOLDM_05AUG2025.xls,False,9642.311557788946,70
2025-05-28,GOLDM,2025-08-05,95935.0,96578.0,95786.0,95950.0,95941.0,5251,6562,50516.79,GOLDM_05AUG2025.xls,False,9643.21608040201,69
2025-05-29,GOLDM,2025-08-05,95650.0,96596.0,95266.0,96432.0,95950.0,10259,7922,98443.09,GOLDM_05AUG2025.xls,False,9691.658291457286,68
2025-05-30,GOLDM,2025-08-05,95973.0,96240.0,95452.0,95871.0,96432.0,11812,8212,113189.23,GOLDM_05AUG2025.xls,False,9635.276381909549,67
2025-06-02,GOLDM,2025-08-05,96122.0,97971.0,96062.0,97887.0,95871.0,19642,11753,191073.86,GOLDM_05AUG2025.xls,False,9837.88944723618,64
2025-06-03,GOLDM,2025-08-05,97635.0,97887.0,97205.0,97652.0,97887.0,8980,12017,87647.16,GOLDM_05AUG2025.xls,False,9814.27135678392,63
2025-06-04,GOLDM,2025-08-05,97914.0,98591.0,97650.0,98494.0,97652.0,13138,14083,128895.71,GOLDM_05AUG2025.xls,False,9898.894472361808,62
2025-06-05,GOLDM,2025-08-05,98425.0,99131.0,97555.0,97847.0,98494.0,18248,13527,179457.08,GOLDM_05AUG2025.xls,False,9833.869346733669,61
2025-06-06,GOLDM,2025-08-05,98131.0,98500.0,96850.0,97052.0,97847.0,15090,12141,147256.53,GOLDM_05AUG2025.xls,False,9753.969849246232,60
2025-06-09,GOLDM,2025-08-05,96688.0,97268.0,96306.0,97161.0,97052.0,9441,12032,91348.01,GOLDM_05AUG2025.xls,False,9764.924623115578,57
2025-06-10,GOLDM,2025-08-05,96900.0,97452.0,96311.0,96906.0,97161.0,13671,12393,132474.14,GOLDM_05AUG2025.xls,False,9739.29648241206,56
2025-06-11,GOLDM,2025-08-05,97180.0,97600.0,96649.0,96731.0,96906.0,14366,12836,139553.99,GOLDM_05AUG2025.xls,False,9721.708542713568,55
2025-06-12,GOLDM,2025-08-05,97332.0,98635.0,97301.0,98360.0,96731.0,23627,15729,231719.34,GOLDM_05AUG2025.xls,False,9885.427135678392,54
2025-06-13,GOLDM,2025-08-05,98700.0,100638.0,98635.0,100229.0,98360.0,20561,17702,205850.79,GOLDM_05AUG2025.xls,False,10073.266331658291,53
2025-06-16,GOLDM,2025-08-05,100499.0,100548.0,98810.0,99138.0,100229.0,17535,17121,174643.93,GOLDM_05AUG2025.xls,False,9963.61809045226,50
2025-06-17,GOLDM,2025-08-05,98901.0,99600.0,98804.0,99489.0,99138.0,15062,17450,149435.6,GOLDM_05AUG2025.xls,False,9998.894472361808,49
2025-06-18,GOLDM,2025-08-05,99347.0,99724.0,99120.0,99525.0,99489.0,12617,18055,125489.94,GOLDM_05AUG2025.xls,False,10002.51256281407,48
2025-06-19,GOLDM,2025-08-05,99309.0,99717.0,98664.0,99349.0,99525.0,18969,18659,188171.61,GOLDM_05AUG2025.xls,False,9984.824120603014,47
2025-06-20,GOLDM,2025-08-05,99205.0,99205.0,98455.0,99085.0,99349.0,19987,18274,197494.63,GOLDM_05AUG2025.xls,False,9958.291457286432,46
2025-06-23,GOLDM,2025-08-05,99298.0,99765.0,98835.0,99385.0,99085.0,30252,19607,300545.96,GOLDM_05AUG2025.xls,False,9988.442211055277,43
2025-06-24,GOLDM,2025-08-05,99150.0,99150.0,96706.0,97048.0,99385.0,45003,23154,438566.78,GOLDM_05AUG2025.xls,False,9753.56783919598,42
2025-06-25,GOLDM,2025-08-05,97391.0,97510.0,97054.0,97396.0,97048.0,17780,22587,173017.14,GOLDM_05AUG2025.xls,False,9788.54271356784,41
2025-06-26,GOLDM,2025-08-05,97600.0,97648.0,96650.0,97108.0,97396.0,27382,26869,265990.57,GOLDM_05AUG2025.xls,False,9759.597989949749,40
2025-06-27,GOLDM,2025-08-05,97000.0,97000.0,95050.0,95536.0,97108.0,49376,38943,472572.6,GOLDM_05AUG2025.xls,False,9601.608040201005,39
2025-06-30,GOLDM,2025-08-05,95794.0,96199.0,95426.0,96090.0,95536.0,35155,37153,337210.71,GOLDM_05AUG2025.xls,False,9657.286432160805,36
2025-07-01,GOLDM,2025-08-05,96298.0,97623.0,96298.0,97239.0,96090.0,46217,32248,448975.19,GOLDM_05AUG2025.xls,False,9772.763819095477,35
2025-07-02,GOLDM,2025-08-05,97198.0,97459.0,96962.0,97351.0,97239.0,31271,34166,304098.33,GOLDM_05AUG2025.xls,False,9784.020100502514,34
2025-07-03,GOLDM,2025-08-05,97499.0,97795.0,96465.0,96801.0,97351.0,46469,34577,451007.03,GOLDM_05AUG2025.xls,False,9728.743718592965,33
2025-07-04,GOLDM,2025-08-05,96894.0,97100.0,96801.0,96967.0,96801.0,16898,35026,163831.47,GOLDM_05AUG2025.xls,False,9745.427135678392,32
2025-07-07,GOLDM,2025-08-05,96500.0,97289.0,96350.0,97231.0,96967.0,30663,35069,296566.57,GOLDM_05AUG2025.xls,False,9771.959798994976,29
2025-07-08,GOLDM,2025-08-05,97001.0,97228.0,96051.0,96485.0,97231.0,38763,37517,374526.91,GOLDM_05AUG2025.xls,False,9696.984924623115,28
2025-07-09,GOLDM,2025-08-05,96600.0,96600.0,95836.0,96451.0,96485.0,32799,37850,315519.59,GOLDM_05AUG2025.xls,False,9693.567839195981,27
2025-07-10,GOLDM,2025-08-05,96540.0,96944.0,96359.0,96678.0,96451.0,28271,36435,273463.15,GOLDM_05AUG2025.xls,False,9716.381909547737,26
2025-07-11,GOLDM,2025-08-05,96938.0,97993.0,96938.0,97759.0,96678.0,44005,31458,429095.97,GOLDM_05AUG2025.xls,False,9825.02512562814,25
2025-07-14,GOLDM,2025-08-05,97799.0,98398.0,97501.0,97749.0,97759.0,30766,31270,301491.54,GOLDM_05AUG2025.xls,False,9824.020100502512,22
2025-07-15,GOLDM,2025-08-05,97779.0,98045.0,97027.0,97214.0,97749.0,36738,30250,358463.84,GOLDM_05AUG2025.xls,False,9770.251256281406,21
2025-07-16,GOLDM,2025-08-05,97011.0,98239.0,96600.0,97758.0,97214.0,40993,28595,400149.94,GOLDM_05AUG2025.xls,False,9824.924623115578,20
2025-07-17,GOLDM,2025-08-05,97482.0,97634.0,96838.0,97454.0,97758.0,33760,29694,328278.31,GOLDM_05AUG2025.xls,False,9794.371859296481,19
2025-07-18,GOLDM,2025-08-05,96968.0,98100.0,96967.0,97965.0,97454.0,26856,27917,262762.1,GOLDM_05AUG2025.xls,False,9845.72864321608,18
2025-07-21,GOLDM,2025-08-05,97965.0,99348.0,97965.0,99217.0,97965.0,39403,29774,389184.2,GOLDM_05AUG2025.xls,False,9971.557788944725,15
2025-07-22,GOLDM,2025-08-05,99350.0,100238.0,98960.0,100168.0,99217.0,41357,31519,412127.4,GOLDM_05AUG2025.xls,False,10067.135678391958,14
2025-07-23,GOLDM,2025-08-05,100157.0,100421.0,99123.0,99304.0,100168.0,39711,25670,396570.68,GOLDM_05AUG2025.xls,False,9980.301507537688,13
2025-07-24,GOLDM,2025-08-05,99010.0,99011.0,98235.0,98668.0,99304.0,30887,21337,304736.87,GOLDM_05AUG2025.xls,False,9916.381909547737,12
2025-07-25,GOLDM,2025-08-05,98490.0,98590.0,97682.0,97842.0,98668.0,30927,17545,303363.78,GOLDM_05AUG2025.xls,False,9833.366834170854,11
2025-07-28,GOLDM,2025-08-05,97905.0,98100.0,97255.0,97505.0,97842.0,19205,16086,187719.52,GOLDM_05AUG2025.xls,False,9799.497487437186,8
2025-07-29,GOLDM,2025-08-05,97577.0,98244.0,97523.0,98125.0,97505.0,19819,11607,193958.16,GOLDM_05AUG2025.xls,False,9861.809045226131,7
2025-07-30,GOLDM,2025-08-05,98455.0,98750.0,97706.0,98003.0,98125.0,7875,8277,77382.82,GOLDM_05AUG2025.xls,False,9849.547738693467,6
2025-07-31,GOLDM,2025-08-05,98003.0,98280.0,97700.0,97868.0,98003.0,1242,1781,12166.04,GOLDM_05AUG2025.xls,False,9835.979899497486,5
2025-08-01,GOLDM,2025-08-05,97981.0,99002.0,97500.0,98756.0,97868.0,607,1217,5944.19,GOLDM_05AUG2025.xls,False,9925.226130653267,4
2025-08-04,GOLDM,2025-08-05,99083.0,100540.0,99083.0,100202.0,98756.0,247,392,2460.4,GOLDM_05AUG2025.xls,False,10070.552763819096,1
2025-08-05,GOLDM,2025-08-05,100140.0,101168.0,99650.0,100452.0,100202.0,148,200,1483.7,GOLDM_05AUG2025.xls,False,10095.6783919598,0
2026-06-08,GOLDM,2026-12-04,159850.0,161828.0,159850.0,160966.0,163129.0,3,2,48.29,GOLDM_04DEC2026.xls,False,16177.48743718593,179
2026-06-09,GOLDM,2026-12-04,159709.0,159709.0,159600.0,159655.0,160966.0,2,2,31.93,GOLDM_04DEC2026.xls,False,16045.72864321608,178
2026-06-10,GOLDM,2026-12-04,156333.0,156333.0,154900.0,155557.0,159655.0,9,7,140.0,GOLDM_04DEC2026.xls,False,15633.869346733669,177
2026-06-11,GOLDM,2026-12-04,153793.0,157482.0,153310.0,155388.0,155557.0,24,12,370.63,GOLDM_04DEC2026.xls,False,15616.884422110552,176
2026-06-12,GOLDM,2026-12-04,156356.0,157516.0,156356.0,156808.0,155388.0,5,14,78.4,GOLDM_04DEC2026.xls,False,15759.597989949749,175
2026-06-15,GOLDM,2026-12-04,159704.0,160131.0,159704.0,159950.0,156808.0,7,17,111.97,GOLDM_04DEC2026.xls,False,16075.37688442211,172
2026-06-16,GOLDM,2026-12-04,160210.0,160330.0,159484.0,160014.0,159950.0,9,18,144.01,GOLDM_04DEC2026.xls,False,16081.80904522613,171
2026-06-17,GOLDM,2026-12-04,160450.0,160450.0,160450.0,160450.0,160014.0,1,19,16.05,GOLDM_04DEC2026.xls,False,16125.628140703519,170
2026-06-18,GOLDM,2026-12-04,159818.0,159818.0,155836.0,156683.0,160450.0,18,19,283.83,GOLDM_04DEC2026.xls,False,15747.035175879397,169
2026-06-19,GOLDM,2026-12-04,154110.0,154500.0,152955.0,154429.0,156683.0,19,30,292.53,GOLDM_04DEC2026.xls,False,15520.502512562814,168
2026-06-22,GOLDM,2026-12-04,154875.0,156070.0,154737.0,155759.0,154429.0,16,33,248.91,GOLDM_04DEC2026.xls,False,15654.170854271357,165
2026-06-23,GOLDM,2026-12-04,153740.0,154071.0,152813.0,153209.0,155759.0,19,39,291.33,GOLDM_04DEC2026.xls,False,15397.88944723618,164
2026-06-24,GOLDM,2026-12-04,151553.0,152429.0,147673.0,148845.0,153209.0,78,69,1169.09,GOLDM_04DEC2026.xls,False,14959.29648241206,163
2026-06-25,GOLDM,2026-12-04,147551.0,150010.0,147244.0,149822.0,148845.0,70,75,1041.45,GOLDM_04DEC2026.xls,False,15057.48743718593,162
2026-06-26,GOLDM,2026-12-04,150549.0,151401.0,149998.0,150996.0,149822.0,41,88,618.58,GOLDM_04DEC2026.xls,False,15175.477386934674,161
2026-06-29,GOLDM,2026-12-04,150239.0,150763.0,149100.0,149382.0,150996.0,30,100,449.8,GOLDM_04DEC2026.xls,False,15013.266331658293,158
2026-06-30,GOLDM,2026-12-04,147900.0,150299.0,147680.0,149366.0,149382.0,97,115,1447.54,GOLDM_04DEC2026.xls,False,15011.658291457286,157
2026-07-01,GOLDM,2026-12-04,149100.0,152117.0,147700.0,151322.0,149366.0,174,117,2613.99,GOLDM_04DEC2026.xls,False,15208.241206030152,156
2026-07-02,GOLDM,2026-12-04,151180.0,153309.0,150966.0,152697.0,151322.0,118,142,1794.68,GOLDM_04DEC2026.xls,False,15346.43216080402,155
2026-07-03,GOLDM,2026-12-04,154745.0,154990.0,153750.0,154067.0,152697.0,120,154,1852.97,GOLDM_04DEC2026.xls,False,15484.120603015077,154
2026-07-06,GOLDM,2026-12-04,154000.0,154213.0,153250.0,153654.0,154067.0,120,192,1846.39,GOLDM_04DEC2026.xls,False,15442.613065326634,151
2026-07-07,GOLDM,2026-12-04,153231.0,153288.0,151965.0,152173.0,153654.0,120,182,1829.2,GOLDM_04DEC2026.xls,False,15293.768844221106,150
2026-07-08,GOLDM,2026-12-04,151980.0,152129.0,149300.0,150340.0,152173.0,151,205,2270.63,GOLDM_04DEC2026.xls,False,15109.547738693467,149
2026-07-09,GOLDM,2026-12-04,150065.0,152002.0,149892.0,151902.0,150340.0,71,204,1073.79,GOLDM_04DEC2026.xls,False,15266.532663316584,148
2026-07-10,GOLDM,2026-12-04,151759.0,151759.0,149320.0,149380.0,151902.0,206,250,3092.86,GOLDM_04DEC2026.xls,False,15013.065326633166,147
2026-07-13,GOLDM,2026-12-04,148267.0,148550.0,145281.0,145556.0,149380.0,882,523,12978.4,GOLDM_04DEC2026.xls,False,14628.743718592965,144
2026-07-14,GOLDM,2026-12-04,146101.0,147606.0,144544.0,146814.0,145556.0,1372,669,20013.47,GOLDM_04DEC2026.xls,False,14755.175879396984,143
2026-07-15,GOLDM,2026-12-04,145848.0,146296.0,144346.0,145199.0,146814.0,1552,1109,22509.3,GOLDM_04DEC2026.xls,False,14592.86432160804,142
2026-07-16,GOLDM,2026-12-04,144611.0,145317.0,141601.0,142061.0,145199.0,1576,1520,22581.24,GOLDM_04DEC2026.xls,False,14277.48743718593,141
2026-07-17,GOLDM,2026-12-04,142194.0,142900.0,141151.0,142394.0,142061.0,1697,1861,24123.68,GOLDM_04DEC2026.xls,False,14310.954773869347,140
2026-07-20,GOLDM,2026-12-04,142782.0,144549.0,142520.0,143677.0,142394.0,849,1773,12200.61,GOLDM_04DEC2026.xls,False,14439.899497487439,137
2026-07-21,GOLDM,2026-12-04,144649.0,145823.0,144500.0,145369.0,143677.0,563,1708,8174.87,GOLDM_04DEC2026.xls,False,14609.949748743718,136
2026-07-22,GOLDM,2026-12-04,147199.0,148989.0,146993.0,148674.0,145369.0,699,1616,10334.21,GOLDM_04DEC2026.xls,False,14942.11055276382,135
2026-07-23,GOLDM,2026-12-04,148518.0,148518.0,145142.0,145518.0,148674.0,681,1814,9988.64,GOLDM_04DEC2026.xls,False,14624.924623115578,134
2026-07-24,GOLDM,2026-12-04,144800.0,146049.0,144255.0,145562.0,145518.0,788,1868,11447.39,GOLDM_04DEC2026.xls,False,14629.346733668342,133
2026-07-27,GOLDM,2026-12-04,147569.0,147569.0,145416.0,145596.0,145562.0,390,1927,5697.92,GOLDM_04DEC2026.xls,False,14632.763819095479,130
2026-07-28,GOLDM,2026-12-04,144448.0,144911.0,143987.0,144319.0,145596.0,655,2125,9461.39,GOLDM_04DEC2026.xls,False,14504.422110552763,129
2026-07-29,GOLDM,2026-12-04,144319.0,144930.0,143430.0,144673.0,144319.0,586,2149,8453.06,GOLDM_04DEC2026.xls,False,14540.0,128
2026-07-30,GOLDM,2026-12-04,144681.0,146371.0,144348.0,146232.0,144673.0,823,2265,11998.13,GOLDM_04DEC2026.xls,False,14696.683417085427,127
2026-07-31,GOLDM,2026-12-04,145522.0,145750.0,144345.0,144796.0,146232.0,1239,2751,17975.19,GOLDM_04DEC2026.xls,False,14552.361809045227,126
2026-08-03,GOLDM,2026-12-04,145123.0,145344.0,144038.0,144407.0,144796.0,826,3120,11965.32,GOLDM_04DEC2026.xls,False,14513.266331658293,123
2026-08-04,GOLDM,2026-12-04,145297.0,145887.0,144773.0,145606.0,144407.0,749,3125,10883.34,GOLDM_04DEC2026.xls,False,14633.768844221106,122
2026-08-05,GOLDM,2026-12-04,146459.0,151473.0,146354.0,149944.0,145606.0,2275,2727,33818.11,GOLDM_04DEC2026.xls,False,15069.748743718592,121
2026-08-06,GOLDM,2026-12-04,150740.0,151545.0,149553.0,150152.0,149944.0,1953,2901,29403.71,GOLDM_04DEC2026.xls,False,15090.65326633166,120
2026-08-07,GOLDM,2026-12-04,150699.0,154145.0,150474.0,153415.0,150152.0,2519,2733,38449.72,GOLDM_04DEC2026.xls,False,15418.59296482412,119
2026-08-10,GOLDM,2026-12-04,153755.0,154800.0,153000.0,154635.0,153415.0,1909,2851,29411.47,GOLDM_04DEC2026.xls,False,15541.206030150754,116
2026-08-11,GOLDM,2026-12-04,156551.0,156789.0,154849.0,155610.0,154635.0,2036,2971,31732.42,GOLDM_04DEC2026.xls,False,15639.195979899498,115
2026-08-12,GOLDM,2026-12-04,156500.0,157501.0,155675.0,156736.0,155610.0,1974,3055,30940.21,GOLDM_04DEC2026.xls,False,15752.361809045227,114
2026-08-13,GOLDM,2026-12-04,156801.0,156961.0,155235.0,155475.0,156736.0,1395,3162,21754.16,GOLDM_04DEC2026.xls,False,15625.628140703519,113
2026-08-14,GOLDM,2026-12-04,155000.0,156810.0,153974.0,156503.0,155475.0,1717,3307,26705.53,GOLDM_04DEC2026.xls,False,15728.94472361809,112
2026-08-17,GOLDM,2026-12-04,156948.0,158025.0,156501.0,157851.0,156503.0,1904,3460,29959.58,GOLDM_04DEC2026.xls,False,15864.422110552765,109
2026-08-18,GOLDM,2026-12-04,157325.0,157679.0,156120.0,156344.0,157851.0,1118,3727,17546.01,GOLDM_04DEC2026.xls,False,15712.964824120603,108
2026-08-19,GOLDM,2026-12-04,156078.0,160158.0,155380.0,159843.0,156344.0,3481,3523,55176.73,GOLDM_04DEC2026.xls,False,16064.62311557789,107
2026-08-20,GOLDM,2026-12-04,160100.0,161991.0,159100.0,161435.0,159843.0,2824,3693,45371.02,GOLDM_04DEC2026.xls,False,16224.62311557789,106
2026-08-21,GOLDM,2026-12-04,162055.0,164759.0,161731.0,164494.0,161435.0,4604,4033,75193.07,GOLDM_04DEC2026.xls,False,16532.06030150754,105
2026-08-24,GOLDM,2026-12-04,165146.0,167125.0,165144.0,165723.0,164494.0,4478,4118,74375.33,GOLDM_04DEC2026.xls,False,16655.577889447235,102
2026-08-25,GOLDM,2026-12-04,165724.0,166178.0,163956.0,165103.0,165723.0,3543,4931,58478.25,GOLDM_04DEC2026.xls,False,16593.26633165829,101
2026-08-26,GOLDM,2026-12-04,165483.0,165483.0,160800.0,161519.0,165103.0,3487,5567,57019.31,GOLDM_04DEC2026.xls,False,16233.065326633165,100
2026-08-27,GOLDM,2026-12-04,162772.0,162864.0,158478.0,160611.0,161519.0,3756,5682,60261.25,GOLDM_04DEC2026.xls,False,16141.809045226131,99
2026-08-28,GOLDM,2026-12-04,160316.0,161611.0,157665.0,158229.0,160611.0,4193,6244,66934.58,GOLDM_04DEC2026.xls,False,15902.412060301507,98
2026-08-31,GOLDM,2026-12-04,156586.0,157500.0,155296.0,155851.0,158229.0,2920,6566,45556.03,GOLDM_04DEC2026.xls,False,15663.417085427136,95
2026-09-01,GOLDM,2026-12-04,155966.0,156327.0,153222.0,153572.0,155851.0,2685,6801,41482.83,GOLDM_04DEC2026.xls,False,15434.371859296483,94
2026-09-02,GOLDM,2026-12-04,152624.0,154598.0,151403.0,154399.0,153572.0,3302,6786,50529.81,GOLDM_04DEC2026.xls,False,15517.48743718593,93
2026-09-03,GOLDM,2026-12-04,154764.0,158145.0,154764.0,157749.0,154399.0,3344,6678,52365.59,GOLDM_04DEC2026.xls,False,15854.170854271357,92
2026-09-04,GOLDM,2026-12-04,157001.0,157652.0,153232.0,154443.0,157749.0,3968,6971,61491.61,GOLDM_04DEC2026.xls,False,15521.909547738693,91
2026-09-07,GOLDM,2026-12-04,154429.0,154998.0,153621.0,154426.0,154443.0,1475,7058,22755.49,GOLDM_04DEC2026.xls,False,15520.201005025127,88
2026-09-08,GOLDM,2026-12-04,154984.0,155749.0,154250.0,154460.0,154426.0,1592,7320,24661.24,GOLDM_04DEC2026.xls,False,15523.61809045226,87
2026-09-09,GOLDM,2026-12-04,154198.0,155800.0,153843.0,155436.0,154460.0,2563,7380,39752.87,GOLDM_04DEC2026.xls,False,15621.708542713568,86
2026-09-10,GOLDM,2026-12-04,155436.0,156159.0,153183.0,154202.0,155436.0,2366,7290,36600.53,GOLDM_04DEC2026.xls,False,15497.688442211056,85
2026-09-11,GOLDM,2026-12-04,152701.0,155516.0,152473.0,154383.0,154202.0,4534,7295,69868.17,GOLDM_04DEC2026.xls,False,15515.879396984925,84
2026-09-14,GOLDM,2026-12-04,153457.0,153457.0,151445.0,152861.0,154383.0,3029,7576,46145.91,GOLDM_04DEC2026.xls,False,15362.914572864322,81
2026-09-15,GOLDM,2026-12-04,152695.0,153327.0,151758.0,152377.0,152861.0,2195,7760,33432.97,GOLDM_04DEC2026.xls,False,15314.27135678392,80
2026-09-16,GOLDM,2026-12-04,152969.0,154613.0,152969.0,154220.0,152377.0,2983,7271,45868.1,GOLDM_04DEC2026.xls,False,15499.497487437186,79
2026-09-17,GOLDM,2026-12-04,152747.0,155000.0,152110.0,154658.0,154220.0,4674,8006,71756.35,GOLDM_04DEC2026.xls,False,15543.517587939697,78
2026-09-18,GOLDM,2026-12-04,154351.0,156300.0,153855.0,156159.0,154658.0,6064,8161,94271.14,GOLDM_04DEC2026.xls,False,15694.371859296481,77
2026-09-21,GOLDM,2026-12-04,155574.0,155999.0,154760.0,155128.0,156159.0,4398,9069,68333.72,GOLDM_04DEC2026.xls,False,15590.75376884422,74
2026-09-22,GOLDM,2026-12-04,155339.0,155410.0,153801.0,154889.0,155128.0,3854,9349,59596.0,GOLDM_04DEC2026.xls,False,15566.733668341709,73
2026-09-23,GOLDM,2026-12-04,155076.0,155076.0,153300.0,153580.0,154889.0,3272,9446,50374.85,GOLDM_04DEC2026.xls,False,15435.175879396986,72
2026-09-24,GOLDM,2026-12-04,153699.0,153699.0,152433.0,152994.0,153580.0,4771,9601,72977.98,GOLDM_04DEC2026.xls,False,15376.281407035176,71
2026-09-25,GOLDM,2026-12-04,153300.0,154499.0,152770.0,153358.0,152994.0,7344,9575,112736.44,GOLDM_04DEC2026.xls,False,15412.86432160804,70
2026-07-06,GOLDM,2027-01-05,156330.0,156330.0,155490.0,155743.0,154750.0,5,3,77.87,GOLDM_05JAN2027.xls,False,15652.56281407035,183
2026-07-07,GOLDM,2027-01-05,,,,155743.0,155743.0,0,3,0.0,GOLDM_05JAN2027.xls,True,15652.56281407035,182
2026-07-08,GOLDM,2027-01-05,152092.0,152400.0,151381.0,151978.0,154074.0,12,4,182.39,GOLDM_05JAN2027.xls,False,15274.170854271357,181
2026-07-09,GOLDM,2027-01-05,152146.0,153544.0,152027.0,152586.0,151978.0,10,8,152.59,GOLDM_05JAN2027.xls,False,15335.276381909549,180
2026-07-10,GOLDM,2027-01-05,152900.0,152969.0,152900.0,152923.0,152586.0,3,9,45.88,GOLDM_05JAN2027.xls,False,15369.145728643216,179
2026-07-13,GOLDM,2027-01-05,149876.0,150150.0,148337.0,149118.0,152923.0,21,28,313.9,GOLDM_05JAN2027.xls,False,14986.733668341707,176
2026-07-14,GOLDM,2027-01-05,148313.0,148810.0,146888.0,147561.0,149118.0,22,46,325.4,GOLDM_05JAN2027.xls,False,14830.251256281408,175
2026-07-15,GOLDM,2027-01-05,147514.0,147514.0,145902.0,146233.0,147561.0,40,56,585.72,GOLDM_05JAN2027.xls,False,14696.783919597989,174
2026-07-16,GOLDM,2027-01-05,145745.0,146663.0,142800.0,143240.0,146233.0,74,81,1068.23,GOLDM_05JAN2027.xls,False,14395.979899497488,173
2026-07-17,GOLDM,2027-01-05,142891.0,143712.0,142500.0,143401.0,143240.0,65,72,931.41,GOLDM_05JAN2027.xls,False,14412.1608040201,172
2026-07-20,GOLDM,2027-01-05,143601.0,145100.0,143601.0,144696.0,143401.0,27,72,389.99,GOLDM_05JAN2027.xls,False,14542.311557788946,169
2026-07-21,GOLDM,2027-01-05,145021.0,146500.0,145021.0,146267.0,144696.0,63,82,919.63,GOLDM_05JAN2027.xls,False,14700.201005025127,168
2026-07-22,GOLDM,2027-01-05,148138.0,149639.0,147965.0,149531.0,146267.0,60,83,891.88,GOLDM_05JAN2027.xls,False,15028.24120603015,167
2026-07-23,GOLDM,2027-01-05,149084.0,149087.0,146190.0,146466.0,149531.0,91,111,1343.39,GOLDM_05JAN2027.xls,False,14720.201005025127,166
2026-07-24,GOLDM,2027-01-05,145966.0,146872.0,145218.0,146470.0,146466.0,71,138,1037.75,GOLDM_05JAN2027.xls,False,14720.603015075378,165
2026-07-27,GOLDM,2027-01-05,146503.0,147559.0,146361.0,146579.0,146470.0,82,155,1205.57,GOLDM_05JAN2027.xls,False,14731.557788944723,162
2026-07-28,GOLDM,2027-01-05,145677.0,145780.0,144921.0,145237.0,146579.0,113,222,1642.06,GOLDM_05JAN2027.xls,False,14596.683417085427,161
2026-07-29,GOLDM,2027-01-05,145238.0,145700.0,144313.0,145570.0,145237.0,105,266,1524.7,GOLDM_05JAN2027.xls,False,14630.150753768845,160
2026-07-30,GOLDM,2027-01-05,145538.0,147062.0,145108.0,147012.0,145570.0,139,247,2035.48,GOLDM_05JAN2027.xls,False,14775.075376884422,159
2026-07-31,GOLDM,2027-01-05,146196.0,146541.0,145264.0,145743.0,147012.0,223,407,3254.86,GOLDM_05JAN2027.xls,False,14647.537688442211,158
2026-08-03,GOLDM,2027-01-05,145987.0,146248.0,144928.0,145314.0,145743.0,105,474,1529.55,GOLDM_05JAN2027.xls,False,14604.422110552763,155
2026-08-04,GOLDM,2027-01-05,145993.0,146701.0,145700.0,146538.0,145314.0,91,476,1331.42,GOLDM_05JAN2027.xls,False,14727.437185929648,154
2026-08-05,GOLDM,2027-01-05,147324.0,151216.0,147195.0,150806.0,146538.0,551,441,8247.41,GOLDM_05JAN2027.xls,False,15156.38190954774,153
2026-08-06,GOLDM,2027-01-05,151164.0,152423.0,150454.0,151074.0,150806.0,389,490,5895.02,GOLDM_05JAN2027.xls,False,15183.316582914573,152
2026-08-07,GOLDM,2027-01-05,151623.0,155008.0,151622.0,154290.0,151074.0,557,488,8564.86,GOLDM_05JAN2027.xls,False,15506.532663316582,151
2026-08-10,GOLDM,2027-01-05,154101.0,155663.0,154073.0,155497.0,154290.0,378,530,5857.32,GOLDM_05JAN2027.xls,False,15627.839195979901,148
2026-08-11,GOLDM,2027-01-05,157097.0,157690.0,156000.0,156725.0,155497.0,481,606,7545.92,GOLDM_05JAN2027.xls,False,15751.256281407035,147
2026-08-12,GOLDM,2027-01-05,157849.0,158599.0,157000.0,157932.0,156725.0,509,616,8035.03,GOLDM_05JAN2027.xls,False,15872.562814070352,146
2026-08-13,GOLDM,2027-01-05,158068.0,158118.0,156594.0,156730.0,157932.0,268,680,4213.02,GOLDM_05JAN2027.xls,False,15751.75879396985,145
2026-08-14,GOLDM,2027-01-05,155723.0,157900.0,155363.0,157722.0,156730.0,301,676,4719.09,GOLDM_05JAN2027.xls,False,15851.457286432162,144
2026-08-17,GOLDM,2027-01-05,158179.0,159207.0,157661.0,158961.0,157722.0,395,732,6263.96,GOLDM_05JAN2027.xls,False,15975.979899497488,141
2026-08-18,GOLDM,2027-01-05,158452.0,158899.0,157381.0,157534.0,158961.0,355,829,5616.47,GOLDM_05JAN2027.xls,False,15832.562814070352,140
2026-08-19,GOLDM,2027-01-05,157534.0,161300.0,156700.0,161014.0,157534.0,814,799,13015.98,GOLDM_05JAN2027.xls,False,16182.311557788944,139
2026-08-20,GOLDM,2027-01-05,161399.0,163299.0,160352.0,162813.0,161014.0,825,970,13367.31,GOLDM_05JAN2027.xls,False,16363.115577889446,138
2026-08-21,GOLDM,2027-01-05,163370.0,166061.0,162938.0,165842.0,162813.0,1356,1114,22333.8,GOLDM_05JAN2027.xls,False,16667.53768844221,137
2026-08-24,GOLDM,2027-01-05,166732.0,168540.0,166349.0,167043.0,165842.0,1120,1130,18757.38,GOLDM_05JAN2027.xls,False,16788.24120603015,134
2026-08-25,GOLDM,2027-01-05,167211.0,167500.0,165362.0,166450.0,167043.0,757,1244,12590.9,GOLDM_05JAN2027.xls,False,16728.643216080403,133
2026-08-26,GOLDM,2027-01-05,166872.0,166872.0,162000.0,162663.0,166450.0,626,1365,10318.29,GOLDM_05JAN2027.xls,False,16348.040201005024,132
2026-08-27,GOLDM,2027-01-05,164105.0,164105.0,159685.0,161740.0,162663.0,762,1422,12303.36,GOLDM_05JAN2027.xls,False,16255.276381909547,131
2026-08-28,GOLDM,2027-01-05,161098.0,162545.0,159001.0,159380.0,161740.0,591,1525,9488.47,GOLDM_05JAN2027.xls,False,16018.090452261307,130
2026-08-31,GOLDM,2027-01-05,154612.0,157950.0,154612.0,156918.0,159380.0,636,1622,9986.5,GOLDM_05JAN2027.xls,False,15770.653266331658,127
2026-09-01,GOLDM,2027-01-05,156784.0,157273.0,154236.0,154653.0,156918.0,889,1686,13807.66,GOLDM_05JAN2027.xls,False,15543.015075376883,126
2026-09-02,GOLDM,2027-01-05,153000.0,155640.0,152252.0,155515.0,154653.0,669,1767,10297.53,GOLDM_05JAN2027.xls,False,15629.64824120603,125
2026-09-03,GOLDM,2027-01-05,157015.0,159183.0,156419.0,158933.0,155515.0,826,1714,13028.02,GOLDM_05JAN2027.xls,False,15973.165829145728,124
2026-09-04,GOLDM,2027-01-05,158142.0,158802.0,154507.0,155564.0,158933.0,924,1846,14436.6,GOLDM_05JAN2027.xls,False,15634.572864321608,123
2026-09-07,GOLDM,2027-01-05,155195.0,156089.0,154898.0,155576.0,155564.0,358,1860,5564.8,GOLDM_05JAN2027.xls,False,15635.778894472362,120
2026-09-08,GOLDM,2027-01-05,156165.0,156826.0,155365.0,155625.0,155576.0,277,1890,4322.14,GOLDM_05JAN2027.xls,False,15640.70351758794,119
2026-09-09,GOLDM,2027-01-05,155261.0,156859.0,155257.0,156538.0,155625.0,348,1845,5435.91,GOLDM_05JAN2027.xls,False,15732.462311557789,118
2026-09-10,GOLDM,2027-01-05,156438.0,157153.0,154300.0,155321.0,156538.0,533,1882,8295.32,GOLDM_05JAN2027.xls,False,15610.150753768845,117
2026-09-11,GOLDM,2027-01-05,154492.0,156550.0,153640.0,155522.0,155321.0,792,1847,12279.36,GOLDM_05JAN2027.xls,False,15630.351758793971,116
2026-09-14,GOLDM,2027-01-05,154162.0,154226.0,152647.0,153945.0,155522.0,536,1939,8227.35,GOLDM_05JAN2027.xls,False,15471.859296482413,113
2026-09-15,GOLDM,2027-01-05,153965.0,154280.0,152925.0,153483.0,153945.0,414,1960,6351.12,GOLDM_05JAN2027.xls,False,15425.427135678392,112
2026-09-16,GOLDM,2027-01-05,154353.0,155757.0,154110.0,155349.0,153483.0,430,1877,6658.97,GOLDM_05JAN2027.xls,False,15612.964824120603,111
2026-09-17,GOLDM,2027-01-05,153757.0,156081.0,153450.0,155714.0,155349.0,689,1973,10659.65,GOLDM_05JAN2027.xls,False,15649.64824120603,110
2026-09-18,GOLDM,2027-01-05,155077.0,157440.0,155075.0,157254.0,155714.0,681,1987,10670.64,GOLDM_05JAN2027.xls,False,15804.422110552763,109
2026-09-21,GOLDM,2027-01-05,156699.0,157186.0,156038.0,156432.0,157254.0,574,2192,8989.2,GOLDM_05JAN2027.xls,False,15721.809045226131,106
2026-09-22,GOLDM,2027-01-05,156607.0,156646.0,155029.0,156112.0,156432.0,891,2365,13879.97,GOLDM_05JAN2027.xls,False,15689.64824120603,105
2026-09-23,GOLDM,2027-01-05,155961.0,156269.0,154601.0,154926.0,156112.0,974,2582,15125.36,GOLDM_05JAN2027.xls,False,15570.452261306533,104
2026-09-24,GOLDM,2027-01-05,155000.0,155000.0,153575.0,154239.0,154926.0,1288,2902,19850.3,GOLDM_05JAN2027.xls,False,15501.407035175878,103
2026-09-25,GOLDM,2027-01-05,154495.0,155606.0,153990.0,154576.0,154239.0,1225,3025,18927.14,GOLDM_05JAN2027.xls,False,15535.276381909549,102
2026-08-06,GOLDM,2027-02-05,,,,148400.0,148400.0,0,0,0.0,GOLDM_05FEB2027.xls,True,14914.572864321608,183
2026-08-07,GOLDM,2027-02-05,152976.0,155540.0,152720.0,154375.0,153170.0,14,6,215.5,GOLDM_05FEB2027.xls,False,15515.075376884422,182
2026-08-10,GOLDM,2027-02-05,155348.0,156772.0,155243.0,156460.0,154375.0,77,47,1201.54,GOLDM_05FEB2027.xls,False,15724.62311557789,179
2026-08-11,GOLDM,2027-02-05,158594.0,158705.0,157173.0,157931.0,156460.0,73,76,1153.92,GOLDM_05FEB2027.xls,False,15872.462311557789,178
2026-08-12,GOLDM,2027-02-05,158666.0,159565.0,158426.0,159021.0,157931.0,88,107,1399.34,GOLDM_05FEB2027.xls,False,15982.010050251256,177
2026-08-13,GOLDM,2027-02-05,159150.0,159150.0,157700.0,157965.0,159021.0,90,141,1424.93,GOLDM_05FEB2027.xls,False,15875.879396984925,176
2026-08-14,GOLDM,2027-02-05,156707.0,159020.0,156400.0,158790.0,157965.0,139,167,2197.47,GOLDM_05FEB2027.xls,False,15958.793969849246,175
2026-08-17,GOLDM,2027-02-05,159227.0,160363.0,158800.0,160201.0,158790.0,148,210,2363.16,GOLDM_05FEB2027.xls,False,16100.603015075378,172
2026-08-18,GOLDM,2027-02-05,159794.0,159993.0,158650.0,158905.0,160201.0,120,255,1912.31,GOLDM_05FEB2027.xls,False,15970.35175879397,171
2026-08-19,GOLDM,2027-02-05,158781.0,162410.0,157863.0,162137.0,158905.0,224,247,3602.89,GOLDM_05FEB2027.xls,False,16295.175879396986,170
2026-08-20,GOLDM,2027-02-05,162650.0,164524.0,161501.0,164062.0,162137.0,508,318,8286.01,GOLDM_05FEB2027.xls,False,16488.643216080403,169
2026-08-21,GOLDM,2027-02-05,164556.0,167399.0,164274.0,166941.0,164062.0,534,403,8853.06,GOLDM_05FEB2027.xls,False,16777.989949748742,168
2026-08-24,GOLDM,2027-02-05,167974.0,169849.0,167712.0,168402.0,166941.0,591,490,9972.23,GOLDM_05FEB2027.xls,False,16924.824120603014,165
2026-08-25,GOLDM,2027-02-05,168543.0,168840.0,166600.0,167604.0,168402.0,454,560,7606.4,GOLDM_05FEB2027.xls,False,16844.62311557789,164
2026-08-26,GOLDM,2027-02-05,167999.0,167999.0,163011.0,163649.0,167604.0,574,684,9520.9,GOLDM_05FEB2027.xls,False,16447.13567839196,163
2026-08-27,GOLDM,2027-02-05,165072.0,165365.0,160785.0,162732.0,163649.0,518,778,8410.99,GOLDM_05FEB2027.xls,False,16354.974874371861,162
2026-08-28,GOLDM,2027-02-05,162016.0,163500.0,159945.0,160523.0,162732.0,544,876,8793.33,GOLDM_05FEB2027.xls,False,16132.964824120603,161
2026-08-31,GOLDM,2027-02-05,158509.0,159002.0,157425.0,157985.0,160523.0,379,976,5993.15,GOLDM_05FEB2027.xls,False,15877.88944723618,158
2026-09-01,GOLDM,2027-02-05,157744.0,158249.0,155290.0,155717.0,157985.0,502,1098,7856.17,GOLDM_05FEB2027.xls,False,15649.94974874372,157
2026-09-02,GOLDM,2027-02-05,154009.0,156805.0,153632.0,156687.0,155717.0,468,1142,7254.05,GOLDM_05FEB2027.xls,False,15747.43718592965,156
2026-09-03,GOLDM,2027-02-05,158387.0,160266.0,157555.0,160151.0,156687.0,428,1089,6803.57,GOLDM_05FEB2027.xls,False,16095.577889447237,155
2026-09-04,GOLDM,2027-02-05,159687.0,159750.0,155848.0,156656.0,160151.0,581,1139,9151.45,GOLDM_05FEB2027.xls,False,15744.321608040202,154
2026-09-07,GOLDM,2027-02-05,156399.0,157089.0,155844.0,156646.0,156656.0,212,1171,3316.66,GOLDM_05FEB2027.xls,False,15743.316582914573,151
2026-09-08,GOLDM,2027-02-05,157200.0,157891.0,156500.0,156805.0,156646.0,122,1194,1916.0,GOLDM_05FEB2027.xls,False,15759.29648241206,150
2026-09-09,GOLDM,2027-02-05,156378.0,158031.0,156378.0,157693.0,156805.0,326,1171,5128.6,GOLDM_05FEB2027.xls,False,15848.542713567838,149
2026-09-10,GOLDM,2027-02-05,157502.0,158245.0,155548.0,156646.0,157693.0,188,1168,2948.52,GOLDM_05FEB2027.xls,False,15743.316582914573,148
2026-09-11,GOLDM,2027-02-05,156001.0,157700.0,154900.0,156797.0,156646.0,259,1177,4045.6,GOLDM_05FEB2027.xls,False,15758.492462311558,147
2026-09-14,GOLDM,2027-02-05,155000.0,155282.0,153947.0,155063.0,156797.0,223,1227,3447.65,GOLDM_05FEB2027.xls,False,15584.221105527638,144
2026-09-15,GOLDM,2027-02-05,155282.0,155484.0,154165.0,154610.0,155063.0,105,1232,1623.39,GOLDM_05FEB2027.xls,False,15538.693467336683,143
2026-09-16,GOLDM,2027-02-05,155470.0,156871.0,155305.0,156559.0,154610.0,412,1173,6432.58,GOLDM_05FEB2027.xls,False,15734.572864321608,142
2026-09-17,GOLDM,2027-02-05,154889.0,157340.0,154750.0,156918.0,156559.0,321,1203,5007.83,GOLDM_05FEB2027.xls,False,15770.653266331658,141
2026-09-18,GOLDM,2027-02-05,156323.0,158680.0,156323.0,158574.0,156918.0,372,1233,5875.61,GOLDM_05FEB2027.xls,False,15937.085427135678,140
2026-09-21,GOLDM,2027-02-05,157811.0,158543.0,157338.0,157707.0,158574.0,332,1315,5244.15,GOLDM_05FEB2027.xls,False,15849.94974874372,137
2026-09-22,GOLDM,2027-02-05,157700.0,157889.0,156485.0,157428.0,157707.0,278,1369,4369.53,GOLDM_05FEB2027.xls,False,15821.909547738693,136
2026-09-23,GOLDM,2027-02-05,157566.0,157671.0,156100.0,156367.0,157428.0,276,1473,4321.04,GOLDM_05FEB2027.xls,False,15715.276381909549,135
2026-09-24,GOLDM,2027-02-05,156377.0,156377.0,154975.0,155628.0,156367.0,438,1551,6815.26,GOLDM_05FEB2027.xls,False,15641.005025125627,134
2026-09-25,GOLDM,2027-02-05,156085.0,156983.0,155320.0,156019.0,155628.0,248,1543,3870.69,GOLDM_05FEB2027.xls,False,15680.301507537688,133
2025-01-01,GOLDPETAL,2025-04-30,,,,7777.0,7777.0,0,0,0.0,GOLDPETAL_30APR2025.xls,True,7784.784784784785,119
2025-01-02,GOLDPETAL,2025-04-30,7857.0,7880.0,7800.0,7870.0,7825.0,422,244,33.1,GOLDPETAL_30APR2025.xls,False,7877.877877877878,118
2025-01-03,GOLDPETAL,2025-04-30,7899.0,7899.0,7855.0,7869.0,7870.0,121,278,9.53,GOLDPETAL_30APR2025.xls,False,7876.876876876877,117
2025-01-06,GOLDPETAL,2025-04-30,7869.0,7898.0,7845.0,7880.0,7869.0,352,522,27.71,GOLDPETAL_30APR2025.xls,False,7887.887887887888,114
2025-01-07,GOLDPETAL,2025-04-30,7860.0,7900.0,7857.0,7867.0,7880.0,429,635,33.8,GOLDPETAL_30APR2025.xls,False,7874.874874874875,113
2025-01-08,GOLDPETAL,2025-04-30,7841.0,7899.0,7841.0,7878.0,7867.0,144,681,11.35,GOLDPETAL_30APR2025.xls,False,7885.885885885886,112
2025-01-09,GOLDPETAL,2025-04-30,7892.0,7920.0,7884.0,7908.0,7878.0,174,694,13.75,GOLDPETAL_30APR2025.xls,False,7915.915915915916,111
2025-01-10,GOLDPETAL,2025-04-30,7930.0,7958.0,7902.0,7931.0,7908.0,549,806,43.6,GOLDPETAL_30APR2025.xls,False,7938.938938938939,110
2025-01-13,GOLDPETAL,2025-04-30,7949.0,7989.0,7880.0,7923.0,7931.0,597,1018,47.48,GOLDPETAL_30APR2025.xls,False,7930.930930930931,107
2025-01-14,GOLDPETAL,2025-04-30,8084.0,8085.0,7930.0,7938.0,7923.0,120,1098,9.54,GOLDPETAL_30APR2025.xls,False,7945.945945945946,106
2025-01-15,GOLDPETAL,2025-04-30,7945.0,7986.0,7936.0,7979.0,7938.0,378,1149,30.13,GOLDPETAL_30APR2025.xls,False,7986.986986986987,105
2025-01-16,GOLDPETAL,2025-04-30,7980.0,8029.0,7980.0,8016.0,7979.0,773,1177,61.88,GOLDPETAL_30APR2025.xls,False,8024.024024024024,104
2025-01-17,GOLDPETAL,2025-04-30,8005.0,8019.0,7982.0,8010.0,8016.0,318,1127,25.44,GOLDPETAL_30APR2025.xls,False,8018.018018018018,103
2025-01-20,GOLDPETAL,2025-04-30,8009.0,8021.0,7982.0,7991.0,8010.0,254,1188,20.32,GOLDPETAL_30APR2025.xls,False,7998.998998998999,100
2025-01-21,GOLDPETAL,2025-04-30,8025.0,8025.0,7994.0,8002.0,7991.0,196,1229,15.69,GOLDPETAL_30APR2025.xls,False,8010.01001001001,99
2025-01-22,GOLDPETAL,2025-04-30,8018.0,8100.0,8002.0,8032.0,8002.0,690,1540,55.46,GOLDPETAL_30APR2025.xls,False,8040.04004004004,98
2025-01-23,GOLDPETAL,2025-04-30,8028.0,8040.0,8018.0,8025.0,8032.0,255,1697,20.46,GOLDPETAL_30APR2025.xls,False,8033.0330330330335,97
2025-01-24,GOLDPETAL,2025-04-30,8032.0,8100.0,8011.0,8055.0,8025.0,1153,2197,92.92,GOLDPETAL_30APR2025.xls,False,8063.063063063063,96
2025-01-27,GOLDPETAL,2025-04-30,8055.0,8098.0,8047.0,8052.0,8055.0,983,2813,79.28,GOLDPETAL_30APR2025.xls,False,8060.06006006006,93
2025-01-28,GOLDPETAL,2025-04-30,8050.0,8090.0,8046.0,8085.0,8052.0,520,2751,41.98,GOLDPETAL_30APR2025.xls,False,8093.093093093093,92
2025-01-29,GOLDPETAL,2025-04-30,8085.0,8104.0,8085.0,8091.0,8085.0,1255,2944,101.61,GOLDPETAL_30APR2025.xls,False,8099.0990990990995,91
2025-01-30,GOLDPETAL,2025-04-30,8116.0,8185.0,8095.0,8172.0,8091.0,2643,3651,215.25,GOLDPETAL_30APR2025.xls,False,8180.18018018018,90
2025-01-31,GOLDPETAL,2025-04-30,8198.0,8390.0,8198.0,8220.0,8172.0,3609,4605,296.77,GOLDPETAL_30APR2025.xls,False,8228.228228228229,89
2025-02-01,GOLDPETAL,2025-04-30,8233.0,8298.0,8200.0,8226.0,8220.0,1935,5448,159.5,GOLDPETAL_30APR2025.xls,False,8234.234234234234,88
2025-02-03,GOLDPETAL,2025-04-30,8220.0,8328.0,8193.0,8306.0,8226.0,5431,5579,449.37,GOLDPETAL_30APR2025.xls,False,8314.314314314315,86
2025-02-04,GOLDPETAL,2025-04-30,8319.0,8379.0,8281.0,8361.0,8306.0,5706,6623,475.31,GOLDPETAL_30APR2025.xls,False,8369.36936936937,85
2025-02-05,GOLDPETAL,2025-04-30,8394.0,8480.0,8388.0,8472.0,8361.0,6875,8024,580.79,GOLDPETAL_30APR2025.xls,False,8480.48048048048,84
2025-02-06,GOLDPETAL,2025-04-30,8479.0,8499.0,8420.0,8449.0,8472.0,5696,9175,482.19,GOLDPETAL_30APR2025.xls,False,8457.457457457458,83
2025-02-07,GOLDPETAL,2025-04-30,8478.0,8550.0,8465.0,8487.0,8449.0,4550,9427,386.29,GOLDPETAL_30APR2025.xls,False,8495.495495495496,82
2025-02-10,GOLDPETAL,2025-04-30,8523.0,8675.0,8480.0,8594.0,8487.0,10296,11160,882.77,GOLDPETAL_30APR2025.xls,False,8602.602602602603,79
2025-02-11,GOLDPETAL,2025-04-30,8635.0,8660.0,8535.0,8592.0,8594.0,11044,13566,950.07,GOLDPETAL_30APR2025.xls,False,8600.600600600601,78
2025-02-12,GOLDPETAL,2025-04-30,8569.0,8620.0,8523.0,8607.0,8592.0,7883,13639,674.68,GOLDPETAL_30APR2025.xls,False,8615.615615615616,77
2025-02-13,GOLDPETAL,2025-04-30,8621.0,8670.0,8610.0,8643.0,8607.0,6434,14184,555.86,GOLDPETAL_30APR2025.xls,False,8651.651651651651,76
2025-02-14,GOLDPETAL,2025-04-30,8667.0,8736.0,8600.0,8611.0,8643.0,13009,14705,1128.01,GOLDPETAL_30APR2025.xls,False,8619.61961961962,75
2025-02-17,GOLDPETAL,2025-04-30,8633.0,8670.0,8605.0,8640.0,8611.0,3744,16169,323.63,GOLDPETAL_30APR2025.xls,False,8648.648648648648,72
2025-02-18,GOLDPETAL,2025-04-30,8650.0,8718.0,8650.0,8706.0,8640.0,8173,15905,710.6,GOLDPETAL_30APR2025.xls,False,8714.714714714715,71
2025-02-19,GOLDPETAL,2025-04-30,8721.0,8799.0,8696.0,8730.0,8706.0,12124,17801,1060.31,GOLDPETAL_30APR2025.xls,False,8738.738738738739,70
2025-02-20,GOLDPETAL,2025-04-30,8750.0,8790.0,8746.0,8770.0,8730.0,7021,19378,615.89,GOLDPETAL_30APR2025.xls,False,8778.778778778778,69
2025-02-21,GOLDPETAL,2025-04-30,8761.0,8775.0,8727.0,8756.0,8770.0,7205,20696,630.78,GOLDPETAL_30APR2025.xls,False,8764.764764764765,68
2025-02-24,GOLDPETAL,2025-04-30,8770.0,8790.0,8748.0,8763.0,8756.0,5487,21505,481.24,GOLDPETAL_30APR2025.xls,False,8771.771771771771,65
2025-02-25,GOLDPETAL,2025-04-30,8769.0,8794.0,8720.0,8752.0,8763.0,11704,23069,1026.19,GOLDPETAL_30APR2025.xls,False,8760.76076076076,64
2025-02-26,GOLDPETAL,2025-04-30,8750.0,8850.0,8715.0,8753.0,8752.0,4804,23350,420.45,GOLDPETAL_30APR2025.xls,False,8761.761761761762,63
2025-02-27,GOLDPETAL,2025-04-30,8750.0,8789.0,8705.0,8718.0,8753.0,9330,24527,813.86,GOLDPETAL_30APR2025.xls,False,8726.726726726727,62
2025-02-28,GOLDPETAL,2025-04-30,8712.0,8715.0,8626.0,8640.0,8718.0,9751,24777,844.41,GOLDPETAL_30APR2025.xls,False,8648.648648648648,61
2025-03-03,GOLDPETAL,2025-04-30,8651.0,8715.0,8651.0,8714.0,8640.0,6907,25164,599.73,GOLDPETAL_30APR2025.xls,False,8722.722722722723,58
2025-03-04,GOLDPETAL,2025-04-30,8720.0,8792.0,8720.0,8778.0,8714.0,13541,24914,1186.98,GOLDPETAL_30APR2025.xls,False,8786.786786786786,57
2025-03-05,GOLDPETAL,2025-04-30,8767.0,8794.0,8756.0,8770.0,8778.0,8979,25764,788.28,GOLDPETAL_30APR2025.xls,False,8778.778778778778,56
2025-03-06,GOLDPETAL,2025-04-30,8786.0,8791.0,8745.0,8778.0,8770.0,8906,26364,781.0,GOLDPETAL_30APR2025.xls,False,8786.786786786786,55
2025-03-07,GOLDPETAL,2025-04-30,8760.0,8787.0,8760.0,8776.0,8778.0,6489,25629,569.48,GOLDPETAL_30APR2025.xls,False,8784.784784784784,54
2025-03-10,GOLDPETAL,2025-04-30,8790.0,8795.0,8730.0,8747.0,8776.0,7860,27433,689.01,GOLDPETAL_30APR2025.xls,False,8755.755755755756,51
2025-03-11,GOLDPETAL,2025-04-30,8760.0,8785.0,8748.0,8781.0,8747.0,11226,27792,984.47,GOLDPETAL_30APR2025.xls,False,8789.78978978979,50
2025-03-12,GOLDPETAL,2025-04-30,8780.0,8807.0,8773.0,8806.0,8781.0,11799,26878,1037.35,GOLDPETAL_30APR2025.xls,False,8814.814814814816,49
2025-03-13,GOLDPETAL,2025-04-30,8807.0,8928.0,8807.0,8913.0,8806.0,28062,28729,2487.21,GOLDPETAL_30APR2025.xls,False,8921.921921921921,48
2025-03-14,GOLDPETAL,2025-04-30,8940.0,8995.0,8911.0,8966.0,8913.0,15180,32393,1361.24,GOLDPETAL_30APR2025.xls,False,8974.974974974975,47
2025-03-17,GOLDPETAL,2025-04-30,8992.0,8999.0,8933.0,8985.0,8966.0,19120,35458,1715.46,GOLDPETAL_30APR2025.xls,False,8993.993993993994,44
2025-03-18,GOLDPETAL,2025-04-30,9000.0,9070.0,8991.0,9056.0,8985.0,28341,39775,2561.84,GOLDPETAL_30APR2025.xls,False,9065.065065065066,43
2025-03-19,GOLDPETAL,2025-04-30,9068.0,9096.0,9045.0,9066.0,9056.0,28681,47129,2602.7,GOLDPETAL_30APR2025.xls,False,9075.075075075076,42
2025-03-20,GOLDPETAL,2025-04-30,9075.0,9110.0,9050.0,9066.0,9066.0,26607,51007,2415.21,GOLDPETAL_30APR2025.xls,False,9075.075075075076,41
2025-03-21,GOLDPETAL,2025-04-30,9057.0,9064.0,8951.0,8986.0,9066.0,45055,59101,4056.53,GOLDPETAL_30APR2025.xls,False,8994.994994994995,40
2025-03-24,GOLDPETAL,2025-04-30,8981.0,8999.0,8915.0,8933.0,8986.0,39409,60160,3530.25,GOLDPETAL_30APR2025.xls,False,8941.941941941943,37
2025-03-25,GOLDPETAL,2025-04-30,8931.0,8997.0,8930.0,8963.0,8933.0,41896,65999,3757.05,GOLDPETAL_30APR2025.xls,False,8971.971971971972,36
2025-03-26,GOLDPETAL,2025-04-30,8973.0,8988.0,8954.0,8968.0,8963.0,24138,68500,2164.92,GOLDPETAL_30APR2025.xls,False,8976.976976976977,35
2025-03-27,GOLDPETAL,2025-04-30,8977.0,9030.0,8977.0,9024.0,8968.0,39361,65687,3545.12,GOLDPETAL_30APR2025.xls,False,9033.033033033033,34
2025-03-28,GOLDPETAL,2025-04-30,9039.0,9070.0,9011.0,9030.0,9024.0,35455,60769,3207.64,GOLDPETAL_30APR2025.xls,False,9039.039039039038,33
2025-03-31,GOLDPETAL,2025-04-30,9067.0,9137.0,9062.0,9113.0,9030.0,44730,54746,4074.47,GOLDPETAL_30APR2025.xls,False,9122.122122122122,30
2025-04-01,GOLDPETAL,2025-04-30,9150.0,9180.0,9123.0,9152.0,9113.0,46739,53183,4281.08,GOLDPETAL_30APR2025.xls,False,9161.16116116116,29
2025-04-02,GOLDPETAL,2025-04-30,9175.0,9186.0,9135.0,9162.0,9152.0,28392,53045,2600.49,GOLDPETAL_30APR2025.xls,False,9171.17117117117,28
2025-04-03,GOLDPETAL,2025-04-30,9175.0,9194.0,9002.0,9097.0,9162.0,77896,51633,7090.35,GOLDPETAL_30APR2025.xls,False,9106.106106106106,27
2025-04-04,GOLDPETAL,2025-04-30,9080.0,9137.0,8975.0,8988.0,9097.0,72183,51601,6529.11,GOLDPETAL_30APR2025.xls,False,8996.996996996997,26
2025-04-07,GOLDPETAL,2025-04-30,8955.0,9023.0,8853.0,8871.0,8988.0,63354,48772,5660.3,GOLDPETAL_30APR2025.xls,False,8879.87987987988,23
2025-04-08,GOLDPETAL,2025-04-30,8900.0,8960.0,8878.0,8886.0,8871.0,41383,48920,3688.04,GOLDPETAL_30APR2025.xls,False,8894.894894894895,22
2025-04-09,GOLDPETAL,2025-04-30,8919.0,9112.0,8901.0,9043.0,8886.0,65171,43214,5882.67,GOLDPETAL_30APR2025.xls,False,9052.052052052051,21
2025-04-10,GOLDPETAL,2025-04-30,9125.0,9189.0,9105.0,9180.0,9043.0,35225,39777,3226.32,GOLDPETAL_30APR2025.xls,False,9189.18918918919,20
2025-04-11,GOLDPETAL,2025-04-30,9198.0,9410.0,9198.0,9394.0,9180.0,76769,37731,7162.67,GOLDPETAL_30APR2025.xls,False,9403.403403403403,19
2025-04-14,GOLDPETAL,2025-04-30,9389.0,9408.0,9316.0,9352.0,9394.0,40963,39520,3828.27,GOLDPETAL_30APR2025.xls,False,9361.361361361362,16
2025-04-15,GOLDPETAL,2025-04-30,9360.0,9384.0,9326.0,9369.0,9352.0,31818,38865,2979.64,GOLDPETAL_30APR2025.xls,False,9378.378378378378,15
2025-04-16,GOLDPETAL,2025-04-30,9397.0,9612.0,9397.0,9602.0,9369.0,62790,37989,5987.47,GOLDPETAL_30APR2025.xls,False,9611.611611611612,14
2025-04-17,GOLDPETAL,2025-04-30,9609.0,9701.0,9481.0,9590.0,9602.0,84869,31462,8137.97,GOLDPETAL_30APR2025.xls,False,9599.5995995996,13
2025-04-21,GOLDPETAL,2025-04-30,9660.0,9759.0,9631.0,9724.0,9590.0,46479,26794,4512.78,GOLDPETAL_30APR2025.xls,False,9733.733733733734,9
2025-04-22,GOLDPETAL,2025-04-30,9760.0,9969.0,9759.0,9841.0,9724.0,64307,25560,6353.75,GOLDPETAL_30APR2025.xls,False,9850.850850850851,8
2025-04-23,GOLDPETAL,2025-04-30,9765.0,9800.0,9505.0,9573.0,9841.0,55602,8207,5346.33,GOLDPETAL_30APR2025.xls,False,9582.582582582583,7
2025-04-24,GOLDPETAL,2025-04-30,9610.0,9723.0,9541.0,9611.0,9573.0,8779,3035,844.9,GOLDPETAL_30APR2025.xls,False,9620.62062062062,6
2025-04-25,GOLDPETAL,2025-04-30,9661.0,9679.0,9550.0,9618.0,9611.0,1141,2185,109.66,GOLDPETAL_30APR2025.xls,False,9627.627627627628,5
2025-04-28,GOLDPETAL,2025-04-30,9558.0,9786.0,9505.0,9766.0,9618.0,627,1710,60.22,GOLDPETAL_30APR2025.xls,False,9775.775775775775,2
2025-04-29,GOLDPETAL,2025-04-30,9633.0,9736.0,9605.0,9659.0,9766.0,425,1394,41.03,GOLDPETAL_30APR2025.xls,False,9668.668668668668,1
2025-04-30,GOLDPETAL,2025-04-30,9621.0,9698.0,9463.0,9509.0,9659.0,679,2,65.01,GOLDPETAL_30APR2025.xls,False,9518.518518518518,0
2025-02-01,GOLDPETAL,2025-05-30,8288.0,8288.0,8288.0,8288.0,8230.0,5,5,0.41,GOLDPETAL_30MAY2025.xls,False,8296.296296296296,118
2025-02-03,GOLDPETAL,2025-05-30,8258.0,8392.0,8258.0,8356.0,8288.0,139,64,11.6,GOLDPETAL_30MAY2025.xls,False,8364.364364364365,116
2025-02-04,GOLDPETAL,2025-05-30,8384.0,8480.0,8355.0,8407.0,8356.0,999,860,84.13,GOLDPETAL_30MAY2025.xls,False,8415.415415415415,115
2025-02-05,GOLDPETAL,2025-05-30,8440.0,8536.0,8440.0,8524.0,8407.0,2211,1265,187.99,GOLDPETAL_30MAY2025.xls,False,8532.532532532532,114
2025-02-06,GOLDPETAL,2025-05-30,8530.0,8555.0,8481.0,8500.0,8524.0,1212,1352,103.3,GOLDPETAL_30MAY2025.xls,False,8508.508508508508,113
2025-02-07,GOLDPETAL,2025-05-30,8544.0,8567.0,8519.0,8557.0,8500.0,688,1335,58.79,GOLDPETAL_30MAY2025.xls,False,8565.565565565566,112
2025-02-10,GOLDPETAL,2025-05-30,8589.0,8668.0,8582.0,8645.0,8557.0,1880,1833,162.25,GOLDPETAL_30MAY2025.xls,False,8653.653653653653,109
2025-02-11,GOLDPETAL,2025-05-30,8671.0,8712.0,8590.0,8649.0,8645.0,1873,2408,162.17,GOLDPETAL_30MAY2025.xls,False,8657.657657657657,108
2025-02-12,GOLDPETAL,2025-05-30,8646.0,8670.0,8580.0,8655.0,8649.0,2139,2273,184.03,GOLDPETAL_30MAY2025.xls,False,8663.663663663663,107
2025-02-13,GOLDPETAL,2025-05-30,8686.0,8766.0,8681.0,8706.0,8655.0,1837,3079,159.92,GOLDPETAL_30MAY2025.xls,False,8714.714714714715,106
2025-02-14,GOLDPETAL,2025-05-30,8681.0,8778.0,8651.0,8658.0,8706.0,3366,3973,293.63,GOLDPETAL_30MAY2025.xls,False,8666.666666666666,105
2025-02-17,GOLDPETAL,2025-05-30,8698.0,8710.0,8660.0,8700.0,8658.0,796,4125,69.22,GOLDPETAL_30MAY2025.xls,False,8708.70870870871,102
2025-02-18,GOLDPETAL,2025-05-30,8722.0,8780.0,8710.0,8748.0,8700.0,3064,3564,267.78,GOLDPETAL_30MAY2025.xls,False,8756.756756756757,101
2025-02-19,GOLDPETAL,2025-05-30,8757.0,8830.0,8749.0,8775.0,8748.0,2062,3552,181.27,GOLDPETAL_30MAY2025.xls,False,8783.783783783783,100
2025-02-20,GOLDPETAL,2025-05-30,8815.0,8837.0,8751.0,8800.0,8775.0,1527,4065,134.52,GOLDPETAL_30MAY2025.xls,False,8808.808808808808,99
2025-02-21,GOLDPETAL,2025-05-30,8815.0,8847.0,8785.0,8804.0,8800.0,1749,5206,153.96,GOLDPETAL_30MAY2025.xls,False,8812.812812812814,98
2025-02-24,GOLDPETAL,2025-05-30,8825.0,8828.0,8801.0,8816.0,8804.0,1736,5681,153.01,GOLDPETAL_30MAY2025.xls,False,8824.824824824826,95
2025-02-25,GOLDPETAL,2025-05-30,8816.0,8847.0,8770.0,8792.0,8816.0,3414,7097,301.06,GOLDPETAL_30MAY2025.xls,False,8800.8008008008,94
2025-02-26,GOLDPETAL,2025-05-30,8827.0,8835.0,8760.0,8797.0,8792.0,1372,7879,120.6,GOLDPETAL_30MAY2025.xls,False,8805.805805805805,93
2025-02-27,GOLDPETAL,2025-05-30,8802.0,8885.0,8746.0,8760.0,8797.0,2327,9018,204.1,GOLDPETAL_30MAY2025.xls,False,8768.768768768768,92
2025-02-28,GOLDPETAL,2025-05-30,8750.0,8750.0,8675.0,8698.0,8760.0,2243,9737,195.35,GOLDPETAL_30MAY2025.xls,False,8706.706706706707,91
2025-03-03,GOLDPETAL,2025-05-30,8747.0,8770.0,8711.0,8767.0,8698.0,2172,10542,189.87,GOLDPETAL_30MAY2025.xls,False,8775.775775775775,88
2025-03-04,GOLDPETAL,2025-05-30,8774.0,8829.0,8765.0,8812.0,8767.0,3484,10566,306.67,GOLDPETAL_30MAY2025.xls,False,8820.820820820822,87
2025-03-05,GOLDPETAL,2025-05-30,8762.0,8835.0,8762.0,8812.0,8812.0,2783,11219,245.24,GOLDPETAL_30MAY2025.xls,False,8820.820820820822,86
2025-03-06,GOLDPETAL,2025-05-30,8828.0,8828.0,8785.0,8813.0,8812.0,2702,11229,237.8,GOLDPETAL_30MAY2025.xls,False,8821.821821821823,85
2025-03-07,GOLDPETAL,2025-05-30,8790.0,8818.0,8790.0,8802.0,8813.0,907,11045,79.86,GOLDPETAL_30MAY2025.xls,False,8810.81081081081,84
2025-03-10,GOLDPETAL,2025-05-30,8819.0,8820.0,8780.0,8786.0,8802.0,1562,11512,137.53,GOLDPETAL_30MAY2025.xls,False,8794.794794794794,81
2025-03-11,GOLDPETAL,2025-05-30,8801.0,8818.0,8791.0,8809.0,8786.0,1688,11439,148.64,GOLDPETAL_30MAY2025.xls,False,8817.817817817819,80
2025-03-12,GOLDPETAL,2025-05-30,8816.0,8836.0,8802.0,8835.0,8809.0,3647,9587,321.75,GOLDPETAL_30MAY2025.xls,False,8843.843843843844,79
2025-03-13,GOLDPETAL,2025-05-30,8840.0,8948.0,8840.0,8935.0,8835.0,6141,9578,546.18,GOLDPETAL_30MAY2025.xls,False,8943.943943943945,78
2025-03-14,GOLDPETAL,2025-05-30,8949.0,9029.0,8949.0,8978.0,8935.0,4075,10451,366.54,GOLDPETAL_30MAY2025.xls,False,8986.986986986987,77
2025-03-17,GOLDPETAL,2025-05-30,8999.0,9027.0,8962.0,9012.0,8978.0,4247,11819,382.2,GOLDPETAL_30MAY2025.xls,False,9021.02102102102,74
2025-03-18,GOLDPETAL,2025-05-30,9030.0,9097.0,9026.0,9093.0,9012.0,8049,13400,730.22,GOLDPETAL_30MAY2025.xls,False,9102.102102102102,73
2025-03-19,GOLDPETAL,2025-05-30,9104.0,9123.0,9086.0,9101.0,9093.0,8038,14773,731.97,GOLDPETAL_30MAY2025.xls,False,9110.11011011011,72
2025-03-20,GOLDPETAL,2025-05-30,9130.0,9149.0,9086.0,9100.0,9101.0,6036,16653,550.44,GOLDPETAL_30MAY2025.xls,False,9109.10910910911,71
2025-03-21,GOLDPETAL,2025-05-30,9108.0,9108.0,8997.0,9023.0,9100.0,10313,19495,932.84,GOLDPETAL_30MAY2025.xls,False,9032.032032032032,70
2025-03-24,GOLDPETAL,2025-05-30,9008.0,9039.0,8955.0,8973.0,9023.0,10428,20235,937.39,GOLDPETAL_30MAY2025.xls,False,8981.981981981982,67
2025-03-25,GOLDPETAL,2025-05-30,8991.0,9023.0,8971.0,8999.0,8973.0,5559,21351,500.58,GOLDPETAL_30MAY2025.xls,False,9008.008008008008,66
2025-03-26,GOLDPETAL,2025-05-30,8990.0,9027.0,8990.0,9002.0,8999.0,4206,22541,378.89,GOLDPETAL_30MAY2025.xls,False,9011.01101101101,65
2025-03-27,GOLDPETAL,2025-05-30,9015.0,9068.0,9015.0,9063.0,9002.0,7715,22981,697.78,GOLDPETAL_30MAY2025.xls,False,9072.072072072073,64
2025-03-28,GOLDPETAL,2025-05-30,9074.0,9107.0,9063.0,9075.0,9063.0,10072,24072,915.4,GOLDPETAL_30MAY2025.xls,False,9084.084084084085,63
2025-03-31,GOLDPETAL,2025-05-30,9098.0,9167.0,9098.0,9144.0,9075.0,10615,22646,970.86,GOLDPETAL_30MAY2025.xls,False,9153.153153153153,60
2025-04-01,GOLDPETAL,2025-05-30,9174.0,9230.0,9164.0,9189.0,9144.0,16610,24426,1527.21,GOLDPETAL_30MAY2025.xls,False,9198.198198198199,59
2025-04-02,GOLDPETAL,2025-05-30,9212.0,9220.0,9173.0,9199.0,9189.0,10335,25490,950.51,GOLDPETAL_30MAY2025.xls,False,9208.208208208209,58
2025-04-03,GOLDPETAL,2025-05-30,9211.0,9231.0,9018.0,9147.0,9199.0,38081,27102,3481.47,GOLDPETAL_30MAY2025.xls,False,9156.156156156156,57
2025-04-04,GOLDPETAL,2025-05-30,9127.0,9183.0,9008.0,9014.0,9147.0,34694,30641,3150.83,GOLDPETAL_30MAY2025.xls,False,9023.023023023023,56
2025-04-07,GOLDPETAL,2025-05-30,9012.0,9040.0,8885.0,8899.0,9014.0,35147,30751,3150.19,GOLDPETAL_30MAY2025.xls,False,8907.907907907907,53
2025-04-08,GOLDPETAL,2025-05-30,8912.0,9000.0,8907.0,8926.0,8899.0,27291,31411,2442.44,GOLDPETAL_30MAY2025.xls,False,8934.934934934934,52
2025-04-09,GOLDPETAL,2025-05-30,8949.0,9162.0,8948.0,9089.0,8926.0,39505,29141,3583.93,GOLDPETAL_30MAY2025.xls,False,9098.098098098098,51
2025-04-10,GOLDPETAL,2025-05-30,9151.0,9240.0,9131.0,9226.0,9089.0,19454,28781,1791.03,GOLDPETAL_30MAY2025.xls,False,9235.235235235235,50
2025-04-11,GOLDPETAL,2025-05-30,9250.0,9455.0,9245.0,9433.0,9226.0,59780,33075,5599.47,GOLDPETAL_30MAY2025.xls,False,9442.442442442443,49
2025-04-14,GOLDPETAL,2025-05-30,9487.0,9489.0,9349.0,9398.0,9433.0,16929,35620,1589.25,GOLDPETAL_30MAY2025.xls,False,9407.407407407407,46
2025-04-15,GOLDPETAL,2025-05-30,9403.0,9440.0,9365.0,9418.0,9398.0,17022,38295,1602.18,GOLDPETAL_30MAY2025.xls,False,9427.427427427427,45
2025-04-16,GOLDPETAL,2025-05-30,9453.0,9648.0,9452.0,9632.0,9418.0,47917,41766,4583.72,GOLDPETAL_30MAY2025.xls,False,9641.641641641641,44
2025-04-17,GOLDPETAL,2025-05-30,9632.0,9752.0,9539.0,9629.0,9632.0,76975,45794,7421.78,GOLDPETAL_30MAY2025.xls,False,9638.638638638638,43
2025-04-21,GOLDPETAL,2025-05-30,9687.0,9829.0,9687.0,9797.0,9629.0,59218,51383,5785.09,GOLDPETAL_30MAY2025.xls,False,9806.806806806806,39
2025-04-22,GOLDPETAL,2025-05-30,9829.0,9994.0,9785.0,9862.0,9797.0,122844,61261,12171.13,GOLDPETAL_30MAY2025.xls,False,9871.871871871872,38
2025-04-23,GOLDPETAL,2025-05-30,9802.0,9802.0,9532.0,9598.0,9862.0,146895,67712,14182.13,GOLDPETAL_30MAY2025.xls,False,9607.607607607608,37
2025-04-24,GOLDPETAL,2025-05-30,9659.0,9740.0,9620.0,9677.0,9598.0,76373,69230,7384.48,GOLDPETAL_30MAY2025.xls,False,9686.686686686686,36
2025-04-25,GOLDPETAL,2025-05-30,9693.0,9711.0,9560.0,9614.0,9677.0,74688,73896,7176.75,GOLDPETAL_30MAY2025.xls,False,9623.623623623624,35
2025-04-28,GOLDPETAL,2025-05-30,9601.0,9692.0,9515.0,9687.0,9614.0,92295,71895,8861.75,GOLDPETAL_30MAY2025.xls,False,9696.696696696697,32
2025-04-29,GOLDPETAL,2025-05-30,9666.0,9675.0,9607.0,9657.0,9687.0,65631,76443,6328.16,GOLDPETAL_30MAY2025.xls,False,9666.666666666666,31
2025-04-30,GOLDPETAL,2025-05-30,9660.0,9660.0,9482.0,9576.0,9657.0,99470,81531,9508.94,GOLDPETAL_30MAY2025.xls,False,9585.585585585586,30
2025-05-01,GOLDPETAL,2025-05-30,9500.0,9569.0,9289.0,9363.0,9576.0,69589,84459,6520.04,GOLDPETAL_30MAY2025.xls,False,9372.372372372372,29
2025-05-02,GOLDPETAL,2025-05-30,9424.0,9464.0,9370.0,9386.0,9363.0,96232,83781,9055.45,GOLDPETAL_30MAY2025.xls,False,9395.395395395395,28
2025-05-05,GOLDPETAL,2025-05-30,9406.0,9574.0,9406.0,9554.0,9386.0,81478,79299,7746.92,GOLDPETAL_30MAY2025.xls,False,9563.563563563564,25
2025-05-06,GOLDPETAL,2025-05-30,9580.0,9819.0,9580.0,9813.0,9554.0,116240,67743,11298.28,GOLDPETAL_30MAY2025.xls,False,9822.822822822824,24
2025-05-07,GOLDPETAL,2025-05-30,9771.0,9814.0,9700.0,9765.0,9813.0,82966,63759,8095.24,GOLDPETAL_30MAY2025.xls,False,9774.774774774774,23
2025-05-08,GOLDPETAL,2025-05-30,9745.0,9842.0,9630.0,9705.0,9765.0,110542,63677,10743.1,GOLDPETAL_30MAY2025.xls,False,9714.714714714715,22
2025-05-09,GOLDPETAL,2025-05-30,9719.0,9765.0,9660.0,9724.0,9705.0,61328,63274,5954.05,GOLDPETAL_30MAY2025.xls,False,9733.733733733734,21
2025-05-12,GOLDPETAL,2025-05-30,9663.0,9664.0,9362.0,9422.0,9724.0,111864,72436,10583.21,GOLDPETAL_30MAY2025.xls,False,9431.43143143143,18
2025-05-13,GOLDPETAL,2025-05-30,9422.0,9529.0,9420.0,9475.0,9422.0,68192,68513,6466.89,GOLDPETAL_30MAY2025.xls,False,9484.484484484485,17
2025-05-14,GOLDPETAL,2025-05-30,9475.0,9475.0,9342.0,9364.0,9475.0,88229,72317,8296.09,GOLDPETAL_30MAY2025.xls,False,9373.373373373373,16
2025-05-15,GOLDPETAL,2025-05-30,9337.0,9455.0,9245.0,9425.0,9364.0,99526,66421,9296.04,GOLDPETAL_30MAY2025.xls,False,9434.434434434434,15
2025-05-16,GOLDPETAL,2025-05-30,9400.0,9475.0,9310.0,9378.0,9425.0,97303,68571,9131.99,GOLDPETAL_30MAY2025.xls,False,9387.387387387387,14
2025-05-19,GOLDPETAL,2025-05-30,9422.0,9473.0,9403.0,9437.0,9378.0,63859,60202,6029.23,GOLDPETAL_30MAY2025.xls,False,9446.446446446447,11
2025-05-20,GOLDPETAL,2025-05-30,9430.0,9544.0,9390.0,9533.0,9437.0,78163,53332,7404.74,GOLDPETAL_30MAY2025.xls,False,9542.542542542542,10
2025-05-21,GOLDPETAL,2025-05-30,9540.0,9620.0,9540.0,9600.0,9533.0,63582,47761,6097.86,GOLDPETAL_30MAY2025.xls,False,9609.60960960961,9
2025-05-22,GOLDPETAL,2025-05-30,9620.0,9688.0,9584.0,9607.0,9600.0,60840,38998,5856.04,GOLDPETAL_30MAY2025.xls,False,9616.616616616617,8
2025-05-23,GOLDPETAL,2025-05-30,9585.0,9678.0,9584.0,9655.0,9607.0,57505,11368,5539.65,GOLDPETAL_30MAY2025.xls,False,9664.664664664664,7
2025-05-26,GOLDPETAL,2025-05-30,9615.0,9664.0,9600.0,9619.0,9655.0,16764,2286,1614.45,GOLDPETAL_30MAY2025.xls,False,9628.628628628629,4
2025-05-27,GOLDPETAL,2025-05-30,9662.0,9695.0,9610.0,9650.0,9619.0,1650,1408,159.27,GOLDPETAL_30MAY2025.xls,False,9659.65965965966,3
2025-05-28,GOLDPETAL,2025-05-30,9641.0,9780.0,9640.0,9653.0,9650.0,559,1154,54.01,GOLDPETAL_30MAY2025.xls,False,9662.662662662662,2
2025-05-29,GOLDPETAL,2025-05-30,9622.0,9719.0,9566.0,9620.0,9653.0,1066,680,102.4,GOLDPETAL_30MAY2025.xls,False,9629.62962962963,1
2025-05-30,GOLDPETAL,2025-05-30,9619.0,9887.0,9538.0,9652.0,9620.0,205,653,19.79,GOLDPETAL_30MAY2025.xls,False,9661.661661661661,0
2025-03-03,GOLDPETAL,2025-06-30,8759.0,8829.0,8759.0,8811.0,8822.0,79,75,6.97,GOLDPETAL_30JUN2025.xls,False,8819.81981981982,119
2025-03-04,GOLDPETAL,2025-06-30,8825.0,8886.0,8810.0,8864.0,8811.0,502,355,44.45,GOLDPETAL_30JUN2025.xls,False,8872.872872872873,118
2025-03-05,GOLDPETAL,2025-06-30,8864.0,8876.0,8834.0,8866.0,8864.0,752,779,66.61,GOLDPETAL_30JUN2025.xls,False,8874.874874874875,117
2025-03-06,GOLDPETAL,2025-06-30,8879.0,8879.0,8831.0,8869.0,8866.0,1005,1520,89.05,GOLDPETAL_30JUN2025.xls,False,8877.877877877878,116
2025-03-07,GOLDPETAL,2025-06-30,8851.0,8869.0,8846.0,8853.0,8869.0,212,1649,18.77,GOLDPETAL_30JUN2025.xls,False,8861.861861861862,115
2025-03-10,GOLDPETAL,2025-06-30,8860.0,8862.0,8829.0,8837.0,8853.0,446,2029,39.45,GOLDPETAL_30JUN2025.xls,False,8845.845845845846,112
2025-03-11,GOLDPETAL,2025-06-30,8838.0,8865.0,8831.0,8854.0,8837.0,640,2180,56.65,GOLDPETAL_30JUN2025.xls,False,8862.862862862863,111
2025-03-12,GOLDPETAL,2025-06-30,8860.0,8875.0,8833.0,8869.0,8854.0,458,2284,40.58,GOLDPETAL_30JUN2025.xls,False,8877.877877877878,110
2025-03-13,GOLDPETAL,2025-06-30,8879.0,8967.0,8854.0,8957.0,8869.0,1930,1597,172.14,GOLDPETAL_30JUN2025.xls,False,8965.965965965966,109
2025-03-14,GOLDPETAL,2025-06-30,8997.0,9039.0,8970.0,9005.0,8957.0,742,1710,66.82,GOLDPETAL_30JUN2025.xls,False,9014.014014014014,108
2025-03-17,GOLDPETAL,2025-06-30,9030.0,9057.0,8990.0,9040.0,9005.0,1222,2087,110.33,GOLDPETAL_30JUN2025.xls,False,9049.049049049048,105
2025-03-18,GOLDPETAL,2025-06-30,9062.0,9145.0,9050.0,9124.0,9040.0,2994,3006,272.77,GOLDPETAL_30JUN2025.xls,False,9133.133133133133,104
2025-03-19,GOLDPETAL,2025-06-30,9139.0,9162.0,9085.0,9143.0,9124.0,2166,3166,198.01,GOLDPETAL_30JUN2025.xls,False,9152.152152152152,103
2025-03-20,GOLDPETAL,2025-06-30,9162.0,9190.0,9121.0,9137.0,9143.0,1771,3518,162.08,GOLDPETAL_30JUN2025.xls,False,9146.146146146146,102
2025-03-21,GOLDPETAL,2025-06-30,9149.0,9149.0,9037.0,9063.0,9137.0,2660,4721,241.62,GOLDPETAL_30JUN2025.xls,False,9072.072072072073,101
2025-03-24,GOLDPETAL,2025-06-30,9078.0,9099.0,8990.0,9010.0,9063.0,2850,5676,257.44,GOLDPETAL_30JUN2025.xls,False,9019.019019019019,98
2025-03-25,GOLDPETAL,2025-06-30,8982.0,9070.0,8982.0,9039.0,9010.0,1205,6144,109.04,GOLDPETAL_30JUN2025.xls,False,9048.048048048047,97
2025-03-26,GOLDPETAL,2025-06-30,9022.0,9060.0,9022.0,9041.0,9039.0,577,6378,52.2,GOLDPETAL_30JUN2025.xls,False,9050.05005005005,96
2025-03-27,GOLDPETAL,2025-06-30,9060.0,9106.0,9048.0,9092.0,9041.0,2602,6792,236.38,GOLDPETAL_30JUN2025.xls,False,9101.101101101101,95
2025-03-28,GOLDPETAL,2025-06-30,9123.0,9149.0,9101.0,9113.0,9092.0,1582,6937,144.35,GOLDPETAL_30JUN2025.xls,False,9122.122122122122,94
2025-03-31,GOLDPETAL,2025-06-30,9151.0,9200.0,9151.0,9180.0,9113.0,3176,7017,291.61,GOLDPETAL_30JUN2025.xls,False,9189.18918918919,91
2025-04-01,GOLDPETAL,2025-06-30,9200.0,9253.0,9200.0,9230.0,9180.0,5478,8020,505.6,GOLDPETAL_30JUN2025.xls,False,9239.23923923924,90
2025-04-02,GOLDPETAL,2025-06-30,9260.0,9289.0,9216.0,9253.0,9230.0,4474,9846,413.65,GOLDPETAL_30JUN2025.xls,False,9262.262262262262,89
2025-04-03,GOLDPETAL,2025-06-30,9269.0,9280.0,9091.0,9192.0,9253.0,14221,12665,1306.93,GOLDPETAL_30JUN2025.xls,False,9201.201201201202,88
2025-04-04,GOLDPETAL,2025-06-30,9175.0,9232.0,9052.0,9062.0,9192.0,13709,16994,1251.63,GOLDPETAL_30JUN2025.xls,False,9071.071071071072,87
2025-04-07,GOLDPETAL,2025-06-30,9051.0,9100.0,8931.0,8949.0,9062.0,12681,18770,1141.72,GOLDPETAL_30JUN2025.xls,False,8957.957957957959,84
2025-04-08,GOLDPETAL,2025-06-30,8960.0,9037.0,8943.0,8982.0,8949.0,7514,19127,676.12,GOLDPETAL_30JUN2025.xls,False,8990.990990990991,83
2025-04-09,GOLDPETAL,2025-06-30,9000.0,9199.0,8988.0,9136.0,8982.0,21826,14595,1986.23,GOLDPETAL_30JUN2025.xls,False,9145.145145145145,82
2025-04-10,GOLDPETAL,2025-06-30,9198.0,9265.0,9170.0,9250.0,9136.0,8183,13978,756.04,GOLDPETAL_30JUN2025.xls,False,9259.25925925926,81
2025-04-11,GOLDPETAL,2025-06-30,9269.0,9460.0,9255.0,9432.0,9250.0,20014,16873,1875.15,GOLDPETAL_30JUN2025.xls,False,9441.441441441442,80
2025-04-14,GOLDPETAL,2025-06-30,9459.0,9460.0,9373.0,9408.0,9432.0,3382,16563,317.89,GOLDPETAL_30JUN2025.xls,False,9417.417417417417,77
2025-04-15,GOLDPETAL,2025-06-30,9365.0,9448.0,9365.0,9426.0,9408.0,6107,17461,575.71,GOLDPETAL_30JUN2025.xls,False,9435.435435435435,76
2025-04-16,GOLDPETAL,2025-06-30,9464.0,9658.0,9460.0,9644.0,9426.0,19100,20469,1828.78,GOLDPETAL_30JUN2025.xls,False,9653.653653653653,75
2025-04-17,GOLDPETAL,2025-06-30,9652.0,9825.0,9552.0,9652.0,9644.0,27057,21145,2618.7,GOLDPETAL_30JUN2025.xls,False,9661.661661661661,74
2025-04-21,GOLDPETAL,2025-06-30,9679.0,9886.0,9679.0,9829.0,9652.0,22226,24185,2177.59,GOLDPETAL_30JUN2025.xls,False,9838.83883883884,70
2025-04-22,GOLDPETAL,2025-06-30,9858.0,10019.0,9802.0,9896.0,9829.0,37369,26559,3713.85,GOLDPETAL_30JUN2025.xls,False,9905.905905905905,69
2025-04-23,GOLDPETAL,2025-06-30,9841.0,9841.0,9600.0,9653.0,9896.0,38597,32980,3744.33,GOLDPETAL_30JUN2025.xls,False,9662.662662662662,68
2025-04-24,GOLDPETAL,2025-06-30,9708.0,9755.0,9652.0,9726.0,9653.0,22116,33882,2148.27,GOLDPETAL_30JUN2025.xls,False,9735.735735735736,67
2025-04-25,GOLDPETAL,2025-06-30,9757.0,9757.0,9615.0,9662.0,9726.0,21287,38089,2055.4,GOLDPETAL_30JUN2025.xls,False,9671.671671671671,66
2025-04-28,GOLDPETAL,2025-06-30,9669.0,9735.0,9563.0,9726.0,9662.0,28136,39631,2711.47,GOLDPETAL_30JUN2025.xls,False,9735.735735735736,63
2025-04-29,GOLDPETAL,2025-06-30,9696.0,9713.0,9656.0,9693.0,9726.0,16775,42174,1624.34,GOLDPETAL_30JUN2025.xls,False,9702.702702702703,62
2025-04-30,GOLDPETAL,2025-06-30,9698.0,9698.0,9521.0,9618.0,9693.0,29619,47751,2845.82,GOLDPETAL_30JUN2025.xls,False,9627.627627627628,61
2025-05-01,GOLDPETAL,2025-06-30,9533.0,9661.0,9354.0,9406.0,9618.0,34299,53082,3225.86,GOLDPETAL_30JUN2025.xls,False,9415.415415415415,60
2025-05-02,GOLDPETAL,2025-06-30,9458.0,9496.0,9401.0,9418.0,9406.0,33175,53827,3134.7,GOLDPETAL_30JUN2025.xls,False,9427.427427427427,59
2025-05-05,GOLDPETAL,2025-06-30,9450.0,9595.0,9448.0,9582.0,9418.0,30269,52345,2887.95,GOLDPETAL_30JUN2025.xls,False,9591.591591591592,56
2025-05-06,GOLDPETAL,2025-06-30,9598.0,9848.0,9598.0,9842.0,9582.0,50998,47723,4972.47,GOLDPETAL_30JUN2025.xls,False,9851.851851851852,55
2025-05-07,GOLDPETAL,2025-06-30,9806.0,9827.0,9724.0,9803.0,9842.0,49958,44271,4887.45,GOLDPETAL_30JUN2025.xls,False,9812.812812812814,54
2025-05-08,GOLDPETAL,2025-06-30,9834.0,9842.0,9670.0,9748.0,9803.0,42305,44488,4126.59,GOLDPETAL_30JUN2025.xls,False,9757.757757757758,53
2025-05-09,GOLDPETAL,2025-06-30,9758.0,9801.0,9708.0,9766.0,9748.0,18642,44575,1818.65,GOLDPETAL_30JUN2025.xls,False,9775.775775775775,52
2025-05-12,GOLDPETAL,2025-06-30,9721.0,9721.0,9400.0,9466.0,9766.0,82799,66398,7870.16,GOLDPETAL_30JUN2025.xls,False,9475.475475475476,49
2025-05-13,GOLDPETAL,2025-06-30,9474.0,9565.0,9451.0,9521.0,9466.0,33887,67356,3226.73,GOLDPETAL_30JUN2025.xls,False,9530.53053053053,48
2025-05-14,GOLDPETAL,2025-06-30,9497.0,9520.0,9389.0,9405.0,9521.0,56009,87822,5287.92,GOLDPETAL_30JUN2025.xls,False,9414.414414414414,47
2025-05-15,GOLDPETAL,2025-06-30,9381.0,9492.0,9284.0,9466.0,9405.0,65835,85927,6175.88,GOLDPETAL_30JUN2025.xls,False,9475.475475475476,46
2025-05-16,GOLDPETAL,2025-06-30,9440.0,9500.0,9354.0,9416.0,9466.0,50102,90078,4723.26,GOLDPETAL_30JUN2025.xls,False,9425.425425425425,45
2025-05-19,GOLDPETAL,2025-06-30,9454.0,9507.0,9444.0,9475.0,9416.0,40463,88105,3836.16,GOLDPETAL_30JUN2025.xls,False,9484.484484484485,42
2025-05-20,GOLDPETAL,2025-06-30,9471.0,9578.0,9430.0,9573.0,9475.0,72513,78732,6905.67,GOLDPETAL_30JUN2025.xls,False,9582.582582582583,41
2025-05-21,GOLDPETAL,2025-06-30,9595.0,9668.0,9595.0,9652.0,9573.0,65370,72266,6302.85,GOLDPETAL_30JUN2025.xls,False,9661.661661661661,40
2025-05-22,GOLDPETAL,2025-06-30,9679.0,9725.0,9641.0,9658.0,9652.0,72540,71892,7026.42,GOLDPETAL_30JUN2025.xls,False,9667.667667667667,39
2025-05-23,GOLDPETAL,2025-06-30,9662.0,9720.0,9650.0,9713.0,9658.0,83319,78761,8077.31,GOLDPETAL_30JUN2025.xls,False,9722.722722722723,38
2025-05-26,GOLDPETAL,2025-06-30,9705.0,9722.0,9665.0,9684.0,9713.0,46831,82336,4534.72,GOLDPETAL_30JUN2025.xls,False,9693.693693693695,35
2025-05-27,GOLDPETAL,2025-06-30,9676.0,9699.0,9625.0,9647.0,9684.0,61614,90515,5946.66,GOLDPETAL_30JUN2025.xls,False,9656.656656656656,34
2025-05-28,GOLDPETAL,2025-06-30,9638.0,9690.0,9611.0,9652.0,9647.0,58767,91282,5677.68,GOLDPETAL_30JUN2025.xls,False,9661.661661661661,33
2025-05-29,GOLDPETAL,2025-06-30,9629.0,9680.0,9590.0,9668.0,9652.0,82476,89114,7947.27,GOLDPETAL_30JUN2025.xls,False,9677.677677677677,32
2025-05-30,GOLDPETAL,2025-06-30,9660.0,9664.0,9607.0,9632.0,9668.0,73150,94029,7047.81,GOLDPETAL_30JUN2025.xls,False,9641.641641641641,31
2025-06-02,GOLDPETAL,2025-06-30,9655.0,9795.0,9642.0,9788.0,9632.0,121558,72713,11833.93,GOLDPETAL_30JUN2025.xls,False,9797.797797797797,28
2025-06-03,GOLDPETAL,2025-06-30,9767.0,9797.0,9750.0,9777.0,9788.0,51935,70012,5076.04,GOLDPETAL_30JUN2025.xls,False,9786.786786786786,27
2025-06-04,GOLDPETAL,2025-06-30,9784.0,9850.0,9783.0,9841.0,9777.0,88695,65486,8708.35,GOLDPETAL_30JUN2025.xls,False,9850.850850850851,26
2025-06-05,GOLDPETAL,2025-06-30,9860.0,9907.0,9792.0,9816.0,9841.0,109334,68351,10769.44,GOLDPETAL_30JUN2025.xls,False,9825.825825825827,25
2025-06-06,GOLDPETAL,2025-06-30,9838.0,9865.0,9745.0,9762.0,9816.0,84520,73015,8287.85,GOLDPETAL_30JUN2025.xls,False,9771.771771771771,24
2025-06-09,GOLDPETAL,2025-06-30,9743.0,9770.0,9701.0,9766.0,9762.0,58562,74536,5703.58,GOLDPETAL_30JUN2025.xls,False,9775.775775775775,21
2025-06-10,GOLDPETAL,2025-06-30,9754.0,9785.0,9693.0,9745.0,9766.0,77846,75691,7587.66,GOLDPETAL_30JUN2025.xls,False,9754.754754754755,20
2025-06-11,GOLDPETAL,2025-06-30,9767.0,9799.0,9727.0,9734.0,9745.0,67665,77102,6606.1,GOLDPETAL_30JUN2025.xls,False,9743.743743743744,19
2025-06-12,GOLDPETAL,2025-06-30,9768.0,9861.0,9767.0,9848.0,9734.0,107583,59611,10570.96,GOLDPETAL_30JUN2025.xls,False,9857.857857857858,18
2025-06-13,GOLDPETAL,2025-06-30,9862.0,10024.0,9862.0,10003.0,9848.0,102194,52885,10207.79,GOLDPETAL_30JUN2025.xls,False,10013.013013013013,17
2025-06-16,GOLDPETAL,2025-06-30,10020.0,10042.0,9915.0,9941.0,10003.0,79916,51306,7978.75,GOLDPETAL_30JUN2025.xls,False,9950.950950950952,14
2025-06-17,GOLDPETAL,2025-06-30,9941.0,9985.0,9910.0,9978.0,9941.0,64070,49585,6378.67,GOLDPETAL_30JUN2025.xls,False,9987.987987987988,13
2025-06-18,GOLDPETAL,2025-06-30,9956.0,10000.0,9925.0,9989.0,9978.0,37713,46607,3764.71,GOLDPETAL_30JUN2025.xls,False,9998.998998998999,12
2025-06-19,GOLDPETAL,2025-06-30,9971.0,9983.0,9926.0,9970.0,9989.0,39250,44977,3910.65,GOLDPETAL_30JUN2025.xls,False,9979.97997997998,11
2025-06-20,GOLDPETAL,2025-06-30,9925.0,9958.0,9902.0,9948.0,9970.0,43555,40812,4327.26,GOLDPETAL_30JUN2025.xls,False,9957.957957957959,10
2025-06-23,GOLDPETAL,2025-06-30,9938.0,10028.0,9931.0,9993.0,9948.0,64217,15226,6407.64,GOLDPETAL_30JUN2025.xls,False,10003.003003003003,7
2025-06-24,GOLDPETAL,2025-06-30,9942.0,10018.0,9671.0,9705.0,9993.0,28378,2915,2789.54,GOLDPETAL_30JUN2025.xls,False,9714.714714714715,6
2025-06-25,GOLDPETAL,2025-06-30,9802.0,9928.0,9765.0,9845.0,9705.0,615,2480,60.45,GOLDPETAL_30JUN2025.xls,False,9854.854854854855,5
2025-06-26,GOLDPETAL,2025-06-30,9819.0,9887.0,9790.0,9820.0,9845.0,1220,1748,120.01,GOLDPETAL_30JUN2025.xls,False,9829.82982982983,4
2025-06-27,GOLDPETAL,2025-06-30,9820.0,9978.0,9650.0,9753.0,9820.0,1802,1195,175.91,GOLDPETAL_30JUN2025.xls,False,9762.762762762763,3
2025-06-30,GOLDPETAL,2025-06-30,9699.0,9850.0,9600.0,9706.0,9753.0,618,76,60.14,GOLDPETAL_30JUN2025.xls,False,9715.715715715716,0
2025-04-01,GOLDPETAL,2025-07-31,9267.0,9324.0,9242.0,9269.0,9266.0,186,169,17.28,GOLDPETAL_31JUL2025.xls,False,9278.278278278278,121
2025-04-02,GOLDPETAL,2025-07-31,9307.0,9328.0,9251.0,9297.0,9269.0,326,422,30.27,GOLDPETAL_31JUL2025.xls,False,9306.306306306305,120
2025-04-03,GOLDPETAL,2025-07-31,9321.0,9389.0,9136.0,9237.0,9297.0,5034,992,464.97,GOLDPETAL_31JUL2025.xls,False,9246.246246246246,119
2025-04-04,GOLDPETAL,2025-07-31,9220.0,9270.0,9100.0,9114.0,9237.0,2528,1761,231.99,GOLDPETAL_31JUL2025.xls,False,9123.123123123123,118
2025-04-07,GOLDPETAL,2025-07-31,9110.0,9134.0,8973.0,8985.0,9114.0,4758,2350,429.99,GOLDPETAL_31JUL2025.xls,False,8993.993993993994,115
2025-04-08,GOLDPETAL,2025-07-31,9030.0,9078.0,9000.0,9043.0,8985.0,4291,2509,388.54,GOLDPETAL_31JUL2025.xls,False,9052.052052052051,114
2025-04-09,GOLDPETAL,2025-07-31,9072.0,9238.0,9043.0,9169.0,9043.0,7100,2291,649.9,GOLDPETAL_31JUL2025.xls,False,9178.178178178177,113
2025-04-10,GOLDPETAL,2025-07-31,9257.0,9300.0,9216.0,9287.0,9169.0,1083,2240,100.33,GOLDPETAL_31JUL2025.xls,False,9296.296296296296,112
2025-04-11,GOLDPETAL,2025-07-31,9331.0,9480.0,9331.0,9440.0,9287.0,4830,2728,454.98,GOLDPETAL_31JUL2025.xls,False,9449.44944944945,111
2025-04-14,GOLDPETAL,2025-07-31,9451.0,9451.0,9399.0,9410.0,9440.0,908,2733,85.51,GOLDPETAL_31JUL2025.xls,False,9419.419419419419,108
2025-04-15,GOLDPETAL,2025-07-31,9430.0,9477.0,9420.0,9440.0,9410.0,2769,2883,261.44,GOLDPETAL_31JUL2025.xls,False,9449.44944944945,107
2025-04-16,GOLDPETAL,2025-07-31,9493.0,9678.0,9476.0,9663.0,9440.0,4797,3364,459.9,GOLDPETAL_31JUL2025.xls,False,9672.672672672672,106
2025-04-17,GOLDPETAL,2025-07-31,9680.0,9780.0,9600.0,9682.0,9663.0,5763,4372,558.73,GOLDPETAL_31JUL2025.xls,False,9691.691691691693,105
2025-04-21,GOLDPETAL,2025-07-31,9725.0,9870.0,9721.0,9853.0,9682.0,5388,4300,529.31,GOLDPETAL_31JUL2025.xls,False,9862.862862862863,101
2025-04-22,GOLDPETAL,2025-07-31,9900.0,10045.0,9861.0,9925.0,9853.0,8719,5884,870.08,GOLDPETAL_31JUL2025.xls,False,9934.934934934934,100
2025-04-23,GOLDPETAL,2025-07-31,9862.0,9890.0,9640.0,9700.0,9925.0,9559,8234,932.26,GOLDPETAL_31JUL2025.xls,False,9709.70970970971,99
2025-04-24,GOLDPETAL,2025-07-31,9764.0,9822.0,9723.0,9771.0,9700.0,5293,9302,516.99,GOLDPETAL_31JUL2025.xls,False,9780.78078078078,98
2025-04-25,GOLDPETAL,2025-07-31,9789.0,9799.0,9671.0,9722.0,9771.0,7198,11223,699.53,GOLDPETAL_31JUL2025.xls,False,9731.731731731732,97
2025-04-28,GOLDPETAL,2025-07-31,9674.0,9780.0,9603.0,9771.0,9722.0,7584,11835,735.51,GOLDPETAL_31JUL2025.xls,False,9780.78078078078,94
2025-04-29,GOLDPETAL,2025-07-31,9745.0,9758.0,9700.0,9734.0,9771.0,5664,12756,550.83,GOLDPETAL_31JUL2025.xls,False,9743.743743743744,93
2025-04-30,GOLDPETAL,2025-07-31,9767.0,9767.0,9585.0,9666.0,9734.0,8965,14802,865.8,GOLDPETAL_31JUL2025.xls,False,9675.675675675675,92
2025-05-01,GOLDPETAL,2025-07-31,9618.0,9618.0,9402.0,9468.0,9666.0,8528,15854,806.86,GOLDPETAL_31JUL2025.xls,False,9477.477477477478,91
2025-05-02,GOLDPETAL,2025-07-31,9531.0,9540.0,9463.0,9473.0,9468.0,9009,16792,855.61,GOLDPETAL_31JUL2025.xls,False,9482.482482482483,90
2025-05-05,GOLDPETAL,2025-07-31,9515.0,9635.0,9488.0,9623.0,9473.0,8404,17260,805.07,GOLDPETAL_31JUL2025.xls,False,9632.632632632633,87
2025-05-06,GOLDPETAL,2025-07-31,9677.0,9874.0,9677.0,9864.0,9623.0,15226,17773,1488.51,GOLDPETAL_31JUL2025.xls,False,9873.873873873874,86
2025-05-07,GOLDPETAL,2025-07-31,9781.0,9862.0,9751.0,9833.0,9864.0,19216,18854,1886.7,GOLDPETAL_31JUL2025.xls,False,9842.842842842843,85
2025-05-08,GOLDPETAL,2025-07-31,9845.0,9881.0,9720.0,9797.0,9833.0,15921,20125,1560.05,GOLDPETAL_31JUL2025.xls,False,9806.806806806806,84
2025-05-09,GOLDPETAL,2025-07-31,9816.0,9851.0,9755.0,9815.0,9797.0,7051,21381,691.25,GOLDPETAL_31JUL2025.xls,False,9824.824824824826,83
2025-05-12,GOLDPETAL,2025-07-31,9780.0,9780.0,9470.0,9519.0,9815.0,29620,28936,2835.95,GOLDPETAL_31JUL2025.xls,False,9528.528528528528,80
2025-05-13,GOLDPETAL,2025-07-31,9544.0,9618.0,9501.0,9583.0,9519.0,8753,30418,838.31,GOLDPETAL_31JUL2025.xls,False,9592.592592592593,79
2025-05-14,GOLDPETAL,2025-07-31,9552.0,9569.0,9448.0,9465.0,9583.0,15912,35050,1511.76,GOLDPETAL_31JUL2025.xls,False,9474.474474474475,78
2025-05-15,GOLDPETAL,2025-07-31,9413.0,9540.0,9338.0,9511.0,9465.0,24640,38014,2322.56,GOLDPETAL_31JUL2025.xls,False,9520.52052052052,77
2025-05-16,GOLDPETAL,2025-07-31,9485.0,9545.0,9409.0,9465.0,9511.0,13969,39863,1323.08,GOLDPETAL_31JUL2025.xls,False,9474.474474474475,76
2025-05-19,GOLDPETAL,2025-07-31,9479.0,9582.0,9479.0,9526.0,9465.0,12460,40663,1187.34,GOLDPETAL_31JUL2025.xls,False,9535.535535535535,73
2025-05-20,GOLDPETAL,2025-07-31,9515.0,9628.0,9476.0,9614.0,9526.0,23663,35078,2265.85,GOLDPETAL_31JUL2025.xls,False,9623.623623623624,72
2025-05-21,GOLDPETAL,2025-07-31,9633.0,9719.0,9632.0,9690.0,9614.0,24544,31953,2378.22,GOLDPETAL_31JUL2025.xls,False,9699.6996996997,71
2025-05-22,GOLDPETAL,2025-07-31,9729.0,9770.0,9685.0,9699.0,9690.0,28869,31145,2807.64,GOLDPETAL_31JUL2025.xls,False,9708.70870870871,70
2025-05-23,GOLDPETAL,2025-07-31,9692.0,9798.0,9681.0,9758.0,9699.0,23270,33994,2267.21,GOLDPETAL_31JUL2025.xls,False,9767.767767767768,69
2025-05-26,GOLDPETAL,2025-07-31,9747.0,9751.0,9715.0,9733.0,9758.0,9960,36442,969.18,GOLDPETAL_31JUL2025.xls,False,9742.742742742743,66
2025-05-27,GOLDPETAL,2025-07-31,9723.0,9748.0,9674.0,9694.0,9733.0,20105,41884,1949.97,GOLDPETAL_31JUL2025.xls,False,9703.703703703704,65
2025-05-28,GOLDPETAL,2025-07-31,9687.0,9730.0,9680.0,9698.0,9694.0,15631,42647,1517.77,GOLDPETAL_31JUL2025.xls,False,9707.707707707708,64
2025-05-29,GOLDPETAL,2025-07-31,9675.0,9720.0,9608.0,9708.0,9698.0,26859,43554,2598.75,GOLDPETAL_31JUL2025.xls,False,9717.717717717718,63
2025-05-30,GOLDPETAL,2025-07-31,9686.0,9708.0,9653.0,9676.0,9708.0,20524,46272,1986.06,GOLDPETAL_31JUL2025.xls,False,9685.685685685685,62
2025-06-02,GOLDPETAL,2025-07-31,9705.0,9827.0,9690.0,9818.0,9676.0,52022,40557,5087.79,GOLDPETAL_31JUL2025.xls,False,9827.827827827829,59
2025-06-03,GOLDPETAL,2025-07-31,9801.0,9829.0,9788.0,9815.0,9818.0,19178,39586,1881.63,GOLDPETAL_31JUL2025.xls,False,9824.824824824826,58
2025-06-04,GOLDPETAL,2025-07-31,9824.0,9879.0,9824.0,9875.0,9815.0,41845,43998,4122.86,GOLDPETAL_31JUL2025.xls,False,9884.884884884885,57
2025-06-05,GOLDPETAL,2025-07-31,9873.0,9945.0,9830.0,9857.0,9875.0,51464,45091,5088.35,GOLDPETAL_31JUL2025.xls,False,9866.866866866867,56
2025-06-06,GOLDPETAL,2025-07-31,9874.0,9899.0,9787.0,9806.0,9857.0,35320,48295,3474.55,GOLDPETAL_31JUL2025.xls,False,9815.815815815817,55
2025-06-09,GOLDPETAL,2025-07-31,9785.0,9818.0,9746.0,9812.0,9806.0,29816,48974,2917.03,GOLDPETAL_31JUL2025.xls,False,9821.821821821823,52
2025-06-10,GOLDPETAL,2025-07-31,9783.0,9835.0,9752.0,9794.0,9812.0,32973,50739,3228.88,GOLDPETAL_31JUL2025.xls,False,9803.803803803803,51
2025-06-11,GOLDPETAL,2025-07-31,9814.0,9845.0,9780.0,9786.0,9794.0,23423,52890,2297.69,GOLDPETAL_31JUL2025.xls,False,9795.795795795795,50
2025-06-12,GOLDPETAL,2025-07-31,9817.0,9907.0,9817.0,9893.0,9786.0,50584,44702,4993.28,GOLDPETAL_31JUL2025.xls,False,9902.902902902902,49
2025-06-13,GOLDPETAL,2025-07-31,9894.0,10081.0,9894.0,10065.0,9893.0,71888,52249,7218.25,GOLDPETAL_31JUL2025.xls,False,10075.075075075076,48
2025-06-16,GOLDPETAL,2025-07-31,10078.0,10110.0,9969.0,10001.0,10065.0,63208,66666,6341.47,GOLDPETAL_31JUL2025.xls,False,10011.01101101101,45
2025-06-17,GOLDPETAL,2025-07-31,9985.0,10046.0,9970.0,10033.0,10001.0,45078,70001,4512.7,GOLDPETAL_31JUL2025.xls,False,10043.043043043042,44
2025-06-18,GOLDPETAL,2025-07-31,10001.0,10059.0,10001.0,10041.0,10033.0,35377,72698,3550.57,GOLDPETAL_31JUL2025.xls,False,10051.05105105105,43
2025-06-19,GOLDPETAL,2025-07-31,10018.0,10039.0,9975.0,10022.0,10041.0,50224,77891,5027.76,GOLDPETAL_31JUL2025.xls,False,10032.032032032032,42
2025-06-20,GOLDPETAL,2025-07-31,10000.0,10013.0,9950.0,10002.0,10022.0,64697,83220,6457.67,GOLDPETAL_31JUL2025.xls,False,10012.012012012012,41
2025-06-23,GOLDPETAL,2025-07-31,10010.0,10064.0,9993.0,10042.0,10002.0,101775,97224,10210.62,GOLDPETAL_31JUL2025.xls,False,10052.052052052051,38
2025-06-24,GOLDPETAL,2025-07-31,10038.0,10038.0,9792.0,9825.0,10042.0,174607,114457,17240.3,GOLDPETAL_31JUL2025.xls,False,9834.834834834835,37
2025-06-25,GOLDPETAL,2025-07-31,9840.0,9870.0,9832.0,9853.0,9825.0,49652,108916,4890.7,GOLDPETAL_31JUL2025.xls,False,9862.862862862863,36
2025-06-26,GOLDPETAL,2025-07-31,9868.0,9877.0,9790.0,9825.0,9853.0,80188,113174,7881.76,GOLDPETAL_31JUL2025.xls,False,9834.834834834835,35
2025-06-27,GOLDPETAL,2025-07-31,9787.0,9787.0,9651.0,9691.0,9825.0,93017,129439,9032.31,GOLDPETAL_31JUL2025.xls,False,9700.700700700701,34
2025-06-30,GOLDPETAL,2025-07-31,9701.0,9743.0,9678.0,9734.0,9691.0,55593,127649,5403.14,GOLDPETAL_31JUL2025.xls,False,9743.743743743744,31
2025-07-01,GOLDPETAL,2025-07-31,9748.0,9862.0,9748.0,9826.0,9734.0,102445,112665,10058.38,GOLDPETAL_31JUL2025.xls,False,9835.835835835836,30
2025-07-02,GOLDPETAL,2025-07-31,9775.0,9882.0,9729.0,9836.0,9826.0,45114,113334,4435.04,GOLDPETAL_31JUL2025.xls,False,9845.845845845846,29
2025-07-03,GOLDPETAL,2025-07-31,9844.0,9867.0,9764.0,9795.0,9836.0,75662,116918,7428.57,GOLDPETAL_31JUL2025.xls,False,9804.804804804804,28
2025-07-04,GOLDPETAL,2025-07-31,9767.0,9825.0,9767.0,9806.0,9795.0,34834,116859,3416.46,GOLDPETAL_31JUL2025.xls,False,9815.815815815817,27
2025-07-07,GOLDPETAL,2025-07-31,9773.0,9831.0,9742.0,9826.0,9806.0,60287,112460,5898.01,GOLDPETAL_31JUL2025.xls,False,9835.835835835836,24
2025-07-08,GOLDPETAL,2025-07-31,9840.0,9840.0,9722.0,9768.0,9826.0,72961,118842,7132.73,GOLDPETAL_31JUL2025.xls,False,9777.777777777777,23
2025-07-09,GOLDPETAL,2025-07-31,9743.0,9778.0,9708.0,9762.0,9768.0,76702,118720,7473.65,GOLDPETAL_31JUL2025.xls,False,9771.771771771771,22
2025-07-10,GOLDPETAL,2025-07-31,9769.0,9801.0,9761.0,9781.0,9762.0,58504,115282,5724.39,GOLDPETAL_31JUL2025.xls,False,9790.79079079079,21
2025-07-11,GOLDPETAL,2025-07-31,9808.0,9880.0,9808.0,9856.0,9781.0,91536,98837,9012.37,GOLDPETAL_31JUL2025.xls,False,9865.865865865866,20
2025-07-14,GOLDPETAL,2025-07-31,9856.0,9916.0,9842.0,9862.0,9856.0,77332,90988,7643.24,GOLDPETAL_31JUL2025.xls,False,9871.871871871872,17
2025-07-15,GOLDPETAL,2025-07-31,9893.0,9893.0,9802.0,9820.0,9862.0,63079,90811,6210.47,GOLDPETAL_31JUL2025.xls,False,9829.82982982983,16
2025-07-16,GOLDPETAL,2025-07-31,9827.0,9900.0,9804.0,9856.0,9820.0,68920,85412,6784.73,GOLDPETAL_31JUL2025.xls,False,9865.865865865866,15
2025-07-17,GOLDPETAL,2025-07-31,9847.0,9858.0,9790.0,9839.0,9856.0,62740,84235,6160.92,GOLDPETAL_31JUL2025.xls,False,9848.84884884885,14
2025-07-18,GOLDPETAL,2025-07-31,9848.0,9889.0,9803.0,9868.0,9839.0,49623,76981,4895.3,GOLDPETAL_31JUL2025.xls,False,9877.877877877878,13
2025-07-21,GOLDPETAL,2025-07-31,9880.0,9975.0,9874.0,9954.0,9868.0,80704,51572,8012.38,GOLDPETAL_31JUL2025.xls,False,9963.963963963964,10
2025-07-22,GOLDPETAL,2025-07-31,9944.0,10023.0,9920.0,10011.0,9954.0,61715,38935,6162.38,GOLDPETAL_31JUL2025.xls,False,10021.02102102102,9
2025-07-23,GOLDPETAL,2025-07-31,9988.0,10070.0,9960.0,9967.0,10011.0,60950,25505,6107.89,GOLDPETAL_31JUL2025.xls,False,9976.976976976977,8
2025-07-24,GOLDPETAL,2025-07-31,9962.0,9965.0,9916.0,9937.0,9967.0,44404,5855,4412.27,GOLDPETAL_31JUL2025.xls,False,9946.946946946948,7
2025-07-25,GOLDPETAL,2025-07-31,9915.0,9940.0,9826.0,9870.0,9937.0,9617,1763,950.8,GOLDPETAL_31JUL2025.xls,False,9879.87987987988,6
2025-07-28,GOLDPETAL,2025-07-31,9900.0,9947.0,9845.0,9866.0,9870.0,1106,1204,109.5,GOLDPETAL_31JUL2025.xls,False,9875.875875875876,3
2025-07-29,GOLDPETAL,2025-07-31,9901.0,9963.0,9880.0,9950.0,9866.0,416,1023,41.25,GOLDPETAL_31JUL2025.xls,False,9959.95995995996,2
2025-07-30,GOLDPETAL,2025-07-31,9950.0,9999.0,9926.0,9966.0,9950.0,480,624,47.87,GOLDPETAL_31JUL2025.xls,False,9975.975975975976,1
2025-07-31,GOLDPETAL,2025-07-31,9934.0,10019.0,9905.0,9936.0,9966.0,548,89,54.6,GOLDPETAL_31JUL2025.xls,False,9945.945945945947,0
2026-06-01,GOLDPETAL,2026-11-30,16910.0,16910.0,16757.0,16823.0,16894.0,334,159,56.18,GOLDPETAL_30NOV2026.xls,False,16839.83983983984,182
2026-06-02,GOLDPETAL,2026-11-30,16804.0,16959.0,16802.0,16886.0,16823.0,740,345,125.14,GOLDPETAL_30NOV2026.xls,False,16902.902902902904,181
2026-06-03,GOLDPETAL,2026-11-30,17062.0,17062.0,16754.0,16822.0,16886.0,718,705,120.88,GOLDPETAL_30NOV2026.xls,False,16838.838838838838,180
2026-06-04,GOLDPETAL,2026-11-30,16847.0,16912.0,16813.0,16853.0,16822.0,655,930,110.42,GOLDPETAL_30NOV2026.xls,False,16869.869869869868,179
2026-06-05,GOLDPETAL,2026-11-30,16771.0,16810.0,16500.0,16563.0,16853.0,2033,1587,338.47,GOLDPETAL_30NOV2026.xls,False,16579.57957957958,178
2026-06-08,GOLDPETAL,2026-11-30,16515.0,16515.0,16270.0,16398.0,16563.0,2004,2053,327.85,GOLDPETAL_30NOV2026.xls,False,16414.414414414416,175
2026-06-09,GOLDPETAL,2026-11-30,16417.0,16460.0,16160.0,16191.0,16398.0,1606,2464,261.97,GOLDPETAL_30NOV2026.xls,False,16207.207207207208,174
2026-06-10,GOLDPETAL,2026-11-30,15959.0,16040.0,15706.0,15734.0,16191.0,4676,3006,741.61,GOLDPETAL_30NOV2026.xls,False,15749.74974974975,173
2026-06-11,GOLDPETAL,2026-11-30,15581.0,15870.0,15517.0,15814.0,15734.0,3942,3922,616.94,GOLDPETAL_30NOV2026.xls,False,15829.82982982983,172
2026-06-12,GOLDPETAL,2026-11-30,15976.0,16137.0,15822.0,15939.0,15814.0,2639,4391,419.72,GOLDPETAL_30NOV2026.xls,False,15954.954954954956,171
2026-06-15,GOLDPETAL,2026-11-30,16260.0,16300.0,16142.0,16211.0,15939.0,2125,4563,344.12,GOLDPETAL_30NOV2026.xls,False,16227.227227227228,168
2026-06-16,GOLDPETAL,2026-11-30,16190.0,16225.0,16133.0,16166.0,16211.0,1554,4845,251.35,GOLDPETAL_30NOV2026.xls,False,16182.182182182181,167
2026-06-17,GOLDPETAL,2026-11-30,16042.0,16232.0,16042.0,16210.0,16166.0,1370,5104,221.33,GOLDPETAL_30NOV2026.xls,False,16226.226226226227,166
2026-06-18,GOLDPETAL,2026-11-30,16160.0,16161.0,15805.0,15849.0,16210.0,3358,5222,535.76,GOLDPETAL_30NOV2026.xls,False,15864.864864864865,165
2026-06-19,GOLDPETAL,2026-11-30,15732.0,15745.0,15480.0,15627.0,15849.0,4201,5326,655.11,GOLDPETAL_30NOV2026.xls,False,15642.642642642642,164
2026-06-22,GOLDPETAL,2026-11-30,15628.0,15790.0,15628.0,15712.0,15627.0,2131,5502,335.17,GOLDPETAL_30NOV2026.xls,False,15727.727727727728,161
2026-06-23,GOLDPETAL,2026-11-30,15596.0,15614.0,15475.0,15568.0,15712.0,2491,6064,387.39,GOLDPETAL_30NOV2026.xls,False,15583.583583583584,160
2026-06-24,GOLDPETAL,2026-11-30,15440.0,15569.0,14950.0,15006.0,15568.0,9248,7768,1413.13,GOLDPETAL_30NOV2026.xls,False,15021.02102102102,159
2026-06-25,GOLDPETAL,2026-11-30,14929.0,15213.0,14912.0,15156.0,15006.0,9918,8550,1494.04,GOLDPETAL_30NOV2026.xls,False,15171.17117117117,158
2026-06-26,GOLDPETAL,2026-11-30,15166.0,15320.0,15123.0,15290.0,15156.0,1490,8763,227.29,GOLDPETAL_30NOV2026.xls,False,15305.305305305305,157
2026-06-29,GOLDPETAL,2026-11-30,15327.0,15329.0,15082.0,15116.0,15290.0,3562,9889,540.04,GOLDPETAL_30NOV2026.xls,False,15131.131131131131,154
2026-06-30,GOLDPETAL,2026-11-30,14956.0,15205.0,14943.0,15126.0,15116.0,3966,10707,598.18,GOLDPETAL_30NOV2026.xls,False,15141.14114114114,153
2026-07-01,GOLDPETAL,2026-11-30,14995.0,15349.0,14951.0,15259.0,15126.0,7177,11802,1086.71,GOLDPETAL_30NOV2026.xls,False,15274.274274274274,152
2026-07-02,GOLDPETAL,2026-11-30,15243.0,15483.0,15192.0,15398.0,15259.0,4835,12417,743.16,GOLDPETAL_30NOV2026.xls,False,15413.413413413413,151
2026-07-03,GOLDPETAL,2026-11-30,15490.0,15609.0,15490.0,15566.0,15398.0,3334,12543,519.07,GOLDPETAL_30NOV2026.xls,False,15581.581581581582,150
2026-07-06,GOLDPETAL,2026-11-30,15571.0,15586.0,15466.0,15506.0,15566.0,1493,12584,231.71,GOLDPETAL_30NOV2026.xls,False,15521.521521521521,147
2026-07-07,GOLDPETAL,2026-11-30,15446.0,15477.0,15350.0,15385.0,15506.0,2260,12756,348.22,GOLDPETAL_30NOV2026.xls,False,15400.4004004004,146
2026-07-08,GOLDPETAL,2026-11-30,15370.0,15375.0,15108.0,15192.0,15385.0,4873,12741,740.84,GOLDPETAL_30NOV2026.xls,False,15207.207207207208,145
2026-07-09,GOLDPETAL,2026-11-30,15150.0,15367.0,15138.0,15355.0,15192.0,4676,12828,714.66,GOLDPETAL_30NOV2026.xls,False,15370.37037037037,144
2026-07-10,GOLDPETAL,2026-11-30,15354.0,15365.0,15148.0,15159.0,15355.0,2338,12674,356.75,GOLDPETAL_30NOV2026.xls,False,15174.174174174173,143
2026-07-13,GOLDPETAL,2026-11-30,15125.0,15125.0,14776.0,14811.0,15159.0,8609,14862,1285.09,GOLDPETAL_30NOV2026.xls,False,14825.825825825827,140
2026-07-14,GOLDPETAL,2026-11-30,14847.0,14981.0,14803.0,14880.0,14811.0,9155,17422,1361.29,GOLDPETAL_30NOV2026.xls,False,14894.894894894895,139
2026-07-15,GOLDPETAL,2026-11-30,14888.0,14888.0,14732.0,14781.0,14880.0,7426,18012,1097.88,GOLDPETAL_30NOV2026.xls,False,14795.795795795795,138
2026-07-16,GOLDPETAL,2026-11-30,14861.0,14874.0,14500.0,14510.0,14781.0,12012,18800,1761.06,GOLDPETAL_30NOV2026.xls,False,14524.524524524524,137
2026-07-17,GOLDPETAL,2026-11-30,14503.0,14600.0,14421.0,14557.0,14510.0,13165,17098,1912.58,GOLDPETAL_30NOV2026.xls,False,14571.571571571572,136
2026-07-20,GOLDPETAL,2026-11-30,14582.0,14735.0,14582.0,14643.0,14557.0,4267,16778,625.28,GOLDPETAL_30NOV2026.xls,False,14657.657657657657,133
2026-07-21,GOLDPETAL,2026-11-30,14694.0,14815.0,14682.0,14793.0,14643.0,5171,16235,763.72,GOLDPETAL_30NOV2026.xls,False,14807.807807807807,132
2026-07-22,GOLDPETAL,2026-11-30,14834.0,15113.0,14794.0,15099.0,14793.0,7613,16255,1141.94,GOLDPETAL_30NOV2026.xls,False,15114.114114114114,131
2026-07-23,GOLDPETAL,2026-11-30,15101.0,15104.0,14790.0,14808.0,15099.0,9075,16394,1354.64,GOLDPETAL_30NOV2026.xls,False,14822.822822822824,130
2026-07-24,GOLDPETAL,2026-11-30,14776.0,14887.0,14693.0,14834.0,14808.0,7849,16680,1161.83,GOLDPETAL_30NOV2026.xls,False,14848.84884884885,129
2026-07-27,GOLDPETAL,2026-11-30,14896.0,14970.0,14825.0,14845.0,14834.0,6133,18107,913.98,GOLDPETAL_30NOV2026.xls,False,14859.85985985986,126
2026-07-28,GOLDPETAL,2026-11-30,14801.0,14815.0,14684.0,14716.0,14845.0,6915,18395,1018.83,GOLDPETAL_30NOV2026.xls,False,14730.730730730731,125
2026-07-29,GOLDPETAL,2026-11-30,14748.0,14767.0,14614.0,14733.0,14716.0,6465,18855,950.41,GOLDPETAL_30NOV2026.xls,False,14747.747747747748,124
2026-07-30,GOLDPETAL,2026-11-30,14795.0,14915.0,14680.0,14854.0,14733.0,10697,19981,1582.56,GOLDPETAL_30NOV2026.xls,False,14868.868868868869,123
2026-07-31,GOLDPETAL,2026-11-30,14781.0,14819.0,14700.0,14725.0,14854.0,7018,21535,1034.88,GOLDPETAL_30NOV2026.xls,False,14739.73973973974,122
2026-08-03,GOLDPETAL,2026-11-30,14766.0,14775.0,14650.0,14675.0,14725.0,8946,25093,1316.51,GOLDPETAL_30NOV2026.xls,False,14689.68968968969,119
2026-08-04,GOLDPETAL,2026-11-30,14735.0,14761.0,14687.0,14745.0,14675.0,5745,25170,846.22,GOLDPETAL_30NOV2026.xls,False,14759.75975975976,118
2026-08-05,GOLDPETAL,2026-11-30,14771.0,15150.0,14771.0,15133.0,14745.0,23898,22914,3580.15,GOLDPETAL_30NOV2026.xls,False,15148.148148148148,117
2026-08-06,GOLDPETAL,2026-11-30,15148.0,15275.0,15108.0,15160.0,15133.0,24034,23983,3653.88,GOLDPETAL_30NOV2026.xls,False,15175.175175175174,116
2026-08-07,GOLDPETAL,2026-11-30,15206.0,15550.0,15200.0,15496.0,15160.0,29394,22728,4527.26,GOLDPETAL_30NOV2026.xls,False,15511.511511511511,115
2026-08-10,GOLDPETAL,2026-11-30,15470.0,15646.0,15469.0,15619.0,15496.0,24021,24738,3743.95,GOLDPETAL_30NOV2026.xls,False,15634.634634634634,112
2026-08-11,GOLDPETAL,2026-11-30,15694.0,15840.0,15639.0,15719.0,15619.0,21111,25981,3324.67,GOLDPETAL_30NOV2026.xls,False,15734.734734734735,111
2026-08-12,GOLDPETAL,2026-11-30,15843.0,15895.0,15757.0,15849.0,15719.0,21148,26429,3348.02,GOLDPETAL_30NOV2026.xls,False,15864.864864864865,110
2026-08-13,GOLDPETAL,2026-11-30,15617.0,15886.0,15617.0,15723.0,15849.0,13878,27016,2187.02,GOLDPETAL_30NOV2026.xls,False,15738.738738738739,109
2026-08-14,GOLDPETAL,2026-11-30,15656.0,15817.0,15574.0,15790.0,15723.0,13521,27846,2122.51,GOLDPETAL_30NOV2026.xls,False,15805.805805805805,108
2026-08-17,GOLDPETAL,2026-11-30,15790.0,15937.0,15790.0,15913.0,15790.0,18117,29275,2876.68,GOLDPETAL_30NOV2026.xls,False,15928.928928928928,105
2026-08-18,GOLDPETAL,2026-11-30,15898.0,15908.0,15772.0,15793.0,15913.0,14458,30402,2291.58,GOLDPETAL_30NOV2026.xls,False,15808.808808808808,104
2026-08-19,GOLDPETAL,2026-11-30,15771.0,16129.0,15690.0,16112.0,15793.0,48211,25084,7699.35,GOLDPETAL_30NOV2026.xls,False,16128.128128128128,103
2026-08-20,GOLDPETAL,2026-11-30,16141.0,16324.0,16030.0,16269.0,16112.0,36477,25863,5910.72,GOLDPETAL_30NOV2026.xls,False,16285.285285285285,102
2026-08-21,GOLDPETAL,2026-11-30,16300.0,16587.0,16293.0,16575.0,16269.0,62347,24854,10254.66,GOLDPETAL_30NOV2026.xls,False,16591.59159159159,101
2026-08-24,GOLDPETAL,2026-11-30,16615.0,16828.0,16599.0,16690.0,16575.0,42420,30878,7099.09,GOLDPETAL_30NOV2026.xls,False,16706.706706706707,98
2026-08-25,GOLDPETAL,2026-11-30,16673.0,16744.0,16545.0,16637.0,16690.0,33787,34277,5622.26,GOLDPETAL_30NOV2026.xls,False,16653.653653653655,97
2026-08-26,GOLDPETAL,2026-11-30,16590.0,16705.0,16245.0,16308.0,16637.0,37946,44086,6268.17,GOLDPETAL_30NOV2026.xls,False,16324.324324324325,96
2026-08-27,GOLDPETAL,2026-11-30,16393.0,16434.0,15992.0,16213.0,16308.0,52498,54084,8504.05,GOLDPETAL_30NOV2026.xls,False,16229.22922922923,95
2026-08-28,GOLDPETAL,2026-11-30,16182.0,16295.0,15950.0,15971.0,16213.0,45029,63263,7253.98,GOLDPETAL_30NOV2026.xls,False,15986.986986986987,94
2026-08-31,GOLDPETAL,2026-11-30,15979.0,15979.0,15666.0,15716.0,15971.0,47793,75863,7520.19,GOLDPETAL_30NOV2026.xls,False,15731.731731731732,91
2026-09-01,GOLDPETAL,2026-11-30,15720.0,15765.0,15459.0,15492.0,15716.0,53297,78598,8303.98,GOLDPETAL_30NOV2026.xls,False,15507.507507507507,90
2026-09-02,GOLDPETAL,2026-11-30,15457.0,15591.0,15286.0,15562.0,15492.0,54863,86373,8464.67,GOLDPETAL_30NOV2026.xls,False,15577.577577577578,89
2026-09-03,GOLDPETAL,2026-11-30,15605.0,15915.0,15605.0,15894.0,15562.0,52268,92631,8247.97,GOLDPETAL_30NOV2026.xls,False,15909.90990990991,88
2026-09-04,GOLDPETAL,2026-11-30,15820.0,15879.0,15468.0,15577.0,15894.0,73796,99387,11551.1,GOLDPETAL_30NOV2026.xls,False,15592.592592592593,87
2026-09-07,GOLDPETAL,2026-11-30,15554.0,15617.0,15488.0,15567.0,15577.0,41398,106739,6438.37,GOLDPETAL_30NOV2026.xls,False,15582.582582582583,84
2026-09-08,GOLDPETAL,2026-11-30,15617.0,15695.0,15544.0,15570.0,15567.0,35405,109688,5524.27,GOLDPETAL_30NOV2026.xls,False,15585.585585585586,83
2026-09-09,GOLDPETAL,2026-11-30,15561.0,15690.0,15520.0,15647.0,15570.0,38507,113443,6014.95,GOLDPETAL_30NOV2026.xls,False,15662.662662662662,82
2026-09-10,GOLDPETAL,2026-11-30,15643.0,15715.0,15441.0,15531.0,15647.0,41409,112903,6451.83,GOLDPETAL_30NOV2026.xls,False,15546.546546546546,81
2026-09-11,GOLDPETAL,2026-11-30,15459.0,15648.0,15375.0,15564.0,15531.0,55059,112500,8545.32,GOLDPETAL_30NOV2026.xls,False,15579.57957957958,80
2026-09-14,GOLDPETAL,2026-11-30,15422.0,15486.0,15286.0,15403.0,15564.0,27998,112483,4303.89,GOLDPETAL_30NOV2026.xls,False,15418.418418418418,77
2026-09-15,GOLDPETAL,2026-11-30,15442.0,15444.0,15306.0,15357.0,15403.0,32198,114710,4943.92,GOLDPETAL_30NOV2026.xls,False,15372.372372372372,76
2026-09-16,GOLDPETAL,2026-11-30,15448.0,15543.0,15402.0,15505.0,15357.0,34549,115690,5346.04,GOLDPETAL_30NOV2026.xls,False,15520.52052052052,75
2026-09-17,GOLDPETAL,2026-11-30,15462.0,15597.0,15340.0,15566.0,15505.0,58364,119328,9027.53,GOLDPETAL_30NOV2026.xls,False,15581.581581581582,74
2026-09-18,GOLDPETAL,2026-11-30,15560.0,15716.0,15493.0,15695.0,15566.0,65996,124025,10328.16,GOLDPETAL_30NOV2026.xls,False,15710.710710710711,73
2026-09-21,GOLDPETAL,2026-11-30,15649.0,15693.0,15590.0,15621.0,15695.0,42513,118695,6648.87,GOLDPETAL_30NOV2026.xls,False,15636.636636636636,70
2026-09-22,GOLDPETAL,2026-11-30,15635.0,15654.0,15494.0,15581.0,15621.0,40997,119616,6380.19,GOLDPETAL_30NOV2026.xls,False,15596.596596596597,69
2026-09-23,GOLDPETAL,2026-11-30,15570.0,15609.0,15457.0,15468.0,15581.0,49402,121900,7666.02,GOLDPETAL_30NOV2026.xls,False,15483.483483483484,68
2026-09-24,GOLDPETAL,2026-11-30,15451.0,15485.0,15369.0,15412.0,15468.0,47590,122009,7337.54,GOLDPETAL_30NOV2026.xls,False,15427.427427427427,67
2026-09-25,GOLDPETAL,2026-11-30,15489.0,15537.0,15391.0,15443.0,15412.0,83161,124476,12855.35,GOLDPETAL_30NOV2026.xls,False,15458.458458458459,66
2026-07-01,GOLDPETAL,2026-12-31,15239.0,15586.0,15132.0,15431.0,15203.0,2602,1546,398.83,GOLDPETAL_31DEC2026.xls,False,15446.446446446447,183
2026-07-02,GOLDPETAL,2026-12-31,15438.0,15649.0,15405.0,15567.0,15431.0,1558,1631,242.13,GOLDPETAL_31DEC2026.xls,False,15582.582582582583,182
2026-07-03,GOLDPETAL,2026-12-31,15712.0,15783.0,15698.0,15749.0,15567.0,872,1749,137.25,GOLDPETAL_31DEC2026.xls,False,15764.764764764765,181
2026-07-06,GOLDPETAL,2026-12-31,15749.0,15749.0,15655.0,15684.0,15749.0,553,1750,86.85,GOLDPETAL_31DEC2026.xls,False,15699.6996996997,178
2026-07-07,GOLDPETAL,2026-12-31,15651.0,15667.0,15532.0,15576.0,15684.0,610,1838,95.09,GOLDPETAL_31DEC2026.xls,False,15591.591591591592,177
2026-07-08,GOLDPETAL,2026-12-31,15568.0,15568.0,15300.0,15364.0,15576.0,1340,2104,206.3,GOLDPETAL_31DEC2026.xls,False,15379.37937937938,176
2026-07-09,GOLDPETAL,2026-12-31,15328.0,15633.0,15328.0,15532.0,15364.0,2626,2083,406.77,GOLDPETAL_31DEC2026.xls,False,15547.547547547547,175
2026-07-10,GOLDPETAL,2026-12-31,15529.0,15617.0,15325.0,15341.0,15532.0,1043,2216,161.08,GOLDPETAL_31DEC2026.xls,False,15356.356356356357,174
2026-07-13,GOLDPETAL,2026-12-31,15300.0,15300.0,14952.0,14987.0,15341.0,3903,3001,589.59,GOLDPETAL_31DEC2026.xls,False,15002.002002002002,171
2026-07-14,GOLDPETAL,2026-12-31,14936.0,15168.0,14936.0,15002.0,14987.0,4913,3948,738.31,GOLDPETAL_31DEC2026.xls,False,15017.017017017017,170
2026-07-15,GOLDPETAL,2026-12-31,14975.0,14998.0,14842.0,14906.0,15002.0,4034,3669,601.99,GOLDPETAL_31DEC2026.xls,False,14920.92092092092,169
2026-07-16,GOLDPETAL,2026-12-31,14887.0,15029.0,14574.0,14611.0,14906.0,6832,4197,1010.76,GOLDPETAL_31DEC2026.xls,False,14625.625625625626,168
2026-07-17,GOLDPETAL,2026-12-31,14647.0,14717.0,14515.0,14639.0,14611.0,5669,4673,828.41,GOLDPETAL_31DEC2026.xls,False,14653.653653653653,167
2026-07-20,GOLDPETAL,2026-12-31,14675.0,14798.0,14616.0,14731.0,14639.0,2015,4501,296.71,GOLDPETAL_31DEC2026.xls,False,14745.745745745746,164
2026-07-21,GOLDPETAL,2026-12-31,14778.0,14888.0,14778.0,14859.0,14731.0,2874,5492,426.31,GOLDPETAL_31DEC2026.xls,False,14873.873873873874,163
2026-07-22,GOLDPETAL,2026-12-31,14949.0,15199.0,14911.0,15173.0,14859.0,3151,5541,474.87,GOLDPETAL_31DEC2026.xls,False,15188.188188188189,162
2026-07-23,GOLDPETAL,2026-12-31,15182.0,15182.0,14900.0,14919.0,15173.0,3568,5994,535.61,GOLDPETAL_31DEC2026.xls,False,14933.933933933933,161
2026-07-24,GOLDPETAL,2026-12-31,14870.0,14983.0,14811.0,14949.0,14919.0,2439,5754,363.55,GOLDPETAL_31DEC2026.xls,False,14963.963963963964,160
2026-07-27,GOLDPETAL,2026-12-31,15070.0,15099.0,14938.0,14955.0,14949.0,2029,6197,304.76,GOLDPETAL_31DEC2026.xls,False,14969.96996996997,157
2026-07-28,GOLDPETAL,2026-12-31,14902.0,14920.0,14811.0,14843.0,14955.0,2708,6941,402.38,GOLDPETAL_31DEC2026.xls,False,14857.857857857858,156
2026-07-29,GOLDPETAL,2026-12-31,14850.0,14898.0,14752.0,14857.0,14843.0,4280,8051,634.63,GOLDPETAL_31DEC2026.xls,False,14871.871871871872,155
2026-07-30,GOLDPETAL,2026-12-31,14871.0,14977.0,14809.0,14959.0,14857.0,4067,7969,605.78,GOLDPETAL_31DEC2026.xls,False,14973.973973973974,154
2026-07-31,GOLDPETAL,2026-12-31,14879.0,14943.0,14821.0,14844.0,14959.0,2799,8463,416.35,GOLDPETAL_31DEC2026.xls,False,14858.85885885886,153
2026-08-03,GOLDPETAL,2026-12-31,14885.0,14902.0,14771.0,14805.0,14844.0,2577,8904,382.62,GOLDPETAL_31DEC2026.xls,False,14819.81981981982,150
2026-08-04,GOLDPETAL,2026-12-31,14841.0,14875.0,14797.0,14868.0,14805.0,1953,8524,289.75,GOLDPETAL_31DEC2026.xls,False,14882.882882882883,149
2026-08-05,GOLDPETAL,2026-12-31,14900.0,15250.0,14900.0,15226.0,14868.0,10111,8173,1525.1,GOLDPETAL_31DEC2026.xls,False,15241.241241241241,148
2026-08-06,GOLDPETAL,2026-12-31,15226.0,15396.0,15226.0,15284.0,15226.0,9859,9113,1509.84,GOLDPETAL_31DEC2026.xls,False,15299.299299299299,147
2026-08-07,GOLDPETAL,2026-12-31,15328.0,15695.0,15310.0,15635.0,15284.0,15093,10762,2345.99,GOLDPETAL_31DEC2026.xls,False,15650.65065065065,146
2026-08-10,GOLDPETAL,2026-12-31,15635.0,15785.0,15579.0,15749.0,15635.0,15963,10041,2509.92,GOLDPETAL_31DEC2026.xls,False,15764.764764764765,143
2026-08-11,GOLDPETAL,2026-12-31,15828.0,15987.0,15762.0,15852.0,15749.0,13512,12112,2146.19,GOLDPETAL_31DEC2026.xls,False,15867.867867867868,142
2026-08-12,GOLDPETAL,2026-12-31,15899.0,16039.0,15899.0,15983.0,15852.0,14106,11647,2252.74,GOLDPETAL_31DEC2026.xls,False,15998.998998998999,141
2026-08-13,GOLDPETAL,2026-12-31,16056.0,16056.0,15834.0,15873.0,15983.0,8842,13463,1405.81,GOLDPETAL_31DEC2026.xls,False,15888.888888888889,140
2026-08-14,GOLDPETAL,2026-12-31,15800.0,15959.0,15718.0,15937.0,15873.0,8480,13520,1344.2,GOLDPETAL_31DEC2026.xls,False,15952.952952952954,139
2026-08-17,GOLDPETAL,2026-12-31,15977.0,16070.0,15948.0,16052.0,15937.0,9724,14204,1557.42,GOLDPETAL_31DEC2026.xls,False,16068.068068068069,136
2026-08-18,GOLDPETAL,2026-12-31,16021.0,16049.0,15916.0,15934.0,16052.0,8833,15432,1412.4,GOLDPETAL_31DEC2026.xls,False,15949.94994994995,135
2026-08-19,GOLDPETAL,2026-12-31,15918.0,16267.0,15835.0,16243.0,15934.0,24412,16196,3934.67,GOLDPETAL_31DEC2026.xls,False,16259.25925925926,134
2026-08-20,GOLDPETAL,2026-12-31,16310.0,16457.0,16171.0,16409.0,16243.0,20819,16858,3401.38,GOLDPETAL_31DEC2026.xls,False,16425.425425425427,133
2026-08-21,GOLDPETAL,2026-12-31,16445.0,16735.0,16423.0,16715.0,16409.0,32395,17988,5373.6,GOLDPETAL_31DEC2026.xls,False,16731.731731731732,132
2026-08-24,GOLDPETAL,2026-12-31,16749.0,16975.0,16749.0,16833.0,16715.0,22816,19090,3852.0,GOLDPETAL_31DEC2026.xls,False,16849.84984984985,129
2026-08-25,GOLDPETAL,2026-12-31,16815.0,16885.0,16696.0,16782.0,16833.0,18381,19649,3085.85,GOLDPETAL_31DEC2026.xls,False,16798.798798798798,128
2026-08-26,GOLDPETAL,2026-12-31,16751.0,16852.0,16385.0,16446.0,16782.0,15903,20593,2647.85,GOLDPETAL_31DEC2026.xls,False,16462.462462462463,127
2026-08-27,GOLDPETAL,2026-12-31,16542.0,16581.0,16141.0,16336.0,16446.0,22489,24011,3674.18,GOLDPETAL_31DEC2026.xls,False,16352.352352352353,126
2026-08-28,GOLDPETAL,2026-12-31,16301.0,16400.0,16081.0,16112.0,16336.0,18954,26341,3074.9,GOLDPETAL_31DEC2026.xls,False,16128.128128128128,125
2026-08-31,GOLDPETAL,2026-12-31,15962.0,16069.0,15800.0,15824.0,16112.0,19924,30663,3161.26,GOLDPETAL_31DEC2026.xls,False,15839.83983983984,122
2026-09-01,GOLDPETAL,2026-12-31,15870.0,15889.0,15586.0,15619.0,15824.0,20055,32423,3149.45,GOLDPETAL_31DEC2026.xls,False,15634.634634634634,121
2026-09-02,GOLDPETAL,2026-12-31,15600.0,15716.0,15411.0,15697.0,15619.0,16898,34670,2629.51,GOLDPETAL_31DEC2026.xls,False,15712.712712712713,120
2026-09-03,GOLDPETAL,2026-12-31,15745.0,16046.0,15721.0,16023.0,15697.0,21260,36167,3382.72,GOLDPETAL_31DEC2026.xls,False,16039.039039039038,119
2026-09-04,GOLDPETAL,2026-12-31,15939.0,16009.0,15611.0,15711.0,16023.0,24585,36033,3883.3,GOLDPETAL_31DEC2026.xls,False,15726.726726726727,118
2026-09-07,GOLDPETAL,2026-12-31,15701.0,15750.0,15620.0,15697.0,15711.0,9656,37069,1514.65,GOLDPETAL_31DEC2026.xls,False,15712.712712712713,115
2026-09-08,GOLDPETAL,2026-12-31,15743.0,15821.0,15684.0,15711.0,15697.0,10536,38998,1658.45,GOLDPETAL_31DEC2026.xls,False,15726.726726726727,114
2026-09-09,GOLDPETAL,2026-12-31,15708.0,15820.0,15654.0,15774.0,15711.0,15036,38392,2368.85,GOLDPETAL_31DEC2026.xls,False,15789.78978978979,113
2026-09-10,GOLDPETAL,2026-12-31,15776.0,15849.0,15580.0,15663.0,15774.0,15586,38777,2449.07,GOLDPETAL_31DEC2026.xls,False,15678.678678678678,112
2026-09-11,GOLDPETAL,2026-12-31,15581.0,15782.0,15520.0,15697.0,15663.0,23955,39112,3750.45,GOLDPETAL_31DEC2026.xls,False,15712.712712712713,111
2026-09-14,GOLDPETAL,2026-12-31,15600.0,15600.0,15427.0,15535.0,15697.0,12167,39724,1886.47,GOLDPETAL_31DEC2026.xls,False,15550.55055055055,108
2026-09-15,GOLDPETAL,2026-12-31,15552.0,15575.0,15437.0,15491.0,15535.0,11271,39306,1745.68,GOLDPETAL_31DEC2026.xls,False,15506.506506506506,107
2026-09-16,GOLDPETAL,2026-12-31,15500.0,15675.0,15500.0,15629.0,15491.0,10837,38782,1690.77,GOLDPETAL_31DEC2026.xls,False,15644.644644644644,106
2026-09-17,GOLDPETAL,2026-12-31,15495.0,15734.0,15457.0,15696.0,15629.0,17790,39435,2777.59,GOLDPETAL_31DEC2026.xls,False,15711.711711711712,105
2026-09-18,GOLDPETAL,2026-12-31,15649.0,15850.0,15632.0,15826.0,15696.0,19239,40237,3036.42,GOLDPETAL_31DEC2026.xls,False,15841.841841841842,104
2026-09-21,GOLDPETAL,2026-12-31,15759.0,15829.0,15730.0,15765.0,15826.0,11079,41363,1748.16,GOLDPETAL_31DEC2026.xls,False,15780.78078078078,101
2026-09-22,GOLDPETAL,2026-12-31,15770.0,15790.0,15645.0,15721.0,15765.0,13686,42719,2150.55,GOLDPETAL_31DEC2026.xls,False,15736.736736736737,100
2026-09-23,GOLDPETAL,2026-12-31,15715.0,15755.0,15606.0,15623.0,15721.0,15719,44258,2462.34,GOLDPETAL_31DEC2026.xls,False,15638.638638638638,99
2026-09-24,GOLDPETAL,2026-12-31,15600.0,15627.0,15518.0,15561.0,15623.0,16405,46466,2553.6,GOLDPETAL_31DEC2026.xls,False,15576.576576576577,98
2026-09-25,GOLDPETAL,2026-12-31,15602.0,15680.0,15540.0,15598.0,15561.0,19677,48634,3071.19,GOLDPETAL_31DEC2026.xls,False,15613.613613613614,97
2026-08-03,GOLDPETAL,2027-01-29,14999.0,15024.0,14902.0,14946.0,15011.0,328,222,49.07,GOLDPETAL_29JAN2027.xls,False,14960.960960960962,179
2026-08-04,GOLDPETAL,2027-01-29,14961.0,15000.0,14939.0,14993.0,14946.0,444,473,66.51,GOLDPETAL_29JAN2027.xls,False,15008.008008008008,178
2026-08-05,GOLDPETAL,2027-01-29,15005.0,15350.0,15005.0,15340.0,14993.0,1599,962,243.1,GOLDPETAL_29JAN2027.xls,False,15355.355355355356,177
2026-08-06,GOLDPETAL,2027-01-29,15338.0,15500.0,15323.0,15402.0,15340.0,3142,1345,484.63,GOLDPETAL_29JAN2027.xls,False,15417.417417417417,176
2026-08-07,GOLDPETAL,2027-01-29,15459.0,15833.0,15413.0,15766.0,15402.0,6530,3210,1023.65,GOLDPETAL_29JAN2027.xls,False,15781.781781781781,175
2026-08-10,GOLDPETAL,2027-01-29,15756.0,15950.0,15732.0,15881.0,15766.0,7282,4898,1155.0,GOLDPETAL_29JAN2027.xls,False,15896.896896896897,172
2026-08-11,GOLDPETAL,2027-01-29,15924.0,16130.0,15924.0,15987.0,15881.0,5692,4747,912.17,GOLDPETAL_29JAN2027.xls,False,16003.003003003003,171
2026-08-12,GOLDPETAL,2027-01-29,16075.0,16185.0,16040.0,16119.0,15987.0,8176,6159,1317.67,GOLDPETAL_29JAN2027.xls,False,16135.135135135135,170
2026-08-13,GOLDPETAL,2027-01-29,16199.0,16250.0,15967.0,16009.0,16119.0,4910,6712,787.5,GOLDPETAL_29JAN2027.xls,False,16025.025025025025,169
2026-08-14,GOLDPETAL,2027-01-29,15970.0,16100.0,15865.0,16079.0,16009.0,5134,8098,821.37,GOLDPETAL_29JAN2027.xls,False,16095.095095095096,168
2026-08-17,GOLDPETAL,2027-01-29,16100.0,16209.0,16089.0,16193.0,16079.0,5209,7981,841.85,GOLDPETAL_29JAN2027.xls,False,16209.20920920921,165
2026-08-18,GOLDPETAL,2027-01-29,16229.0,16229.0,16061.0,16075.0,16193.0,4875,10313,786.75,GOLDPETAL_29JAN2027.xls,False,16091.091091091092,164
2026-08-19,GOLDPETAL,2027-01-29,16055.0,16400.0,15976.0,16375.0,16075.0,11429,8426,1857.06,GOLDPETAL_29JAN2027.xls,False,16391.391391391393,163
2026-08-20,GOLDPETAL,2027-01-29,16371.0,16607.0,16320.0,16553.0,16375.0,14221,11894,2344.05,GOLDPETAL_29JAN2027.xls,False,16569.56956956957,162
2026-08-21,GOLDPETAL,2027-01-29,16594.0,16874.0,16583.0,16855.0,16553.0,22709,16699,3801.77,GOLDPETAL_29JAN2027.xls,False,16871.87187187187,161
2026-08-24,GOLDPETAL,2027-01-29,16900.0,17119.0,16877.0,16975.0,16855.0,18840,18214,3207.05,GOLDPETAL_29JAN2027.xls,False,16991.991991991992,158
2026-08-25,GOLDPETAL,2027-01-29,16959.0,17025.0,16848.0,16931.0,16975.0,12085,19891,2046.35,GOLDPETAL_29JAN2027.xls,False,16947.94794794795,157
2026-08-26,GOLDPETAL,2027-01-29,16901.0,16996.0,16526.0,16612.0,16931.0,15199,22118,2552.47,GOLDPETAL_29JAN2027.xls,False,16628.62862862863,156
2026-08-27,GOLDPETAL,2027-01-29,16684.0,16728.0,16284.0,16451.0,16612.0,18795,24336,3094.44,GOLDPETAL_29JAN2027.xls,False,16467.467467467468,155
2026-08-28,GOLDPETAL,2027-01-29,16393.0,16511.0,16211.0,16237.0,16451.0,11766,25537,1922.18,GOLDPETAL_29JAN2027.xls,False,16253.253253253253,154
2026-08-31,GOLDPETAL,2027-01-29,16150.0,16150.0,15917.0,15962.0,16237.0,9092,26649,1454.24,GOLDPETAL_29JAN2027.xls,False,15977.977977977978,151
2026-09-01,GOLDPETAL,2027-01-29,15962.0,16016.0,15704.0,15739.0,15962.0,13054,28794,2065.64,GOLDPETAL_29JAN2027.xls,False,15754.754754754755,150
2026-09-02,GOLDPETAL,2027-01-29,15700.0,15839.0,15535.0,15810.0,15739.0,9662,29307,1514.05,GOLDPETAL_29JAN2027.xls,False,15825.825825825827,149
2026-09-03,GOLDPETAL,2027-01-29,15890.0,16171.0,15890.0,16154.0,15810.0,12227,29745,1960.85,GOLDPETAL_29JAN2027.xls,False,16170.17017017017,148
2026-09-04,GOLDPETAL,2027-01-29,16141.0,16141.0,15736.0,15856.0,16154.0,13930,31250,2218.37,GOLDPETAL_29JAN2027.xls,False,15871.871871871872,147
2026-09-07,GOLDPETAL,2027-01-29,15845.0,15887.0,15759.0,15818.0,15856.0,5144,31400,813.65,GOLDPETAL_29JAN2027.xls,False,15833.833833833834,144
2026-09-08,GOLDPETAL,2027-01-29,15883.0,15948.0,15811.0,15846.0,15818.0,5050,31909,801.41,GOLDPETAL_29JAN2027.xls,False,15861.861861861862,143
2026-09-09,GOLDPETAL,2027-01-29,15820.0,15950.0,15774.0,15903.0,15846.0,6975,31573,1107.59,GOLDPETAL_29JAN2027.xls,False,15918.918918918918,142
2026-09-10,GOLDPETAL,2027-01-29,15905.0,15977.0,15722.0,15799.0,15903.0,7588,32432,1203.38,GOLDPETAL_29JAN2027.xls,False,15814.814814814816,141
2026-09-11,GOLDPETAL,2027-01-29,15702.0,15908.0,15653.0,15789.0,15799.0,13255,31808,2091.94,GOLDPETAL_29JAN2027.xls,False,15804.804804804804,140
2026-09-14,GOLDPETAL,2027-01-29,15647.0,15726.0,15569.0,15663.0,15789.0,5192,32107,812.04,GOLDPETAL_29JAN2027.xls,False,15678.678678678678,137
2026-09-15,GOLDPETAL,2027-01-29,15687.0,15703.0,15575.0,15630.0,15663.0,4790,32196,748.48,GOLDPETAL_29JAN2027.xls,False,15645.645645645645,136
2026-09-16,GOLDPETAL,2027-01-29,15685.0,15798.0,15684.0,15762.0,15630.0,4921,32311,774.56,GOLDPETAL_29JAN2027.xls,False,15777.777777777777,135
2026-09-17,GOLDPETAL,2027-01-29,15611.0,15869.0,15508.0,15826.0,15762.0,6747,32317,1063.27,GOLDPETAL_29JAN2027.xls,False,15841.841841841842,134
2026-09-18,GOLDPETAL,2027-01-29,15801.0,15989.0,15775.0,15962.0,15826.0,9227,32291,1468.32,GOLDPETAL_29JAN2027.xls,False,15977.977977977978,133
2026-09-21,GOLDPETAL,2027-01-29,15912.0,15970.0,15876.0,15906.0,15962.0,6081,33268,968.65,GOLDPETAL_29JAN2027.xls,False,15921.921921921921,130
2026-09-22,GOLDPETAL,2027-01-29,15912.0,15930.0,15794.0,15875.0,15906.0,6583,34476,1044.04,GOLDPETAL_29JAN2027.xls,False,15890.89089089089,129
2026-09-23,GOLDPETAL,2027-01-29,15868.0,15914.0,15761.0,15772.0,15875.0,5806,36363,918.19,GOLDPETAL_29JAN2027.xls,False,15787.787787787787,128
2026-09-24,GOLDPETAL,2027-01-29,15764.0,15776.0,15665.0,15713.0,15772.0,6811,36519,1070.22,GOLDPETAL_29JAN2027.xls,False,15728.728728728729,127
2026-09-25,GOLDPETAL,2027-01-29,15769.0,15829.0,15687.0,15752.0,15713.0,7941,37155,1251.53,GOLDPETAL_29JAN2027.xls,False,15767.767767767768,126
2026-09-01,GOLDPETAL,2027-02-26,16101.0,16144.0,15800.0,15829.0,16109.0,4130,1182,657.33,GOLDPETAL_26FEB2027.xls,False,15844.844844844845,178
2026-09-02,GOLDPETAL,2027-02-26,15687.0,15926.0,15627.0,15904.0,15829.0,4258,2286,671.2,GOLDPETAL_26FEB2027.xls,False,15919.91991991992,177
2026-09-03,GOLDPETAL,2027-02-26,16067.0,16257.0,16000.0,16240.0,15904.0,3083,2876,497.75,GOLDPETAL_26FEB2027.xls,False,16256.256256256256,176
2026-09-04,GOLDPETAL,2027-02-26,16262.0,16264.0,15857.0,15960.0,16240.0,4020,2938,644.46,GOLDPETAL_26FEB2027.xls,False,15975.975975975976,175
2026-09-07,GOLDPETAL,2027-02-26,15948.0,15990.0,15868.0,15926.0,15960.0,2755,3257,438.79,GOLDPETAL_26FEB2027.xls,False,15941.941941941943,172
2026-09-08,GOLDPETAL,2027-02-26,15976.0,16042.0,15920.0,15965.0,15926.0,2185,3489,349.01,GOLDPETAL_26FEB2027.xls,False,15980.980980980981,171
2026-09-09,GOLDPETAL,2027-02-26,15951.0,16250.0,15896.0,16025.0,15965.0,2552,3812,408.33,GOLDPETAL_26FEB2027.xls,False,16041.04104104104,170
2026-09-10,GOLDPETAL,2027-02-26,16022.0,16082.0,15843.0,15934.0,16025.0,3151,3837,503.26,GOLDPETAL_26FEB2027.xls,False,15949.94994994995,169
2026-09-11,GOLDPETAL,2027-02-26,15824.0,16026.0,15740.0,15937.0,15934.0,6405,3805,1016.64,GOLDPETAL_26FEB2027.xls,False,15952.952952952954,168
2026-09-14,GOLDPETAL,2027-02-26,15800.0,15861.0,15700.0,15805.0,15937.0,2879,3999,454.19,GOLDPETAL_26FEB2027.xls,False,15820.820820820822,165
2026-09-15,GOLDPETAL,2027-02-26,15805.0,15831.0,15699.0,15756.0,15805.0,2780,4076,438.21,GOLDPETAL_26FEB2027.xls,False,15771.771771771771,164
2026-09-16,GOLDPETAL,2027-02-26,15854.0,15917.0,15731.0,15869.0,15756.0,3051,4353,483.51,GOLDPETAL_26FEB2027.xls,False,15884.884884884885,163
2026-09-17,GOLDPETAL,2027-02-26,15750.0,15989.0,15699.0,15958.0,15869.0,3649,5058,579.12,GOLDPETAL_26FEB2027.xls,False,15973.973973973974,162
2026-09-18,GOLDPETAL,2027-02-26,15935.0,16098.0,15900.0,16072.0,15958.0,4381,5207,702.61,GOLDPETAL_26FEB2027.xls,False,16088.088088088089,161
2026-09-21,GOLDPETAL,2027-02-26,16018.0,16099.0,16000.0,16042.0,16072.0,2801,5200,449.77,GOLDPETAL_26FEB2027.xls,False,16058.058058058057,158
2026-09-22,GOLDPETAL,2027-02-26,16007.0,16064.0,15930.0,16006.0,16042.0,2082,5222,333.1,GOLDPETAL_26FEB2027.xls,False,16022.022022022022,157
2026-09-23,GOLDPETAL,2027-02-26,15994.0,16044.0,15903.0,15911.0,16006.0,2709,5814,432.1,GOLDPETAL_26FEB2027.xls,False,15926.926926926926,156
2026-09-24,GOLDPETAL,2027-02-26,15908.0,15922.0,15820.0,15851.0,15911.0,4689,7584,743.69,GOLDPETAL_26FEB2027.xls,False,15866.866866866867,155
2026-09-25,GOLDPETAL,2027-02-26,15888.0,15969.0,15838.0,15895.0,15851.0,4188,8214,665.66,GOLDPETAL_26FEB2027.xls,False,15910.91091091091,154
2025-03-31,GOLDTEN,2025-04-30,,,,89853.0,89853.0,0,0,0.0,GOLDTEN_30APR2025.xls,True,8994.294294294294,30
2025-04-01,GOLDTEN,2025-04-30,90504.0,92494.0,90380.0,90735.0,90926.0,1821,762,1655.33,GOLDTEN_30APR2025.xls,False,9082.582582582583,29
2025-04-02,GOLDTEN,2025-04-30,91000.0,91080.0,90513.0,90732.0,90735.0,1285,903,1166.61,GOLDTEN_30APR2025.xls,False,9082.282282282284,28
2025-04-03,GOLDTEN,2025-04-30,90800.0,91143.0,88932.0,90065.0,90732.0,3662,916,3300.19,GOLDTEN_30APR2025.xls,False,9015.515515515515,27
2025-04-04,GOLDTEN,2025-04-30,89931.0,90580.0,88200.0,88467.0,90065.0,4723,1269,4219.96,GOLDTEN_30APR2025.xls,False,8855.555555555557,26
2025-04-07,GOLDTEN,2025-04-30,88400.0,89350.0,87151.0,87316.0,88467.0,3238,1544,2856.58,GOLDTEN_30APR2025.xls,False,8740.34034034034,23
2025-04-08,GOLDTEN,2025-04-30,87554.0,88371.0,87516.0,87706.0,87316.0,2170,1726,1907.79,GOLDTEN_30APR2025.xls,False,8779.37937937938,22
2025-04-09,GOLDTEN,2025-04-30,88100.0,90385.0,88001.0,89611.0,87706.0,4149,1382,3711.32,GOLDTEN_30APR2025.xls,False,8970.07007007007,21
2025-04-10,GOLDTEN,2025-04-30,91099.0,91900.0,90300.0,91618.0,89611.0,2878,1601,2626.88,GOLDTEN_30APR2025.xls,False,9170.97097097097,20
2025-04-11,GOLDTEN,2025-04-30,92450.0,93745.0,92000.0,93581.0,91618.0,5054,2219,4705.31,GOLDTEN_30APR2025.xls,False,9367.467467467468,19
2025-04-14,GOLDTEN,2025-04-30,93688.0,93689.0,92711.0,93207.0,93581.0,2510,2205,2334.49,GOLDTEN_30APR2025.xls,False,9330.030030030031,16
2025-04-15,GOLDTEN,2025-04-30,93302.0,93470.0,93001.0,93378.0,93207.0,2124,2154,1979.93,GOLDTEN_30APR2025.xls,False,9347.147147147147,15
2025-04-16,GOLDTEN,2025-04-30,93888.0,95630.0,93888.0,95508.0,93378.0,4741,2654,4498.62,GOLDTEN_30APR2025.xls,False,9560.360360360359,14
2025-04-17,GOLDTEN,2025-04-30,95830.0,95830.0,94205.0,95000.0,95508.0,3284,2098,3118.77,GOLDTEN_30APR2025.xls,False,9509.50950950951,13
2025-04-21,GOLDTEN,2025-04-30,96335.0,97605.0,95800.0,96992.0,95000.0,2824,2132,2728.34,GOLDTEN_30APR2025.xls,False,9708.90890890891,9
2025-04-22,GOLDTEN,2025-04-30,97851.0,99135.0,96555.0,97502.0,96992.0,6064,1626,5948.55,GOLDTEN_30APR2025.xls,False,9759.95995995996,8
2025-04-23,GOLDTEN,2025-04-30,96289.0,96289.0,94373.0,94900.0,97502.0,5132,853,4894.5,GOLDTEN_30APR2025.xls,False,9499.4994994995,7
2025-04-24,GOLDTEN,2025-04-30,95778.0,96257.0,95123.0,95402.0,94900.0,1035,420,990.03,GOLDTEN_30APR2025.xls,False,9549.74974974975,6
2025-04-25,GOLDTEN,2025-04-30,95438.0,95830.0,94100.0,94528.0,95402.0,112,367,106.12,GOLDTEN_30APR2025.xls,False,9462.262262262262,5
2025-04-28,GOLDTEN,2025-04-30,94800.0,95938.0,94441.0,94925.0,94528.0,61,225,57.79,GOLDTEN_30APR2025.xls,False,9502.002002002002,2
2025-04-29,GOLDTEN,2025-04-30,95498.0,95844.0,95400.0,95734.0,94925.0,40,54,38.28,GOLDTEN_30APR2025.xls,False,9582.982982982983,1
2025-04-30,GOLDTEN,2025-04-30,95446.0,95446.0,94152.0,94703.0,95734.0,17,54,16.14,GOLDTEN_30APR2025.xls,False,9479.77977977978,0
2025-03-31,GOLDTEN,2025-05-30,,,,90415.0,90415.0,0,0,0.0,GOLDTEN_30MAY2025.xls,True,9050.55055055055,60
2025-04-01,GOLDTEN,2025-05-30,90700.0,91492.0,90650.0,91098.0,90929.0,1440,536,1312.28,GOLDTEN_30MAY2025.xls,False,9118.918918918918,59
2025-04-02,GOLDTEN,2025-05-30,91263.0,91300.0,90775.0,91054.0,91098.0,456,618,415.28,GOLDTEN_30MAY2025.xls,False,9114.514514514514,58
2025-04-03,GOLDTEN,2025-05-30,91225.0,91490.0,89250.0,90422.0,91054.0,1390,667,1259.15,GOLDTEN_30MAY2025.xls,False,9051.251251251251,57
2025-04-04,GOLDTEN,2025-05-30,90012.0,91000.0,88477.0,88631.0,90422.0,1976,669,1768.46,GOLDTEN_30MAY2025.xls,False,8871.971971971972,56
2025-04-07,GOLDTEN,2025-05-30,88702.0,89086.0,87357.0,87608.0,88631.0,1442,591,1276.14,GOLDTEN_30MAY2025.xls,False,8769.569569569569,53
2025-04-08,GOLDTEN,2025-05-30,87767.0,88641.0,87767.0,88015.0,87608.0,1029,642,907.5,GOLDTEN_30MAY2025.xls,False,8810.31031031031,52
2025-04-09,GOLDTEN,2025-05-30,88380.0,90650.0,88334.0,89828.0,88015.0,1620,954,1452.32,GOLDTEN_30MAY2025.xls,False,8991.791791791791,51
2025-04-10,GOLDTEN,2025-05-30,91549.0,92522.0,90730.0,91967.0,89828.0,2063,1069,1891.01,GOLDTEN_30MAY2025.xls,False,9205.905905905907,50
2025-04-11,GOLDTEN,2025-05-30,93040.0,94059.0,92507.0,93893.0,91967.0,3340,1969,3119.51,GOLDTEN_30MAY2025.xls,False,9398.698698698698,49
2025-04-14,GOLDTEN,2025-05-30,93794.0,93794.0,93014.0,93444.0,93893.0,897,2012,837.17,GOLDTEN_30MAY2025.xls,False,9353.753753753754,46
2025-04-15,GOLDTEN,2025-05-30,93557.0,93750.0,93280.0,93681.0,93444.0,975,2262,911.64,GOLDTEN_30MAY2025.xls,False,9377.477477477478,45
2025-04-16,GOLDTEN,2025-05-30,94310.0,95873.0,94310.0,95762.0,93681.0,2740,2654,2606.93,GOLDTEN_30MAY2025.xls,False,9585.785785785787,44
2025-04-17,GOLDTEN,2025-05-30,96085.0,96086.0,94568.0,95451.0,95762.0,3602,3207,3435.36,GOLDTEN_30MAY2025.xls,False,9554.654654654654,43
2025-04-21,GOLDTEN,2025-05-30,96000.0,97444.0,96000.0,97364.0,95451.0,2983,3690,2891.43,GOLDTEN_30MAY2025.xls,False,9746.146146146146,39
2025-04-22,GOLDTEN,2025-05-30,97649.0,99390.0,96840.0,97562.0,97364.0,6545,4279,6427.97,GOLDTEN_30MAY2025.xls,False,9765.965965965966,38
2025-04-23,GOLDTEN,2025-05-30,97100.0,97100.0,94651.0,95141.0,97562.0,8850,4114,8461.15,GOLDTEN_30MAY2025.xls,False,9523.623623623624,37
2025-04-24,GOLDTEN,2025-05-30,95707.0,96309.0,95450.0,96083.0,95141.0,7218,4344,6930.05,GOLDTEN_30MAY2025.xls,False,9617.917917917917,36
2025-04-25,GOLDTEN,2025-05-30,96449.0,96483.0,94550.0,95220.0,96083.0,6747,4065,6425.4,GOLDTEN_30MAY2025.xls,False,9531.531531531531,35
2025-04-28,GOLDTEN,2025-05-30,95219.0,96197.0,94388.0,96124.0,95220.0,6939,4370,6601.13,GOLDTEN_30MAY2025.xls,False,9622.022022022022,32
2025-04-29,GOLDTEN,2025-05-30,95501.0,96124.0,95299.0,95783.0,96124.0,4848,4335,4635.44,GOLDTEN_30MAY2025.xls,False,9587.887887887888,31
2025-04-30,GOLDTEN,2025-05-30,95580.0,95581.0,94010.0,94949.0,95783.0,7987,4363,7565.94,GOLDTEN_30MAY2025.xls,False,9504.404404404404,30
2025-05-01,GOLDTEN,2025-05-30,94105.0,94105.0,92444.0,92659.0,94949.0,5241,5193,4861.01,GOLDTEN_30MAY2025.xls,False,9275.175175175174,29
2025-05-02,GOLDTEN,2025-05-30,92920.0,93690.0,92713.0,92922.0,92659.0,8802,5486,8203.45,GOLDTEN_30MAY2025.xls,False,9301.501501501501,28
2025-05-05,GOLDTEN,2025-05-30,93445.0,94898.0,93166.0,94794.0,92922.0,5842,6184,5502.5,GOLDTEN_30MAY2025.xls,False,9488.888888888889,25
2025-05-06,GOLDTEN,2025-05-30,95500.0,97601.0,95301.0,97538.0,94794.0,8459,5874,8171.43,GOLDTEN_30MAY2025.xls,False,9763.563563563563,24
2025-05-07,GOLDTEN,2025-05-30,97002.0,97488.0,96649.0,97208.0,97538.0,5616,5258,5454.09,GOLDTEN_30MAY2025.xls,False,9730.53053053053,23
2025-05-08,GOLDTEN,2025-05-30,97408.0,97451.0,95630.0,96401.0,97208.0,11549,4531,11155.58,GOLDTEN_30MAY2025.xls,False,9649.74974974975,22
2025-05-09,GOLDTEN,2025-05-30,96400.0,96928.0,96057.0,96589.0,96401.0,6004,4296,5791.64,GOLDTEN_30MAY2025.xls,False,9668.568568568568,21
2025-05-12,GOLDTEN,2025-05-30,95841.0,95841.0,92750.0,93238.0,96589.0,12782,5722,11964.68,GOLDTEN_30MAY2025.xls,False,9333.133133133133,18
2025-05-13,GOLDTEN,2025-05-30,93206.0,94327.0,93161.0,93783.0,93238.0,7784,5214,7302.85,GOLDTEN_30MAY2025.xls,False,9387.687687687687,17
2025-05-14,GOLDTEN,2025-05-30,93251.0,93788.0,92402.0,92588.0,93783.0,10746,6708,9992.78,GOLDTEN_30MAY2025.xls,False,9268.068068068067,16
2025-05-15,GOLDTEN,2025-05-30,92401.0,93550.0,91279.0,93330.0,92588.0,12866,6167,11895.55,GOLDTEN_30MAY2025.xls,False,9342.342342342343,15
2025-05-16,GOLDTEN,2025-05-30,93051.0,93689.0,92000.0,92647.0,93330.0,11556,6370,10715.12,GOLDTEN_30MAY2025.xls,False,9273.973973973974,14
2025-05-19,GOLDTEN,2025-05-30,93245.0,93925.0,93120.0,93462.0,92647.0,7084,5811,6628.69,GOLDTEN_30MAY2025.xls,False,9355.555555555557,11
2025-05-20,GOLDTEN,2025-05-30,93089.0,94940.0,93000.0,94873.0,93462.0,9501,4884,8929.59,GOLDTEN_30MAY2025.xls,False,9496.796796796796,10
2025-05-21,GOLDTEN,2025-05-30,95100.0,95733.0,94903.0,95422.0,94873.0,6812,4967,6499.89,GOLDTEN_30MAY2025.xls,False,9551.751751751752,9
2025-05-22,GOLDTEN,2025-05-30,95800.0,96173.0,95185.0,95498.0,95422.0,7835,4621,7502.68,GOLDTEN_30MAY2025.xls,False,9559.359359359358,8
2025-05-23,GOLDTEN,2025-05-30,95446.0,96454.0,95446.0,96170.0,95498.0,5846,3427,5609.99,GOLDTEN_30MAY2025.xls,False,9626.626626626627,7
2025-05-26,GOLDTEN,2025-05-30,95704.0,96300.0,95654.0,96238.0,96170.0,3549,1334,3406.43,GOLDTEN_30MAY2025.xls,False,9633.433433433433,4
2025-05-27,GOLDTEN,2025-05-30,96476.0,96599.0,95211.0,95550.0,96238.0,1042,503,999.57,GOLDTEN_30MAY2025.xls,False,9564.564564564565,3
2025-05-28,GOLDTEN,2025-05-30,95546.0,96300.0,95505.0,95989.0,95550.0,287,372,275.37,GOLDTEN_30MAY2025.xls,False,9608.508508508508,2
2025-05-29,GOLDTEN,2025-05-30,95584.0,96180.0,94900.0,95753.0,95989.0,252,187,240.29,GOLDTEN_30MAY2025.xls,False,9584.884884884885,1
2025-05-30,GOLDTEN,2025-05-30,95800.0,96540.0,95105.0,95347.0,95753.0,240,37,229.72,GOLDTEN_30MAY2025.xls,False,9544.244244244244,0
2025-03-31,GOLDTEN,2025-06-30,,,,90979.0,90979.0,0,0,0.0,GOLDTEN_30JUN2025.xls,True,9107.007007007007,91
2025-04-01,GOLDTEN,2025-06-30,91456.0,91873.0,90725.0,91316.0,91432.0,213,94,194.39,GOLDTEN_30JUN2025.xls,False,9140.74074074074,90
2025-04-02,GOLDTEN,2025-06-30,91500.0,91699.0,91051.0,91207.0,91316.0,78,107,71.21,GOLDTEN_30JUN2025.xls,False,9129.82982982983,89
2025-04-03,GOLDTEN,2025-06-30,91500.0,91777.0,89566.0,90540.0,91207.0,241,120,218.82,GOLDTEN_30JUN2025.xls,False,9063.063063063064,88
2025-04-04,GOLDTEN,2025-06-30,90003.0,91000.0,88801.0,88940.0,90540.0,314,132,281.88,GOLDTEN_30JUN2025.xls,False,8902.902902902902,87
2025-04-07,GOLDTEN,2025-06-30,88932.0,89700.0,87670.0,87867.0,88940.0,182,151,161.17,GOLDTEN_30JUN2025.xls,False,8795.495495495496,84
2025-04-08,GOLDTEN,2025-06-30,88015.0,88811.0,88015.0,88216.0,87867.0,118,178,104.37,GOLDTEN_30JUN2025.xls,False,8830.430430430431,83
2025-04-09,GOLDTEN,2025-06-30,88730.0,90845.0,88634.0,90049.0,88216.0,437,229,392.93,GOLDTEN_30JUN2025.xls,False,9013.913913913913,82
2025-04-10,GOLDTEN,2025-06-30,91170.0,92346.0,90250.0,91967.0,90049.0,1343,337,1233.71,GOLDTEN_30JUN2025.xls,False,9205.905905905907,81
2025-04-11,GOLDTEN,2025-06-30,93429.0,93840.0,92725.0,93669.0,91967.0,650,536,607.09,GOLDTEN_30JUN2025.xls,False,9376.276276276276,80
2025-04-14,GOLDTEN,2025-06-30,93589.0,93618.0,92840.0,93308.0,93669.0,385,570,358.7,GOLDTEN_30JUN2025.xls,False,9340.14014014014,77
2025-04-15,GOLDTEN,2025-06-30,93494.0,93583.0,93169.0,93528.0,93308.0,350,616,326.82,GOLDTEN_30JUN2025.xls,False,9362.162162162162,76
2025-04-16,GOLDTEN,2025-06-30,93802.0,95770.0,93802.0,95605.0,93528.0,1039,984,986.59,GOLDTEN_30JUN2025.xls,False,9570.07007007007,75
2025-04-17,GOLDTEN,2025-06-30,95618.0,95818.0,94491.0,95267.0,95605.0,789,1043,751.04,GOLDTEN_30JUN2025.xls,False,9536.236236236236,74
2025-04-21,GOLDTEN,2025-06-30,95444.0,97300.0,95444.0,97209.0,95267.0,1312,1404,1269.82,GOLDTEN_30JUN2025.xls,False,9730.63063063063,70
2025-04-22,GOLDTEN,2025-06-30,97951.0,99475.0,96700.0,97516.0,97209.0,2660,1556,2611.81,GOLDTEN_30JUN2025.xls,False,9761.361361361362,69
2025-04-23,GOLDTEN,2025-06-30,96139.0,96608.0,94640.0,95179.0,97516.0,3758,1624,3590.65,GOLDTEN_30JUN2025.xls,False,9527.427427427427,68
2025-04-24,GOLDTEN,2025-06-30,95999.0,96476.0,95619.0,96368.0,95179.0,2811,2173,2703.52,GOLDTEN_30JUN2025.xls,False,9646.446446446445,67
2025-04-25,GOLDTEN,2025-06-30,96700.0,96701.0,94806.0,95492.0,96368.0,2591,2118,2474.84,GOLDTEN_30JUN2025.xls,False,9558.758758758759,66
2025-04-28,GOLDTEN,2025-06-30,95182.0,96545.0,94739.0,96439.0,95492.0,2178,1995,2081.9,GOLDTEN_30JUN2025.xls,False,9653.553553553553,63
2025-04-29,GOLDTEN,2025-06-30,95981.0,96239.0,95562.0,96055.0,96439.0,1755,2161,1683.08,GOLDTEN_30JUN2025.xls,False,9615.115115115115,62
2025-04-30,GOLDTEN,2025-06-30,95794.0,95854.0,94400.0,95306.0,96055.0,2683,2596,2552.7,GOLDTEN_30JUN2025.xls,False,9540.14014014014,61
2025-05-01,GOLDTEN,2025-06-30,94650.0,94650.0,92831.0,93042.0,95306.0,2472,2779,2302.71,GOLDTEN_30JUN2025.xls,False,9313.513513513515,60
2025-05-02,GOLDTEN,2025-06-30,93523.0,93989.0,93082.0,93326.0,93042.0,2407,2671,2251.29,GOLDTEN_30JUN2025.xls,False,9341.941941941943,59
2025-05-05,GOLDTEN,2025-06-30,93326.0,95260.0,93326.0,95177.0,93326.0,2761,2327,2613.55,GOLDTEN_30JUN2025.xls,False,9527.227227227228,56
2025-05-06,GOLDTEN,2025-06-30,95500.0,97900.0,95500.0,97805.0,95177.0,4339,2826,4207.52,GOLDTEN_30JUN2025.xls,False,9790.29029029029,55
2025-05-07,GOLDTEN,2025-06-30,97283.0,97732.0,96910.0,97446.0,97805.0,2255,2895,2195.31,GOLDTEN_30JUN2025.xls,False,9754.354354354355,54
2025-05-08,GOLDTEN,2025-06-30,97666.0,97666.0,95914.0,96669.0,97446.0,5213,2726,5048.32,GOLDTEN_30JUN2025.xls,False,9676.576576576575,53
2025-05-09,GOLDTEN,2025-06-30,96549.0,97169.0,96204.0,96857.0,96669.0,2279,2811,2204.76,GOLDTEN_30JUN2025.xls,False,9695.395395395397,52
2025-05-12,GOLDTEN,2025-06-30,96162.0,96162.0,93240.0,93645.0,96857.0,7050,3914,6631.27,GOLDTEN_30JUN2025.xls,False,9373.873873873874,49
2025-05-13,GOLDTEN,2025-06-30,93695.0,94795.0,93506.0,94334.0,93645.0,3553,3326,3350.41,GOLDTEN_30JUN2025.xls,False,9442.842842842843,48
2025-05-14,GOLDTEN,2025-06-30,93211.0,94288.0,92778.0,93007.0,94334.0,5465,5234,5106.12,GOLDTEN_30JUN2025.xls,False,9310.01001001001,47
2025-05-15,GOLDTEN,2025-06-30,92579.0,93986.0,91755.0,93794.0,93007.0,6206,5225,5759.51,GOLDTEN_30JUN2025.xls,False,9388.788788788788,46
2025-05-16,GOLDTEN,2025-06-30,93481.0,94104.0,92453.0,93174.0,93794.0,6371,5593,5937.24,GOLDTEN_30JUN2025.xls,False,9326.726726726727,45
2025-05-19,GOLDTEN,2025-06-30,93751.0,94374.0,93600.0,93965.0,93174.0,4647,5064,4369.72,GOLDTEN_30JUN2025.xls,False,9405.905905905905,42
2025-05-20,GOLDTEN,2025-06-30,93582.0,95484.0,93525.0,95435.0,93965.0,7652,5197,7237.94,GOLDTEN_30JUN2025.xls,False,9553.053053053052,41
2025-05-21,GOLDTEN,2025-06-30,95625.0,96300.0,95530.0,96154.0,95435.0,6998,4909,6721.94,GOLDTEN_30JUN2025.xls,False,9625.025025025025,40
2025-05-22,GOLDTEN,2025-06-30,96388.0,96850.0,95800.0,96084.0,96154.0,8721,5462,8406.76,GOLDTEN_30JUN2025.xls,False,9618.018018018018,39
2025-05-23,GOLDTEN,2025-06-30,95501.0,96978.0,95501.0,96846.0,96084.0,8565,5920,8269.62,GOLDTEN_30JUN2025.xls,False,9694.294294294295,38
2025-05-26,GOLDTEN,2025-06-30,96786.0,96786.0,96121.0,96492.0,96846.0,6280,6085,6051.83,GOLDTEN_30JUN2025.xls,False,9658.85885885886,35
2025-05-27,GOLDTEN,2025-06-30,96250.0,96692.0,95597.0,95790.0,96492.0,8113,7337,7782.39,GOLDTEN_30JUN2025.xls,False,9588.58858858859,34
2025-05-28,GOLDTEN,2025-06-30,95767.0,96311.0,95653.0,95791.0,95790.0,6496,7345,6236.33,GOLDTEN_30JUN2025.xls,False,9588.68868868869,33
2025-05-29,GOLDTEN,2025-06-30,95555.0,96334.0,95165.0,96129.0,95791.0,11366,7830,10876.58,GOLDTEN_30JUN2025.xls,False,9622.522522522522,32
2025-05-30,GOLDTEN,2025-06-30,95812.0,95981.0,95327.0,95711.0,96129.0,9522,8962,9108.94,GOLDTEN_30JUN2025.xls,False,9580.680680680682,31
2025-06-02,GOLDTEN,2025-06-30,95912.0,97600.0,95860.0,97533.0,95711.0,13493,7152,13072.34,GOLDTEN_30JUN2025.xls,False,9763.063063063062,28
2025-06-03,GOLDTEN,2025-06-30,97515.0,97554.0,96961.0,97384.0,97533.0,5571,6966,5421.59,GOLDTEN_30JUN2025.xls,False,9748.148148148148,27
2025-06-04,GOLDTEN,2025-06-30,97480.0,98180.0,97323.0,98108.0,97384.0,7809,7679,7632.53,GOLDTEN_30JUN2025.xls,False,9820.62062062062,26
2025-06-05,GOLDTEN,2025-06-30,98101.0,98810.0,97400.0,97650.0,98108.0,11605,7530,11387.43,GOLDTEN_30JUN2025.xls,False,9774.774774774774,25
2025-06-06,GOLDTEN,2025-06-30,97825.0,98199.0,96720.0,96899.0,97650.0,9447,7439,9201.72,GOLDTEN_30JUN2025.xls,False,9699.5995995996,24
2025-06-09,GOLDTEN,2025-06-30,96715.0,97000.0,96178.0,96963.0,96899.0,7256,7586,7009.84,GOLDTEN_30JUN2025.xls,False,9706.006006006006,21
2025-06-10,GOLDTEN,2025-06-30,96700.0,97150.0,96117.0,96699.0,96963.0,9289,7521,8978.39,GOLDTEN_30JUN2025.xls,False,9679.579579579578,20
2025-06-11,GOLDTEN,2025-06-30,97013.0,97250.0,96466.0,96529.0,96699.0,6996,7360,6776.86,GOLDTEN_30JUN2025.xls,False,9662.562562562562,19
2025-06-12,GOLDTEN,2025-06-30,97325.0,98125.0,97021.0,97969.0,96529.0,11643,7795,11374.12,GOLDTEN_30JUN2025.xls,False,9806.706706706706,18
2025-06-13,GOLDTEN,2025-06-30,98339.0,100047.0,98339.0,99784.0,97969.0,10343,7588,10303.54,GOLDTEN_30JUN2025.xls,False,9988.388388388388,17
2025-06-16,GOLDTEN,2025-06-30,99748.0,100000.0,98523.0,98832.0,99784.0,6652,7165,6601.34,GOLDTEN_30JUN2025.xls,False,9893.093093093094,14
2025-06-17,GOLDTEN,2025-06-30,98620.0,99252.0,98501.0,99070.0,98832.0,7356,6742,7276.12,GOLDTEN_30JUN2025.xls,False,9916.916916916916,13
2025-06-18,GOLDTEN,2025-06-30,99068.0,99388.0,98800.0,99258.0,99070.0,6212,6283,6159.4,GOLDTEN_30JUN2025.xls,False,9935.735735735734,12
2025-06-19,GOLDTEN,2025-06-30,99012.0,99480.0,98470.0,99083.0,99258.0,5378,5882,5319.53,GOLDTEN_30JUN2025.xls,False,9918.218218218217,11
2025-06-20,GOLDTEN,2025-06-30,98571.0,98860.0,98261.0,98792.0,99083.0,4476,5419,4412.3,GOLDTEN_30JUN2025.xls,False,9889.08908908909,10
2025-06-23,GOLDTEN,2025-06-30,98799.0,99390.0,98550.0,99095.0,98792.0,6776,2466,6712.45,GOLDTEN_30JUN2025.xls,False,9919.419419419419,7
2025-06-24,GOLDTEN,2025-06-30,98599.0,98599.0,96200.0,96430.0,99095.0,3601,588,3498.82,GOLDTEN_30JUN2025.xls,False,9652.652652652652,6
2025-06-25,GOLDTEN,2025-06-30,96912.0,97380.0,96670.0,97095.0,96430.0,277,451,268.48,GOLDTEN_30JUN2025.xls,False,9719.21921921922,5
2025-06-26,GOLDTEN,2025-06-30,97198.0,98657.0,96873.0,97747.0,97095.0,246,304,239.8,GOLDTEN_30JUN2025.xls,False,9784.484484484485,4
2025-06-27,GOLDTEN,2025-06-30,97430.0,101900.0,94815.0,96063.0,97747.0,305,108,296.26,GOLDTEN_30JUN2025.xls,False,9615.915915915915,3
2025-06-30,GOLDTEN,2025-06-30,96339.0,96339.0,95500.0,95985.0,96063.0,55,90,52.8,GOLDTEN_30JUN2025.xls,False,9608.108108108108,0
2025-05-01,GOLDTEN,2025-07-31,93555.0,93999.0,93005.0,93294.0,93465.0,148,106,138.11,GOLDTEN_31JUL2025.xls,False,9338.738738738739,91
2025-05-02,GOLDTEN,2025-07-31,93920.0,94267.0,93350.0,93551.0,93294.0,345,163,323.55,GOLDTEN_31JUL2025.xls,False,9364.464464464465,90
2025-05-05,GOLDTEN,2025-07-31,94027.0,95560.0,93764.0,95403.0,93551.0,434,245,412.21,GOLDTEN_31JUL2025.xls,False,9549.849849849848,87
2025-05-06,GOLDTEN,2025-07-31,96200.0,98265.0,96199.0,98161.0,95403.0,1092,568,1062.55,GOLDTEN_31JUL2025.xls,False,9825.925925925927,86
2025-05-07,GOLDTEN,2025-07-31,97633.0,98000.0,97198.0,97780.0,98161.0,893,630,871.54,GOLDTEN_31JUL2025.xls,False,9787.787787787787,85
2025-05-08,GOLDTEN,2025-07-31,97954.0,98009.0,96350.0,97127.0,97780.0,2132,1300,2071.69,GOLDTEN_31JUL2025.xls,False,9722.422422422424,84
2025-05-09,GOLDTEN,2025-07-31,96931.0,97600.0,96768.0,97363.0,97127.0,802,1466,779.31,GOLDTEN_31JUL2025.xls,False,9746.046046046045,83
2025-05-12,GOLDTEN,2025-07-31,95770.0,95770.0,93700.0,94132.0,97363.0,2733,2863,2586.17,GOLDTEN_31JUL2025.xls,False,9422.622622622623,80
2025-05-13,GOLDTEN,2025-07-31,94130.0,95250.0,94126.0,94808.0,94132.0,1645,2684,1559.19,GOLDTEN_31JUL2025.xls,False,9490.29029029029,79
2025-05-14,GOLDTEN,2025-07-31,96955.0,96955.0,93190.0,93396.0,94808.0,2621,3408,2462.99,GOLDTEN_31JUL2025.xls,False,9348.94894894895,78
2025-05-15,GOLDTEN,2025-07-31,93001.0,94399.0,92080.0,94129.0,93396.0,3393,3453,3160.86,GOLDTEN_31JUL2025.xls,False,9422.322322322321,77
2025-05-16,GOLDTEN,2025-07-31,93849.0,94523.0,92892.0,93540.0,94129.0,2723,4026,2549.36,GOLDTEN_31JUL2025.xls,False,9363.363363363364,76
2025-05-19,GOLDTEN,2025-07-31,94104.0,94749.0,94000.0,94314.0,93540.0,2038,3787,1924.32,GOLDTEN_31JUL2025.xls,False,9440.840840840841,73
2025-05-20,GOLDTEN,2025-07-31,93999.0,95897.0,93930.0,95802.0,94314.0,3546,3110,3372.49,GOLDTEN_31JUL2025.xls,False,9589.789789789791,72
2025-05-21,GOLDTEN,2025-07-31,96000.0,96766.0,96000.0,96633.0,95802.0,2713,2651,2618.48,GOLDTEN_31JUL2025.xls,False,9672.972972972972,71
2025-05-22,GOLDTEN,2025-07-31,96750.0,97359.0,96331.0,96645.0,96633.0,3002,2527,2910.68,GOLDTEN_31JUL2025.xls,False,9674.174174174173,70
2025-05-23,GOLDTEN,2025-07-31,96593.0,97487.0,96580.0,97324.0,96645.0,2454,3138,2382.55,GOLDTEN_31JUL2025.xls,False,9742.142142142142,69
2025-05-26,GOLDTEN,2025-07-31,97056.0,97150.0,96628.0,96964.0,97324.0,2226,3636,2156.43,GOLDTEN_31JUL2025.xls,False,9706.106106106106,66
2025-05-27,GOLDTEN,2025-07-31,97080.0,97179.0,96038.0,96229.0,96964.0,4688,5693,4516.5,GOLDTEN_31JUL2025.xls,False,9632.532532532532,65
2025-05-28,GOLDTEN,2025-07-31,96197.0,96778.0,96100.0,96224.0,96229.0,3183,6008,3069.35,GOLDTEN_31JUL2025.xls,False,9632.032032032032,64
2025-05-29,GOLDTEN,2025-07-31,96000.0,96750.0,95577.0,96611.0,96224.0,4744,5697,4559.97,GOLDTEN_31JUL2025.xls,False,9670.77077077077,63
2025-05-30,GOLDTEN,2025-07-31,96266.0,96410.0,95756.0,96071.0,96611.0,4408,6355,4234.21,GOLDTEN_31JUL2025.xls,False,9616.716716716717,62
2025-06-02,GOLDTEN,2025-07-31,96342.0,98090.0,95900.0,98025.0,96071.0,7894,5085,7687.8,GOLDTEN_31JUL2025.xls,False,9812.312312312313,59
2025-06-03,GOLDTEN,2025-07-31,97701.0,98100.0,97406.0,97824.0,98025.0,2759,5040,2697.9,GOLDTEN_31JUL2025.xls,False,9792.192192192191,58
2025-06-04,GOLDTEN,2025-07-31,98050.0,98720.0,97831.0,98620.0,97824.0,4370,5675,4293.76,GOLDTEN_31JUL2025.xls,False,9871.871871871872,57
2025-06-05,GOLDTEN,2025-07-31,98610.0,99275.0,97803.0,98066.0,98620.0,5913,6288,5825.94,GOLDTEN_31JUL2025.xls,False,9816.416416416418,56
2025-06-06,GOLDTEN,2025-07-31,98421.0,98690.0,97149.0,97320.0,98066.0,4056,6268,3966.6,GOLDTEN_31JUL2025.xls,False,9741.741741741742,55
2025-06-09,GOLDTEN,2025-07-31,97099.0,97491.0,96601.0,97376.0,97320.0,3096,6249,3002.4,GOLDTEN_31JUL2025.xls,False,9747.347347347348,52
2025-06-10,GOLDTEN,2025-07-31,96870.0,97630.0,96600.0,97161.0,97376.0,3536,6398,3433.98,GOLDTEN_31JUL2025.xls,False,9725.825825825827,51
2025-06-11,GOLDTEN,2025-07-31,97403.0,97750.0,96925.0,96999.0,97161.0,3398,6529,3307.32,GOLDTEN_31JUL2025.xls,False,9709.60960960961,50
2025-06-12,GOLDTEN,2025-07-31,97759.0,98740.0,97524.0,98494.0,96999.0,7008,6382,6882.86,GOLDTEN_31JUL2025.xls,False,9859.25925925926,49
2025-06-13,GOLDTEN,2025-07-31,98799.0,100684.0,98799.0,100380.0,98494.0,9313,8426,9331.68,GOLDTEN_31JUL2025.xls,False,10048.048048048047,48
2025-06-16,GOLDTEN,2025-07-31,100599.0,100699.0,99055.0,99393.0,100380.0,5682,8648,5670.87,GOLDTEN_31JUL2025.xls,False,9949.24924924925,45
2025-06-17,GOLDTEN,2025-07-31,99149.0,99850.0,99068.0,99640.0,99393.0,4687,8901,4662.29,GOLDTEN_31JUL2025.xls,False,9973.973973973974,44
2025-06-18,GOLDTEN,2025-07-31,99684.0,99941.0,99381.0,99773.0,99640.0,4047,8896,4035.37,GOLDTEN_31JUL2025.xls,False,9987.287287287287,43
2025-06-19,GOLDTEN,2025-07-31,99501.0,99906.0,98964.0,99570.0,99773.0,5652,9328,5618.26,GOLDTEN_31JUL2025.xls,False,9966.966966966967,42
2025-06-20,GOLDTEN,2025-07-31,99068.0,99337.0,98736.0,99269.0,99570.0,6947,8964,6878.58,GOLDTEN_31JUL2025.xls,False,9936.836836836836,41
2025-06-23,GOLDTEN,2025-07-31,99299.0,99931.0,99001.0,99629.0,99269.0,9493,9511,9449.51,GOLDTEN_31JUL2025.xls,False,9972.872872872873,38
2025-06-24,GOLDTEN,2025-07-31,99505.0,99505.0,97000.0,97295.0,99629.0,17232,11751,16847.72,GOLDTEN_31JUL2025.xls,False,9739.23923923924,37
2025-06-25,GOLDTEN,2025-07-31,97326.0,97699.0,97270.0,97558.0,97295.0,7450,10139,7264.56,GOLDTEN_31JUL2025.xls,False,9765.565565565565,36
2025-06-26,GOLDTEN,2025-07-31,97719.0,97795.0,96857.0,97321.0,97558.0,8192,10294,7978.63,GOLDTEN_31JUL2025.xls,False,9741.841841841842,35
2025-06-27,GOLDTEN,2025-07-31,97201.0,97201.0,95366.0,95812.0,97321.0,11661,13301,11199.22,GOLDTEN_31JUL2025.xls,False,9590.790790790792,34
2025-06-30,GOLDTEN,2025-07-31,95999.0,96426.0,95655.0,96322.0,95812.0,6810,12051,6546.71,GOLDTEN_31JUL2025.xls,False,9641.841841841842,31
2025-07-01,GOLDTEN,2025-07-31,96589.0,97785.0,96589.0,97408.0,96322.0,8769,10135,8533.59,GOLDTEN_31JUL2025.xls,False,9750.55055055055,30
2025-07-02,GOLDTEN,2025-07-31,97010.0,97655.0,97010.0,97524.0,97408.0,4130,9910,4024.46,GOLDTEN_31JUL2025.xls,False,9762.162162162162,29
2025-07-03,GOLDTEN,2025-07-31,97500.0,97991.0,96721.0,97040.0,97524.0,8944,10784,8708.24,GOLDTEN_31JUL2025.xls,False,9713.713713713714,28
2025-07-04,GOLDTEN,2025-07-31,97128.0,97324.0,97032.0,97167.0,97040.0,2655,10672,2579.89,GOLDTEN_31JUL2025.xls,False,9726.426426426427,27
2025-07-07,GOLDTEN,2025-07-31,97000.0,97465.0,96535.0,97393.0,97167.0,7200,9887,6975.03,GOLDTEN_31JUL2025.xls,False,9749.049049049048,24
2025-07-08,GOLDTEN,2025-07-31,97265.0,97430.0,96312.0,96703.0,97393.0,7649,10587,7410.86,GOLDTEN_31JUL2025.xls,False,9679.979979979978,23
2025-07-09,GOLDTEN,2025-07-31,96511.0,96762.0,96101.0,96644.0,96703.0,5536,10785,5337.32,GOLDTEN_31JUL2025.xls,False,9674.074074074073,22
2025-07-10,GOLDTEN,2025-07-31,96690.0,97127.0,96322.0,96904.0,96644.0,5465,9886,5297.14,GOLDTEN_31JUL2025.xls,False,9700.1001001001,21
2025-07-11,GOLDTEN,2025-07-31,97300.0,98130.0,97215.0,97895.0,96904.0,9270,9168,9055.55,GOLDTEN_31JUL2025.xls,False,9799.299299299299,20
2025-07-14,GOLDTEN,2025-07-31,98189.0,98518.0,97750.0,97940.0,97895.0,6073,8581,5961.94,GOLDTEN_31JUL2025.xls,False,9803.803803803803,17
2025-07-15,GOLDTEN,2025-07-31,97978.0,98209.0,97250.0,97428.0,97940.0,5685,8426,5556.66,GOLDTEN_31JUL2025.xls,False,9752.552552552552,16
2025-07-16,GOLDTEN,2025-07-31,97201.0,98389.0,97201.0,97919.0,97428.0,5951,8300,5818.18,GOLDTEN_31JUL2025.xls,False,9801.7017017017,15
2025-07-17,GOLDTEN,2025-07-31,97920.0,97920.0,97000.0,97615.0,97919.0,6543,8388,6369.72,GOLDTEN_31JUL2025.xls,False,9771.271271271271,14
2025-07-18,GOLDTEN,2025-07-31,97301.0,98222.0,97300.0,98099.0,97615.0,4840,7208,4739.22,GOLDTEN_31JUL2025.xls,False,9819.71971971972,13
2025-07-21,GOLDTEN,2025-07-31,98200.0,99399.0,98135.0,99258.0,98099.0,6693,5840,6613.24,GOLDTEN_31JUL2025.xls,False,9935.735735735734,10
2025-07-22,GOLDTEN,2025-07-31,99150.0,100224.0,99042.0,100112.0,99258.0,6224,4846,6199.68,GOLDTEN_31JUL2025.xls,False,10021.221221221222,9
2025-07-23,GOLDTEN,2025-07-31,100147.0,100388.0,99114.0,99216.0,100112.0,4964,4062,4957.61,GOLDTEN_31JUL2025.xls,False,9931.531531531531,8
2025-07-24,GOLDTEN,2025-07-31,98910.0,99000.0,98111.0,98653.0,99216.0,3968,2573,3915.05,GOLDTEN_31JUL2025.xls,False,9875.175175175174,7
2025-07-25,GOLDTEN,2025-07-31,98537.0,98680.0,97100.0,97870.0,98653.0,2402,977,2356.42,GOLDTEN_31JUL2025.xls,False,9796.796796796796,6
2025-07-28,GOLDTEN,2025-07-31,98000.0,100680.0,97750.0,98599.0,97870.0,755,517,741.6,GOLDTEN_31JUL2025.xls,False,9869.76976976977,3
2025-07-29,GOLDTEN,2025-07-31,98522.0,98949.0,98038.0,98486.0,98599.0,231,517,227.0,GOLDTEN_31JUL2025.xls,False,9858.458458458459,2
2025-07-30,GOLDTEN,2025-07-31,98700.0,99850.0,98335.0,98568.0,98486.0,190,506,187.88,GOLDTEN_31JUL2025.xls,False,9866.666666666666,1
2025-07-31,GOLDTEN,2025-07-31,98436.0,99477.0,97876.0,98584.0,98568.0,343,506,338.05,GOLDTEN_31JUL2025.xls,False,9868.268268268268,0
2026-06-01,GOLDTEN,2026-11-30,166542.0,167738.0,166542.0,167154.0,166065.0,4,4,6.69,GOLDTEN_30NOV2026.xls,False,16732.132132132134,182
2026-06-02,GOLDTEN,2026-11-30,167526.0,168399.0,167214.0,167893.0,167154.0,9,7,15.11,GOLDTEN_30NOV2026.xls,False,16806.106106106105,181
2026-06-03,GOLDTEN,2026-11-30,166580.0,167444.0,166019.0,166473.0,167893.0,29,21,48.32,GOLDTEN_30NOV2026.xls,False,16663.963963963964,180
2026-06-04,GOLDTEN,2026-11-30,166711.0,167661.0,166291.0,166799.0,166473.0,14,27,23.34,GOLDTEN_30NOV2026.xls,False,16696.5965965966,179
2026-06-05,GOLDTEN,2026-11-30,165648.0,166295.0,162527.0,162608.0,166799.0,156,78,254.76,GOLDTEN_30NOV2026.xls,False,16277.077077077076,178
2026-06-08,GOLDTEN,2026-11-30,162011.0,162011.0,160000.0,161960.0,162608.0,125,116,201.44,GOLDTEN_30NOV2026.xls,False,16212.212212212213,175
2026-06-09,GOLDTEN,2026-11-30,162000.0,162200.0,159605.0,160043.0,161960.0,119,126,191.03,GOLDTEN_30NOV2026.xls,False,16020.32032032032,174
2026-06-10,GOLDTEN,2026-11-30,158811.0,158811.0,155112.0,155383.0,160043.0,223,206,348.79,GOLDTEN_30NOV2026.xls,False,15553.853853853852,173
2026-06-11,GOLDTEN,2026-11-30,154436.0,156499.0,154020.0,155930.0,155383.0,149,210,230.95,GOLDTEN_30NOV2026.xls,False,15608.608608608609,172
2026-06-12,GOLDTEN,2026-11-30,157390.0,157872.0,156779.0,157410.0,155930.0,117,217,184.16,GOLDTEN_30NOV2026.xls,False,15756.756756756757,171
2026-06-15,GOLDTEN,2026-11-30,159894.0,160998.0,159672.0,160639.0,157410.0,92,211,147.53,GOLDTEN_30NOV2026.xls,False,16079.97997997998,168
2026-06-16,GOLDTEN,2026-11-30,160417.0,162298.0,159212.0,160920.0,160639.0,354,230,568.88,GOLDTEN_30NOV2026.xls,False,16108.108108108108,167
2026-06-17,GOLDTEN,2026-11-30,160386.0,161763.0,160070.0,161427.0,160920.0,51,241,81.97,GOLDTEN_30NOV2026.xls,False,16158.85885885886,166
2026-06-18,GOLDTEN,2026-11-30,160410.0,160654.0,156706.0,157217.0,161427.0,160,294,253.27,GOLDTEN_30NOV2026.xls,False,15737.437437437438,165
2026-06-19,GOLDTEN,2026-11-30,155026.0,155894.0,153154.0,155103.0,157217.0,235,346,363.2,GOLDTEN_30NOV2026.xls,False,15525.825825825825,164
2026-06-22,GOLDTEN,2026-11-30,155653.0,156717.0,155300.0,155705.0,155103.0,140,342,218.34,GOLDTEN_30NOV2026.xls,False,15586.086086086087,161
2026-06-23,GOLDTEN,2026-11-30,154032.0,154864.0,153632.0,154132.0,155705.0,189,405,291.55,GOLDTEN_30NOV2026.xls,False,15428.628628628629,160
2026-06-24,GOLDTEN,2026-11-30,153011.0,153344.0,148424.0,148944.0,154132.0,710,590,1070.77,GOLDTEN_30NOV2026.xls,False,14909.309309309308,159
2026-06-25,GOLDTEN,2026-11-30,148511.0,151000.0,147724.0,150665.0,148944.0,409,723,612.31,GOLDTEN_30NOV2026.xls,False,15081.581581581582,158
2026-06-26,GOLDTEN,2026-11-30,150558.0,152500.0,150558.0,151890.0,150665.0,147,757,222.87,GOLDTEN_30NOV2026.xls,False,15204.204204204205,157
2026-06-29,GOLDTEN,2026-11-30,151386.0,151386.0,149640.0,149956.0,151890.0,201,777,302.15,GOLDTEN_30NOV2026.xls,False,15010.61061061061,154
2026-06-30,GOLDTEN,2026-11-30,148811.0,151000.0,148226.0,150299.0,149956.0,323,819,483.68,GOLDTEN_30NOV2026.xls,False,15044.944944944944,153
2026-07-01,GOLDTEN,2026-11-30,148833.0,152743.0,148400.0,151965.0,150299.0,488,814,736.65,GOLDTEN_30NOV2026.xls,False,15211.711711711712,152
2026-07-02,GOLDTEN,2026-11-30,151736.0,154100.0,151567.0,153087.0,151965.0,418,849,639.49,GOLDTEN_30NOV2026.xls,False,15324.024024024025,151
2026-07-03,GOLDTEN,2026-11-30,155000.0,155456.0,154100.0,154616.0,153087.0,323,842,500.14,GOLDTEN_30NOV2026.xls,False,15477.077077077078,150
2026-07-06,GOLDTEN,2026-11-30,154400.0,154888.0,153509.0,154306.0,154616.0,196,825,302.27,GOLDTEN_30NOV2026.xls,False,15446.046046046047,147
2026-07-07,GOLDTEN,2026-11-30,153661.0,153799.0,152439.0,152593.0,154306.0,237,869,362.53,GOLDTEN_30NOV2026.xls,False,15274.574574574573,146
2026-07-08,GOLDTEN,2026-11-30,152353.0,152479.0,149905.0,150909.0,152593.0,523,930,789.57,GOLDTEN_30NOV2026.xls,False,15106.006006006006,145
2026-07-09,GOLDTEN,2026-11-30,150392.0,152412.0,150170.0,152241.0,150909.0,263,964,399.13,GOLDTEN_30NOV2026.xls,False,15239.33933933934,144
2026-07-10,GOLDTEN,2026-11-30,151863.0,152124.0,149933.0,150016.0,152241.0,374,996,563.85,GOLDTEN_30NOV2026.xls,False,15016.616616616617,143
2026-07-13,GOLDTEN,2026-11-30,148786.0,149340.0,146000.0,146217.0,150016.0,1099,1467,1627.59,GOLDTEN_30NOV2026.xls,False,14636.336336336337,140
2026-07-14,GOLDTEN,2026-11-30,146932.0,148200.0,145700.0,147346.0,146217.0,1072,1649,1574.33,GOLDTEN_30NOV2026.xls,False,14749.34934934935,139
2026-07-15,GOLDTEN,2026-11-30,146454.0,146858.0,145002.0,145957.0,147346.0,1050,1901,1530.8,GOLDTEN_30NOV2026.xls,False,14610.310310310311,138
2026-07-16,GOLDTEN,2026-11-30,144504.0,145947.0,142510.0,142749.0,145957.0,1675,1941,2410.91,GOLDTEN_30NOV2026.xls,False,14289.189189189188,137
2026-07-17,GOLDTEN,2026-11-30,141741.0,144408.0,141716.0,143180.0,142749.0,1684,1809,2407.01,GOLDTEN_30NOV2026.xls,False,14332.332332332333,136
2026-07-20,GOLDTEN,2026-11-30,143767.0,145329.0,143372.0,144410.0,143180.0,759,1761,1095.74,GOLDTEN_30NOV2026.xls,False,14455.455455455456,133
2026-07-21,GOLDTEN,2026-11-30,145499.0,146317.0,145109.0,146023.0,144410.0,524,1722,763.87,GOLDTEN_30NOV2026.xls,False,14616.916916916916,132
2026-07-22,GOLDTEN,2026-11-30,147560.0,149602.0,147506.0,149463.0,146023.0,720,1644,1069.71,GOLDTEN_30NOV2026.xls,False,14961.261261261261,131
2026-07-23,GOLDTEN,2026-11-30,149000.0,149000.0,145784.0,146139.0,149463.0,892,1831,1317.37,GOLDTEN_30NOV2026.xls,False,14628.528528528528,130
2026-07-24,GOLDTEN,2026-11-30,145513.0,146763.0,144951.0,146434.0,146139.0,567,1872,827.76,GOLDTEN_30NOV2026.xls,False,14658.058058058057,129
2026-07-27,GOLDTEN,2026-11-30,147327.0,147425.0,146200.0,146468.0,146434.0,525,2111,771.0,GOLDTEN_30NOV2026.xls,False,14661.46146146146,126
2026-07-28,GOLDTEN,2026-11-30,145666.0,145900.0,144884.0,145185.0,146468.0,674,2323,979.9,GOLDTEN_30NOV2026.xls,False,14533.033033033033,125
2026-07-29,GOLDTEN,2026-11-30,145251.0,145696.0,144303.0,145294.0,145185.0,602,2548,872.4,GOLDTEN_30NOV2026.xls,False,14543.943943943943,124
2026-07-30,GOLDTEN,2026-11-30,145316.0,146929.0,145101.0,146801.0,145294.0,814,2362,1189.62,GOLDTEN_30NOV2026.xls,False,14694.794794794796,123
2026-07-31,GOLDTEN,2026-11-30,146022.0,146475.0,145101.0,145518.0,146801.0,546,2427,795.0,GOLDTEN_30NOV2026.xls,False,14566.366366366366,122
2026-08-03,GOLDTEN,2026-11-30,145956.0,146129.0,144895.0,145199.0,145518.0,453,2448,659.61,GOLDTEN_30NOV2026.xls,False,14534.434434434434,119
2026-08-04,GOLDTEN,2026-11-30,145501.0,146395.0,145379.0,146252.0,145199.0,458,2454,668.33,GOLDTEN_30NOV2026.xls,False,14639.83983983984,118
2026-08-05,GOLDTEN,2026-11-30,146945.0,150800.0,146896.0,150423.0,146252.0,2423,2166,3611.27,GOLDTEN_30NOV2026.xls,False,15057.357357357356,117
2026-08-06,GOLDTEN,2026-11-30,150898.0,152039.0,150051.0,150717.0,150423.0,1817,2238,2747.68,GOLDTEN_30NOV2026.xls,False,15086.786786786788,116
2026-08-07,GOLDTEN,2026-11-30,151164.0,154611.0,151155.0,154010.0,150717.0,2684,2222,4109.08,GOLDTEN_30NOV2026.xls,False,15416.416416416416,115
2026-08-10,GOLDTEN,2026-11-30,153538.0,155357.0,153538.0,155196.0,154010.0,2576,2643,3984.3,GOLDTEN_30NOV2026.xls,False,15535.135135135135,112
2026-08-11,GOLDTEN,2026-11-30,155494.0,157219.0,155494.0,156150.0,155196.0,2319,2622,3628.44,GOLDTEN_30NOV2026.xls,False,15630.63063063063,111
2026-08-12,GOLDTEN,2026-11-30,157000.0,157995.0,156500.0,157370.0,156150.0,2282,2621,3589.35,GOLDTEN_30NOV2026.xls,False,15752.752752752753,110
2026-08-13,GOLDTEN,2026-11-30,157318.0,157531.0,155885.0,156083.0,157370.0,1702,2894,2664.27,GOLDTEN_30NOV2026.xls,False,15623.923923923923,109
2026-08-14,GOLDTEN,2026-11-30,155885.0,157300.0,154589.0,157022.0,156083.0,1638,2839,2558.04,GOLDTEN_30NOV2026.xls,False,15717.91791791792,108
2026-08-17,GOLDTEN,2026-11-30,157439.0,158483.0,157002.0,158352.0,157022.0,2113,2918,3336.08,GOLDTEN_30NOV2026.xls,False,15851.051051051052,105
2026-08-18,GOLDTEN,2026-11-30,157600.0,158134.0,156741.0,156946.0,158352.0,1660,3349,2614.34,GOLDTEN_30NOV2026.xls,False,15710.310310310311,104
2026-08-19,GOLDTEN,2026-11-30,156872.0,160500.0,155956.0,160317.0,156946.0,4503,2828,7154.81,GOLDTEN_30NOV2026.xls,False,16047.747747747748,103
2026-08-20,GOLDTEN,2026-11-30,160667.0,162542.0,159548.0,161913.0,160317.0,4523,3091,7287.86,GOLDTEN_30NOV2026.xls,False,16207.507507507507,102
2026-08-21,GOLDTEN,2026-11-30,162443.0,165150.0,162247.0,164920.0,161913.0,6109,2945,10008.88,GOLDTEN_30NOV2026.xls,False,16508.50850850851,101
2026-08-24,GOLDTEN,2026-11-30,165522.0,167555.0,165213.0,166117.0,164920.0,5607,3418,9338.51,GOLDTEN_30NOV2026.xls,False,16628.32832832833,98
2026-08-25,GOLDTEN,2026-11-30,165959.0,166618.0,164484.0,165552.0,166117.0,3595,3872,5949.39,GOLDTEN_30NOV2026.xls,False,16571.77177177177,97
2026-08-26,GOLDTEN,2026-11-30,165953.0,165967.0,161350.0,162013.0,165552.0,3357,4560,5506.19,GOLDTEN_30NOV2026.xls,False,16217.517517517517,96
2026-08-27,GOLDTEN,2026-11-30,162699.0,163308.0,158870.0,161099.0,162013.0,4754,5074,7652.27,GOLDTEN_30NOV2026.xls,False,16126.026026026026,95
2026-08-28,GOLDTEN,2026-11-30,161208.0,162096.0,158351.0,158988.0,161099.0,4546,5583,7275.67,GOLDTEN_30NOV2026.xls,False,15914.714714714713,94
2026-08-31,GOLDTEN,2026-11-30,158251.0,158251.0,155886.0,156430.0,158988.0,3807,6153,5963.02,GOLDTEN_30NOV2026.xls,False,15658.658658658658,91
2026-09-01,GOLDTEN,2026-11-30,156293.0,156903.0,153685.0,154070.0,156430.0,5417,7124,8392.19,GOLDTEN_30NOV2026.xls,False,15422.422422422422,90
2026-09-02,GOLDTEN,2026-11-30,152304.0,155100.0,152000.0,154831.0,154070.0,5733,7537,8800.45,GOLDTEN_30NOV2026.xls,False,15498.598598598599,89
2026-09-03,GOLDTEN,2026-11-30,155783.0,158572.0,155783.0,158230.0,154831.0,8195,6856,12871.21,GOLDTEN_30NOV2026.xls,False,15838.83883883884,88
2026-09-04,GOLDTEN,2026-11-30,158399.0,158400.0,153879.0,155023.0,158230.0,9591,7445,14926.35,GOLDTEN_30NOV2026.xls,False,15517.817817817817,87
2026-09-07,GOLDTEN,2026-11-30,154800.0,155449.0,154100.0,154952.0,155023.0,3612,7735,5589.48,GOLDTEN_30NOV2026.xls,False,15510.710710710711,84
2026-09-08,GOLDTEN,2026-11-30,155621.0,156211.0,154757.0,155005.0,154952.0,3631,7940,5639.83,GOLDTEN_30NOV2026.xls,False,15516.016016016016,83
2026-09-09,GOLDTEN,2026-11-30,154501.0,156284.0,154333.0,155906.0,155005.0,5395,7608,8394.58,GOLDTEN_30NOV2026.xls,False,15606.206206206207,82
2026-09-10,GOLDTEN,2026-11-30,155670.0,156592.0,153751.0,154734.0,155906.0,4866,8110,7553.55,GOLDTEN_30NOV2026.xls,False,15488.888888888889,81
2026-09-11,GOLDTEN,2026-11-30,154236.0,155950.0,152506.0,154913.0,154734.0,8443,8107,13041.8,GOLDTEN_30NOV2026.xls,False,15506.806806806806,80
2026-09-14,GOLDTEN,2026-11-30,152886.0,153583.0,151999.0,153331.0,154913.0,3697,8702,5652.01,GOLDTEN_30NOV2026.xls,False,15348.44844844845,77
2026-09-15,GOLDTEN,2026-11-30,153500.0,153809.0,152236.0,152863.0,153331.0,3392,8828,5181.78,GOLDTEN_30NOV2026.xls,False,15301.6016016016,76
2026-09-16,GOLDTEN,2026-11-30,152899.0,154999.0,152899.0,154642.0,152863.0,4250,8077,6553.55,GOLDTEN_30NOV2026.xls,False,15479.67967967968,75
2026-09-17,GOLDTEN,2026-11-30,152880.0,155415.0,152190.0,155020.0,154642.0,6394,8742,9858.51,GOLDTEN_30NOV2026.xls,False,15517.517517517517,74
2026-09-18,GOLDTEN,2026-11-30,154453.0,156651.0,154327.0,156501.0,155020.0,6923,8946,10795.68,GOLDTEN_30NOV2026.xls,False,15665.765765765766,73
2026-09-21,GOLDTEN,2026-11-30,155824.0,156336.0,155186.0,155570.0,156501.0,4853,9826,7559.88,GOLDTEN_30NOV2026.xls,False,15572.572572572573,70
2026-09-22,GOLDTEN,2026-11-30,155499.0,155848.0,154241.0,155256.0,155570.0,4484,10290,6949.16,GOLDTEN_30NOV2026.xls,False,15541.14114114114,69
2026-09-23,GOLDTEN,2026-11-30,155134.0,155511.0,153700.0,153930.0,155256.0,5007,11079,7729.5,GOLDTEN_30NOV2026.xls,False,15408.408408408408,68
2026-09-24,GOLDTEN,2026-11-30,153947.0,154080.0,152915.0,153442.0,153930.0,5488,11825,8421.8,GOLDTEN_30NOV2026.xls,False,15359.55955955956,67
2026-09-25,GOLDTEN,2026-11-30,153815.0,154875.0,153221.0,153787.0,153442.0,8110,12662,12483.45,GOLDTEN_30NOV2026.xls,False,15394.094094094095,66
2026-07-01,GOLDTEN,2026-12-31,150347.0,154498.0,149932.0,153504.0,150249.0,218,82,332.92,GOLDTEN_31DEC2026.xls,False,15365.765765765766,183
2026-07-02,GOLDTEN,2026-12-31,153807.0,156123.0,153046.0,154664.0,153504.0,88,103,136.17,GOLDTEN_31DEC2026.xls,False,15481.881881881882,182
2026-07-03,GOLDTEN,2026-12-31,156856.0,157069.0,156000.0,156612.0,154664.0,92,122,144.08,GOLDTEN_31DEC2026.xls,False,15676.876876876877,181
2026-07-06,GOLDTEN,2026-12-31,156441.0,156471.0,155300.0,155589.0,156612.0,88,114,137.1,GOLDTEN_31DEC2026.xls,False,15574.474474474475,178
2026-07-07,GOLDTEN,2026-12-31,155086.0,155400.0,154200.0,154605.0,155589.0,54,125,83.55,GOLDTEN_31DEC2026.xls,False,15475.975975975976,177
2026-07-08,GOLDTEN,2026-12-31,154137.0,154320.0,151702.0,152752.0,154605.0,107,146,163.35,GOLDTEN_31DEC2026.xls,False,15290.49049049049,176
2026-07-09,GOLDTEN,2026-12-31,152679.0,154000.0,152350.0,153875.0,152752.0,108,150,165.82,GOLDTEN_31DEC2026.xls,False,15402.902902902902,175
2026-07-10,GOLDTEN,2026-12-31,153955.0,153970.0,151553.0,151760.0,153875.0,88,155,134.12,GOLDTEN_31DEC2026.xls,False,15191.191191191192,174
2026-07-13,GOLDTEN,2026-12-31,151511.0,151511.0,147551.0,148001.0,151760.0,237,216,354.27,GOLDTEN_31DEC2026.xls,False,14814.914914914916,171
2026-07-14,GOLDTEN,2026-12-31,148725.0,149866.0,147720.0,148829.0,148001.0,223,242,331.66,GOLDTEN_31DEC2026.xls,False,14897.797797797797,170
2026-07-15,GOLDTEN,2026-12-31,148050.0,148528.0,146700.0,147380.0,148829.0,199,285,293.38,GOLDTEN_31DEC2026.xls,False,14752.752752752753,169
2026-07-16,GOLDTEN,2026-12-31,146111.0,147518.0,143686.0,143886.0,147380.0,528,414,769.11,GOLDTEN_31DEC2026.xls,False,14403.003003003003,168
2026-07-17,GOLDTEN,2026-12-31,144300.0,144570.0,143125.0,143936.0,143886.0,567,533,815.46,GOLDTEN_31DEC2026.xls,False,14408.008008008008,167
2026-07-20,GOLDTEN,2026-12-31,144089.0,145460.0,143890.0,144750.0,143936.0,322,619,465.7,GOLDTEN_31DEC2026.xls,False,14489.48948948949,164
2026-07-21,GOLDTEN,2026-12-31,145823.0,146891.0,145542.0,146776.0,144750.0,208,691,304.45,GOLDTEN_31DEC2026.xls,False,14692.292292292293,163
2026-07-22,GOLDTEN,2026-12-31,148398.0,150000.0,148064.0,149699.0,146776.0,449,835,669.27,GOLDTEN_31DEC2026.xls,False,14984.884884884885,162
2026-07-23,GOLDTEN,2026-12-31,149575.0,149796.0,146945.0,147006.0,149699.0,416,857,617.31,GOLDTEN_31DEC2026.xls,False,14715.315315315316,161
2026-07-24,GOLDTEN,2026-12-31,145976.0,147471.0,145045.0,147059.0,147006.0,422,901,618.25,GOLDTEN_31DEC2026.xls,False,14720.62062062062,160
2026-07-27,GOLDTEN,2026-12-31,147825.0,148000.0,147000.0,147278.0,147059.0,220,874,324.72,GOLDTEN_31DEC2026.xls,False,14742.542542542542,157
2026-07-28,GOLDTEN,2026-12-31,146639.0,146684.0,145560.0,146052.0,147278.0,324,975,473.45,GOLDTEN_31DEC2026.xls,False,14619.81981981982,156
2026-07-29,GOLDTEN,2026-12-31,145830.0,146499.0,145000.0,146188.0,146052.0,373,1090,543.5,GOLDTEN_31DEC2026.xls,False,14633.433433433433,155
2026-07-30,GOLDTEN,2026-12-31,146489.0,147511.0,145752.0,147307.0,146188.0,402,1104,589.88,GOLDTEN_31DEC2026.xls,False,14745.445445445446,154
2026-07-31,GOLDTEN,2026-12-31,146723.0,147233.0,146011.0,146493.0,147307.0,227,1126,332.8,GOLDTEN_31DEC2026.xls,False,14663.963963963963,153
2026-08-03,GOLDTEN,2026-12-31,147000.0,147178.0,145809.0,145954.0,146493.0,189,1175,276.51,GOLDTEN_31DEC2026.xls,False,14610.01001001001,150
2026-08-04,GOLDTEN,2026-12-31,146328.0,147250.0,146086.0,147153.0,145954.0,255,1172,374.22,GOLDTEN_31DEC2026.xls,False,14730.03003003003,149
2026-08-05,GOLDTEN,2026-12-31,147612.0,151410.0,147584.0,151159.0,147153.0,1389,1614,2076.66,GOLDTEN_31DEC2026.xls,False,15131.03103103103,148
2026-08-06,GOLDTEN,2026-12-31,151837.0,152800.0,150920.0,151383.0,151159.0,772,1673,1173.73,GOLDTEN_31DEC2026.xls,False,15153.453453453452,147
2026-08-07,GOLDTEN,2026-12-31,151973.0,155336.0,151840.0,154602.0,151383.0,1263,1951,1943.26,GOLDTEN_31DEC2026.xls,False,15475.675675675677,146
2026-08-10,GOLDTEN,2026-12-31,154961.0,156000.0,154203.0,155840.0,154602.0,1282,2098,1990.89,GOLDTEN_31DEC2026.xls,False,15599.5995995996,143
2026-08-11,GOLDTEN,2026-12-31,156500.0,158000.0,156500.0,157112.0,155840.0,1134,2077,1783.3,GOLDTEN_31DEC2026.xls,False,15726.926926926928,142
2026-08-12,GOLDTEN,2026-12-31,158174.0,158889.0,157391.0,158362.0,157112.0,1276,2260,2018.14,GOLDTEN_31DEC2026.xls,False,15852.052052052053,141
2026-08-13,GOLDTEN,2026-12-31,158462.0,158462.0,157001.0,157252.0,158362.0,850,2198,1339.64,GOLDTEN_31DEC2026.xls,False,15740.940940940942,140
2026-08-14,GOLDTEN,2026-12-31,156007.0,158256.0,155636.0,157970.0,157252.0,867,2401,1362.28,GOLDTEN_31DEC2026.xls,False,15812.812812812814,139
2026-08-17,GOLDTEN,2026-12-31,158400.0,159461.0,158100.0,159320.0,157970.0,724,2415,1150.65,GOLDTEN_31DEC2026.xls,False,15947.947947947949,136
2026-08-18,GOLDTEN,2026-12-31,158686.0,159343.0,157708.0,157995.0,159320.0,638,2388,1011.18,GOLDTEN_31DEC2026.xls,False,15815.315315315316,135
2026-08-19,GOLDTEN,2026-12-31,157995.0,161605.0,156926.0,161180.0,157995.0,2290,2863,3663.44,GOLDTEN_31DEC2026.xls,False,16134.134134134134,134
2026-08-20,GOLDTEN,2026-12-31,161983.0,163523.0,160500.0,163007.0,161180.0,1673,3060,2712.31,GOLDTEN_31DEC2026.xls,False,16317.017017017019,133
2026-08-21,GOLDTEN,2026-12-31,163593.0,166300.0,163131.0,166066.0,163007.0,2686,3233,4430.18,GOLDTEN_31DEC2026.xls,False,16623.22322322322,132
2026-08-24,GOLDTEN,2026-12-31,166498.0,168750.0,166498.0,167263.0,166066.0,2341,3330,3923.93,GOLDTEN_31DEC2026.xls,False,16743.043043043042,129
2026-08-25,GOLDTEN,2026-12-31,167400.0,167850.0,165775.0,166634.0,167263.0,1784,3333,2973.55,GOLDTEN_31DEC2026.xls,False,16680.080080080083,128
2026-08-26,GOLDTEN,2026-12-31,166900.0,167065.0,162371.0,163094.0,166634.0,1708,3129,2819.34,GOLDTEN_31DEC2026.xls,False,16325.725725725726,127
2026-08-27,GOLDTEN,2026-12-31,164223.0,164542.0,160023.0,162041.0,163094.0,2163,3279,3500.46,GOLDTEN_31DEC2026.xls,False,16220.320320320321,126
2026-08-28,GOLDTEN,2026-12-31,161590.0,163000.0,159423.0,159938.0,162041.0,1939,3232,3122.5,GOLDTEN_31DEC2026.xls,False,16009.809809809809,125
2026-08-31,GOLDTEN,2026-12-31,158932.0,158932.0,156895.0,157441.0,159938.0,1931,3196,3042.63,GOLDTEN_31DEC2026.xls,False,15759.85985985986,122
2026-09-01,GOLDTEN,2026-12-31,157441.0,157914.0,154679.0,155107.0,157441.0,2125,3527,3311.74,GOLDTEN_31DEC2026.xls,False,15526.226226226227,121
2026-09-02,GOLDTEN,2026-12-31,154198.0,156261.0,152989.0,155922.0,155107.0,2198,3822,3393.41,GOLDTEN_31DEC2026.xls,False,15607.807807807809,120
2026-09-03,GOLDTEN,2026-12-31,157045.0,159443.0,156676.0,159215.0,155922.0,2936,3730,4635.64,GOLDTEN_31DEC2026.xls,False,15937.437437437438,119
2026-09-04,GOLDTEN,2026-12-31,159399.0,159478.0,154915.0,156074.0,159215.0,3082,3684,4831.52,GOLDTEN_31DEC2026.xls,False,15623.023023023023,118
2026-09-07,GOLDTEN,2026-12-31,155972.0,156550.0,155167.0,155993.0,156074.0,1210,3605,1885.55,GOLDTEN_31DEC2026.xls,False,15614.914914914914,115
2026-09-08,GOLDTEN,2026-12-31,156777.0,157215.0,155800.0,156135.0,155993.0,1173,3733,1834.42,GOLDTEN_31DEC2026.xls,False,15629.129129129129,114
2026-09-09,GOLDTEN,2026-12-31,155813.0,157252.0,155784.0,156793.0,156135.0,1375,3699,2153.75,GOLDTEN_31DEC2026.xls,False,15694.994994994995,113
2026-09-10,GOLDTEN,2026-12-31,156458.0,157469.0,154795.0,155640.0,156793.0,1745,3912,2725.68,GOLDTEN_31DEC2026.xls,False,15579.57957957958,112
2026-09-11,GOLDTEN,2026-12-31,154503.0,156900.0,154151.0,155842.0,155640.0,2498,4142,3883.34,GOLDTEN_31DEC2026.xls,False,15599.7997997998,111
2026-09-14,GOLDTEN,2026-12-31,153370.0,154810.0,153152.0,154351.0,155842.0,1121,4205,1725.25,GOLDTEN_31DEC2026.xls,False,15450.550550550552,108
2026-09-15,GOLDTEN,2026-12-31,154659.0,154700.0,153330.0,153993.0,154351.0,983,4265,1512.24,GOLDTEN_31DEC2026.xls,False,15414.714714714713,107
2026-09-16,GOLDTEN,2026-12-31,154106.0,156000.0,154106.0,155496.0,153993.0,1310,4336,2032.71,GOLDTEN_31DEC2026.xls,False,15565.165165165166,106
2026-09-17,GOLDTEN,2026-12-31,154877.0,156355.0,153131.0,156054.0,155496.0,1758,4346,2728.75,GOLDTEN_31DEC2026.xls,False,15621.02102102102,105
2026-09-18,GOLDTEN,2026-12-31,155591.0,157744.0,155333.0,157571.0,156054.0,1682,4434,2641.35,GOLDTEN_31DEC2026.xls,False,15772.872872872873,104
2026-09-21,GOLDTEN,2026-12-31,156933.0,157537.0,156421.0,156842.0,157571.0,1324,4514,2078.47,GOLDTEN_31DEC2026.xls,False,15699.899899899901,101
2026-09-22,GOLDTEN,2026-12-31,156996.0,157125.0,155552.0,156485.0,156842.0,1777,4816,2776.56,GOLDTEN_31DEC2026.xls,False,15664.164164164164,100
2026-09-23,GOLDTEN,2026-12-31,156434.0,156700.0,155138.0,155399.0,156485.0,1706,5083,2658.42,GOLDTEN_31DEC2026.xls,False,15555.455455455454,99
2026-09-24,GOLDTEN,2026-12-31,154827.0,155400.0,154180.0,154773.0,155399.0,1813,5386,2805.85,GOLDTEN_31DEC2026.xls,False,15492.792792792792,98
2026-09-25,GOLDTEN,2026-12-31,155156.0,156041.0,154550.0,155031.0,154773.0,1850,5522,2871.31,GOLDTEN_31DEC2026.xls,False,15518.618618618619,97
2026-08-03,GOLDTEN,2027-01-29,146851.0,147155.0,146851.0,147031.0,147000.0,6,5,8.82,GOLDTEN_29JAN2027.xls,False,14717.817817817819,179
2026-08-04,GOLDTEN,2027-01-29,148090.0,149300.0,147928.0,148379.0,147031.0,20,23,29.64,GOLDTEN_29JAN2027.xls,False,14852.752752752753,178
2026-08-05,GOLDTEN,2027-01-29,148898.0,152435.0,148898.0,151922.0,148379.0,48,30,72.3,GOLDTEN_29JAN2027.xls,False,15207.407407407409,177
2026-08-06,GOLDTEN,2027-01-29,153015.0,154959.0,152470.0,152657.0,151922.0,339,142,521.14,GOLDTEN_29JAN2027.xls,False,15280.980980980981,176
2026-08-07,GOLDTEN,2027-01-29,153810.0,156373.0,153236.0,155794.0,152657.0,278,93,430.96,GOLDTEN_29JAN2027.xls,False,15594.994994994995,175
2026-08-10,GOLDTEN,2027-01-29,155122.0,157344.0,155122.0,157055.0,155794.0,263,169,411.81,GOLDTEN_29JAN2027.xls,False,15721.221221221222,172
2026-08-11,GOLDTEN,2027-01-29,157989.0,159424.0,157760.0,158127.0,157055.0,219,198,347.26,GOLDTEN_29JAN2027.xls,False,15828.52852852853,171
2026-08-12,GOLDTEN,2027-01-29,158817.0,160000.0,158701.0,159640.0,158127.0,243,289,387.28,GOLDTEN_29JAN2027.xls,False,15979.97997997998,170
2026-08-13,GOLDTEN,2027-01-29,159699.0,159886.0,158267.0,158565.0,159640.0,345,437,549.04,GOLDTEN_29JAN2027.xls,False,15872.372372372372,169
2026-08-14,GOLDTEN,2027-01-29,157811.0,160624.0,157355.0,159303.0,158565.0,789,504,1254.7,GOLDTEN_29JAN2027.xls,False,15946.246246246246,168
2026-08-17,GOLDTEN,2027-01-29,159695.0,160767.0,159200.0,160567.0,159303.0,301,579,482.06,GOLDTEN_29JAN2027.xls,False,16072.772772772774,165
2026-08-18,GOLDTEN,2027-01-29,160000.0,160537.0,159000.0,159272.0,160567.0,161,636,257.28,GOLDTEN_29JAN2027.xls,False,15943.143143143145,164
2026-08-19,GOLDTEN,2027-01-29,159690.0,162872.0,158370.0,162512.0,159272.0,806,525,1303.43,GOLDTEN_29JAN2027.xls,False,16267.467467467468,163
2026-08-20,GOLDTEN,2027-01-29,162813.0,164839.0,162015.0,164330.0,162512.0,676,527,1106.15,GOLDTEN_29JAN2027.xls,False,16449.44944944945,162
2026-08-21,GOLDTEN,2027-01-29,164994.0,167703.0,164451.0,167528.0,164330.0,1185,669,1972.49,GOLDTEN_29JAN2027.xls,False,16769.56956956957,161
2026-08-24,GOLDTEN,2027-01-29,168408.0,170259.0,168160.0,168873.0,167528.0,1177,792,1991.85,GOLDTEN_29JAN2027.xls,False,16904.204204204205,158
2026-08-25,GOLDTEN,2027-01-29,168011.0,169402.0,167108.0,167939.0,168873.0,727,976,1222.31,GOLDTEN_29JAN2027.xls,False,16810.71071071071,157
2026-08-26,GOLDTEN,2027-01-29,168573.0,168576.0,163513.0,164300.0,167939.0,889,1241,1481.03,GOLDTEN_29JAN2027.xls,False,16446.446446446447,156
2026-08-27,GOLDTEN,2027-01-29,165734.0,165804.0,161504.0,163417.0,164300.0,1290,1357,2103.89,GOLDTEN_29JAN2027.xls,False,16358.058058058059,155
2026-08-28,GOLDTEN,2027-01-29,162557.0,164141.0,160603.0,161253.0,163417.0,884,1477,1434.18,GOLDTEN_29JAN2027.xls,False,16141.44144144144,154
2026-08-31,GOLDTEN,2027-01-29,160001.0,160179.0,158217.0,158768.0,161253.0,754,1634,1198.92,GOLDTEN_29JAN2027.xls,False,15892.692692692692,151
2026-09-01,GOLDTEN,2027-01-29,158487.0,159200.0,156000.0,156521.0,158768.0,911,1782,1433.3,GOLDTEN_29JAN2027.xls,False,15667.767767767768,150
2026-09-02,GOLDTEN,2027-01-29,155779.0,157502.0,154318.0,157149.0,156521.0,1024,1980,1595.27,GOLDTEN_29JAN2027.xls,False,15730.63063063063,149
2026-09-03,GOLDTEN,2027-01-29,158499.0,160812.0,158200.0,160609.0,157149.0,1566,1854,2494.05,GOLDTEN_29JAN2027.xls,False,16076.976976976977,148
2026-09-04,GOLDTEN,2027-01-29,161144.0,161152.0,156375.0,157401.0,160609.0,1165,2047,1844.02,GOLDTEN_29JAN2027.xls,False,15755.855855855856,147
2026-09-07,GOLDTEN,2027-01-29,157001.0,157816.0,156598.0,157257.0,157401.0,370,2071,581.16,GOLDTEN_29JAN2027.xls,False,15741.441441441442,144
2026-09-08,GOLDTEN,2027-01-29,157827.0,158500.0,157093.0,157482.0,157257.0,359,2115,566.01,GOLDTEN_29JAN2027.xls,False,15763.963963963964,143
2026-09-09,GOLDTEN,2027-01-29,157241.0,158550.0,157124.0,157980.0,157482.0,472,2077,745.31,GOLDTEN_29JAN2027.xls,False,15813.813813813815,142
2026-09-10,GOLDTEN,2027-01-29,158181.0,158750.0,156184.0,157124.0,157980.0,493,2135,776.93,GOLDTEN_29JAN2027.xls,False,15728.128128128128,141
2026-09-11,GOLDTEN,2027-01-29,156111.0,158204.0,155593.0,157339.0,157124.0,689,2119,1080.54,GOLDTEN_29JAN2027.xls,False,15749.64964964965,140
2026-09-14,GOLDTEN,2027-01-29,156105.0,156105.0,154627.0,155714.0,157339.0,645,2268,1002.25,GOLDTEN_29JAN2027.xls,False,15586.986986986987,137
2026-09-15,GOLDTEN,2027-01-29,156000.0,156000.0,154645.0,155485.0,155714.0,557,2275,864.56,GOLDTEN_29JAN2027.xls,False,15564.064064064065,136
2026-09-16,GOLDTEN,2027-01-29,156342.0,157433.0,155966.0,156986.0,155485.0,844,2150,1322.46,GOLDTEN_29JAN2027.xls,False,15714.314314314315,135
2026-09-17,GOLDTEN,2027-01-29,155512.0,157835.0,155424.0,157427.0,156986.0,803,2176,1258.41,GOLDTEN_29JAN2027.xls,False,15758.458458458459,134
2026-09-18,GOLDTEN,2027-01-29,157001.0,159155.0,156620.0,159039.0,157427.0,1008,2139,1596.46,GOLDTEN_29JAN2027.xls,False,15919.819819819819,133
2026-09-21,GOLDTEN,2027-01-29,158206.0,158950.0,157951.0,158348.0,159039.0,684,2297,1083.93,GOLDTEN_29JAN2027.xls,False,15850.65065065065,130
2026-09-22,GOLDTEN,2027-01-29,158531.0,158610.0,157199.0,158041.0,158348.0,502,2406,792.56,GOLDTEN_29JAN2027.xls,False,15819.919919919921,129
2026-09-23,GOLDTEN,2027-01-29,158050.0,158285.0,156700.0,157083.0,158041.0,549,2541,863.72,GOLDTEN_29JAN2027.xls,False,15724.024024024024,128
2026-09-24,GOLDTEN,2027-01-29,156999.0,157036.0,155698.0,156302.0,157083.0,664,2642,1037.98,GOLDTEN_29JAN2027.xls,False,15645.845845845846,127
2026-09-25,GOLDTEN,2027-01-29,156488.0,157442.0,155901.0,156461.0,156302.0,1060,2706,1659.64,GOLDTEN_29JAN2027.xls,False,15661.761761761762,126
2026-09-01,GOLDTEN,2027-02-26,159022.0,159756.0,157226.0,157804.0,159418.0,103,40,163.12,GOLDTEN_26FEB2027.xls,False,15796.196196196195,178
2026-09-02,GOLDTEN,2027-02-26,156411.0,158403.0,155408.0,157930.0,157804.0,139,63,217.89,GOLDTEN_26FEB2027.xls,False,15808.808808808808,177
2026-09-03,GOLDTEN,2027-02-26,159231.0,161799.0,159231.0,161661.0,157930.0,152,100,243.97,GOLDTEN_26FEB2027.xls,False,16182.282282282282,176
2026-09-04,GOLDTEN,2027-02-26,160849.0,161679.0,157766.0,158926.0,161661.0,342,153,545.48,GOLDTEN_26FEB2027.xls,False,15908.508508508508,175
2026-09-07,GOLDTEN,2027-02-26,158586.0,158800.0,157757.0,158223.0,158926.0,140,174,221.48,GOLDTEN_26FEB2027.xls,False,15838.138138138138,172
2026-09-08,GOLDTEN,2027-02-26,158882.0,159599.0,158213.0,158611.0,158223.0,149,224,236.64,GOLDTEN_26FEB2027.xls,False,15876.976976976977,171
2026-09-09,GOLDTEN,2027-02-26,158102.0,159422.0,158102.0,158952.0,158611.0,134,231,212.92,GOLDTEN_26FEB2027.xls,False,15911.111111111111,170
2026-09-10,GOLDTEN,2027-02-26,159164.0,159947.0,157277.0,158293.0,158952.0,191,249,302.57,GOLDTEN_26FEB2027.xls,False,15845.145145145145,169
2026-09-11,GOLDTEN,2027-02-26,156750.0,159295.0,156703.0,158405.0,158293.0,210,269,331.61,GOLDTEN_26FEB2027.xls,False,15856.356356356357,168
2026-09-14,GOLDTEN,2027-02-26,157429.0,157659.0,155800.0,156789.0,158405.0,277,342,433.6,GOLDTEN_26FEB2027.xls,False,15694.594594594595,165
2026-09-15,GOLDTEN,2027-02-26,157137.0,157138.0,156000.0,156543.0,156789.0,182,351,284.7,GOLDTEN_26FEB2027.xls,False,15669.969969969969,164
2026-09-16,GOLDTEN,2027-02-26,157591.0,158208.0,157100.0,157926.0,156543.0,173,338,272.84,GOLDTEN_26FEB2027.xls,False,15808.408408408408,163
2026-09-17,GOLDTEN,2027-02-26,156500.0,158874.0,156342.0,158514.0,157926.0,253,385,398.68,GOLDTEN_26FEB2027.xls,False,15867.267267267267,162
2026-09-18,GOLDTEN,2027-02-26,158316.0,160202.0,158316.0,159997.0,158514.0,333,405,531.2,GOLDTEN_26FEB2027.xls,False,16015.715715715716,161
2026-09-21,GOLDTEN,2027-02-26,159597.0,160000.0,159000.0,159458.0,159997.0,331,401,527.81,GOLDTEN_26FEB2027.xls,False,15961.761761761762,158
2026-09-22,GOLDTEN,2027-02-26,159711.0,159712.0,158335.0,159167.0,159458.0,209,438,332.46,GOLDTEN_26FEB2027.xls,False,15932.632632632633,157
2026-09-23,GOLDTEN,2027-02-26,159213.0,159399.0,158001.0,158325.0,159167.0,205,465,324.86,GOLDTEN_26FEB2027.xls,False,15848.348348348349,156
2026-09-24,GOLDTEN,2027-02-26,157908.0,158300.0,157056.0,157682.0,158325.0,169,492,266.34,GOLDTEN_26FEB2027.xls,False,15783.983983983984,155
2026-09-25,GOLDTEN,2027-02-26,157846.0,158638.0,157400.0,157749.0,157682.0,236,554,372.86,GOLDTEN_26FEB2027.xls,False,15790.69069069069,154
